namespace NTOSEmulator.Libs
{
    public static class SpriteRenderer
    {
        private static readonly byte[] sprites = {
    0x00, 0x00, 0x00, 0x00, 0x00, 0x00, 0x00, 0x00, 0x00, 0x00, 0x00, 0x00, 0x00, 0x00, 0x00, 0x00,
    0x00, 0x00, 0x00, 0x00, 0x00, 0x00, 0x00, 0x00, 0x00, 0x00, 0x00, 0x00, 0x00, 0x00, 0x00, 0x00,
    0x00, 0x00, 0x01, 0x00, 0x05, 0x40, 0x20, 0x02, 0x30, 0x00, 0x11, 0x8C, 0x01, 0xDC, 0x00, 0xD8,
    0x40, 0x50, 0x00, 0x00, 0x02, 0x00, 0x26, 0x00, 0x34, 0x08, 0x10, 0x0C, 0x00, 0x84, 0x00, 0x00,
    0x00, 0x00, 0x41, 0x04, 0x0C, 0x70, 0x2C, 0x72, 0x00, 0x70, 0x0B, 0x00, 0x63, 0x26, 0x60, 0x06,
    0x0E, 0x60, 0x0E, 0x68, 0x4E, 0x00, 0x00, 0x42, 0x38, 0x18, 0x38, 0x98, 0x38, 0x00, 0x00, 0x00,
    0x00, 0x00, 0x00, 0x80, 0x08, 0x00, 0x03, 0xB0, 0x1B, 0xB4, 0x1B, 0x80, 0x00, 0x38, 0x5D, 0xB8,
    0x1D, 0xBA, 0x1C, 0x00, 0x01, 0xD8, 0x2D, 0xD8, 0x0D, 0xC0, 0x00, 0x10, 0x01, 0x00, 0x00, 0x00,
    0x00, 0x00, 0x08, 0x20, 0x03, 0x80, 0x1B, 0xB8, 0x1B, 0xBA, 0x5B, 0x80, 0x00, 0x3C, 0x3D, 0xBC,
    0x3D, 0xBC, 0x3C, 0x00, 0x01, 0xDA, 0x5D, 0xD8, 0x1D, 0xD8, 0x01, 0xC0, 0x04, 0x10, 0x00, 0x00,
    0x00, 0x00, 0x00, 0x20, 0x08, 0x32, 0x2A, 0x16, 0x00, 0x04, 0x00, 0x00, 0x00, 0x00, 0x00, 0x00,
    0x04, 0x08, 0x4C, 0x2A, 0x68, 0x00, 0x20, 0x00, 0x00, 0x00, 0x01, 0x00, 0x05, 0x40, 0x00, 0x00,
    0x00, 0x00, 0x00, 0x00, 0x11, 0x04, 0x2B, 0x10, 0x12, 0x28, 0x40, 0x10, 0x04, 0x42, 0x20, 0x06,
    0x31, 0x04, 0x12, 0x90, 0x01, 0x00, 0x10, 0x08, 0x28, 0x14, 0x10, 0x48, 0x00, 0x00, 0x00, 0x00,
    0x00, 0x00, 0x40, 0x40, 0x60, 0xC2, 0x20, 0x86, 0x00, 0x04, 0x04, 0x10, 0x06, 0x18, 0x22, 0x08,
    0x60, 0x20, 0x40, 0x64, 0x00, 0x46, 0x02, 0x02, 0x43, 0x08, 0x61, 0x18, 0x20, 0x10, 0x00, 0x00,
    0x5F, 0xFA, 0x5F, 0xFA, 0x5E, 0x7A, 0x4E, 0x72, 0x4E, 0x72, 0x5E, 0x7A, 0x5F, 0xFA, 0x5F, 0xFA,
    0x5F, 0xFA, 0x5F, 0xFA, 0x5E, 0x7A, 0x4E, 0x72, 0x4E, 0x72, 0x5E, 0x7A, 0x5F, 0xFA, 0x5F, 0xFA,
    0x00, 0x00, 0x07, 0xFF, 0x1C, 0x00, 0x31, 0xE7, 0x27, 0xFF, 0x6F, 0xFF, 0x4F, 0xFF, 0x5F, 0xC3,
    0x5F, 0xC3, 0x5F, 0xFF, 0x5E, 0x7F, 0x4E, 0x7F, 0x4E, 0x7F, 0x5E, 0x78, 0x5F, 0xFB, 0x5F, 0xFA,
    0x5F, 0xFA, 0x5F, 0xFB, 0x5E, 0x78, 0x4E, 0x7F, 0x4E, 0x7F, 0x5E, 0x7F, 0x5F, 0xFF, 0x5F, 0xC3,
    0x5F, 0xC3, 0x5F, 0xFF, 0x5E, 0x7F, 0x4E, 0x7F, 0x4E, 0x7F, 0x5E, 0x78, 0x5F, 0xFB, 0x5F, 0xFA,
    0x5F, 0xFA, 0xDF, 0xFB, 0x1E, 0x78, 0xFE, 0x7F, 0xFE, 0x7F, 0xFE, 0x7F, 0xFF, 0xFF, 0xC3, 0xC3,
    0xC3, 0xC3, 0xFF, 0xFF, 0xFE, 0x7F, 0xFE, 0x7F, 0xFE, 0x7F, 0x1E, 0x78, 0xDF, 0xFB, 0x5F, 0xFA,
    0x00, 0x00, 0x00, 0x00, 0x00, 0x00, 0x00, 0x00, 0x00, 0x00, 0x3F, 0xFC, 0x60, 0x06, 0x4F, 0xF2,
    0x5F, 0xFA, 0x5F, 0xFA, 0x5E, 0x7A, 0x4E, 0x72, 0x4E, 0x72, 0x5E, 0x7A, 0x5F, 0xFA, 0x5F, 0xFA,
    0x00, 0x00, 0x00, 0x02, 0x00, 0x02, 0x00, 0x02, 0x00, 0x02, 0x00, 0x02, 0x00, 0x02, 0x00, 0x02,
    0x00, 0x02, 0x00, 0x02, 0x00, 0x02, 0x00, 0x02, 0x00, 0x02, 0x00, 0x02, 0x00, 0x02, 0x00, 0x00,
    0x00, 0x02, 0x00, 0x02, 0x00, 0x02, 0x00, 0x02, 0x00, 0x1E, 0x00, 0x10, 0x00, 0x16, 0x00, 0x10,
    0x00, 0x10, 0x00, 0x16, 0x00, 0x10, 0x00, 0x1E, 0x00, 0x02, 0x00, 0x02, 0x00, 0x02, 0x00, 0x02,
    0x00, 0x00, 0x00, 0x02, 0x00, 0x02, 0x00, 0x02, 0x00, 0x02, 0x00, 0x02, 0x00, 0x02, 0x00, 0x02,
    0x00, 0x02, 0x00, 0x02, 0x00, 0x02, 0x00, 0x02, 0x00, 0x02, 0x00, 0x02, 0x7F, 0xFE, 0x00, 0x00,
    0x00, 0x00, 0x6F, 0xB6, 0x6F, 0xB6, 0x60, 0x30, 0x6D, 0xB6, 0x6D, 0xB6, 0x01, 0x80, 0x6D, 0xBE,
    0x6D, 0xBE, 0x0C, 0x00, 0x6D, 0xF6, 0x6D, 0xF6, 0x60, 0x06, 0x6F, 0xB6, 0x6F, 0xB6, 0x00, 0x00,
    0x00, 0x00, 0x3B, 0x8E, 0x5B, 0x56, 0x6A, 0xDA, 0x71, 0xDC, 0x00, 0x00, 0x71, 0xDC, 0x6A, 0xDA,
    0x5B, 0x56, 0x3B, 0x8E, 0x00, 0x00, 0x3B, 0x8E, 0x5B, 0x56, 0x6A, 0xDA, 0x71, 0xDC, 0x00, 0x00,
    0xFF, 0xFF, 0xF7, 0x77, 0xC0, 0x00, 0x8E, 0xEA, 0xCE, 0xE4, 0xC0, 0x00, 0xD2, 0x77, 0x95, 0x77,
    0xC0, 0x00, 0xCE, 0x00, 0xC0, 0x00, 0x9C, 0x00, 0xDC, 0x00, 0xC0, 0x00, 0xCE, 0x00, 0x80, 0x00,
    0xFF, 0xFF, 0x77, 0x77, 0x00, 0x00, 0xEE, 0xEA, 0xEE, 0xE4, 0x00, 0x00, 0x72, 0x77, 0x75, 0x77,
    0x00, 0x00, 0x1C, 0x00, 0x00, 0x00, 0x00, 0x00, 0x00, 0x00, 0x00, 0x00, 0x00, 0x00, 0x00, 0x00,
    0xFF, 0xFF, 0x77, 0x77, 0x00, 0x03, 0xE4, 0xE9, 0xEA, 0xE3, 0x00, 0x03, 0x77, 0x73, 0x70, 0x71,
    0x00, 0x03, 0x00, 0xAB, 0x00, 0x43, 0x00, 0x01, 0x00, 0x73, 0x00, 0x03, 0x00, 0x1B, 0x00, 0x01,
    0x00, 0x00, 0x00, 0x00, 0x00, 0x00, 0x00, 0x00, 0x00, 0x00, 0x00, 0x00, 0x00, 0x00, 0x30, 0x0C,
    0x30, 0x0C, 0x37, 0xEC, 0x37, 0xEC, 0x30, 0x0C, 0x30, 0x0C, 0x37, 0xEC, 0x37, 0xEC, 0x30, 0x0C,
    0x00, 0x00, 0x00, 0x00, 0x00, 0x00, 0x00, 0x00, 0x00, 0x00, 0x00, 0x00, 0x00, 0x00, 0x18, 0x18,
    0x18, 0x18, 0x2C, 0x2C, 0x2C, 0x2C, 0x2C, 0x2C, 0x4E, 0x4E, 0x4E, 0x4E, 0xFF, 0xFF, 0x80, 0x01,
    0xFF, 0xFF, 0x80, 0x01, 0xBF, 0xFD, 0xA0, 0x05, 0xA9, 0x95, 0xA3, 0xC5, 0xA3, 0xC5, 0xA1, 0x85,
    0xA1, 0x85, 0xA0, 0x05, 0xA1, 0x85, 0xA9, 0x95, 0xA0, 0x05, 0xBF, 0xFD, 0x80, 0x01, 0xFF, 0xFF,
    0x00, 0x00, 0x07, 0xE0, 0x0F, 0xF0, 0x08, 0x10, 0x0B, 0xD0, 0x09, 0x90, 0x0B, 0xD0, 0x1A, 0x58,
    0x3C, 0x3C, 0x3E, 0x7C, 0x36, 0x6C, 0x34, 0x2C, 0x06, 0x60, 0x16, 0x68, 0x06, 0x60, 0x00, 0x00,
    0x00, 0x00, 0x03, 0xC0, 0x07, 0xE0, 0x07, 0xE0, 0x05, 0xA0, 0x07, 0xE0, 0x03, 0xC0, 0x18, 0x18,
    0x3F, 0xFC, 0x27, 0xE4, 0x27, 0xE4, 0x37, 0xEC, 0x34, 0x2C, 0x04, 0x20, 0x04, 0x20, 0x00, 0x00,
    0x00, 0x00, 0x03, 0xC2, 0x07, 0xE2, 0x07, 0xE6, 0x05, 0xA0, 0x07, 0xE2, 0x03, 0xC2, 0x18, 0x1A,
    0x3C, 0xF0, 0x26, 0x66, 0x27, 0x26, 0x37, 0x80, 0x34, 0x22, 0x04, 0x22, 0x04, 0x22, 0x00, 0x00,
    0x00, 0x00, 0x03, 0xC0, 0x07, 0xE4, 0x07, 0xE4, 0x05, 0xA4, 0x07, 0xE4, 0x03, 0xC4, 0x00, 0x04,
    0x3D, 0xF4, 0x42, 0xE0, 0x5A, 0xEE, 0x5A, 0xE4, 0x42, 0x34, 0x3C, 0x20, 0x08, 0x20, 0x00, 0x00,
    0x00, 0x00, 0x03, 0xC0, 0x07, 0xE4, 0x07, 0xE4, 0x04, 0x24, 0x06, 0x64, 0x06, 0x64, 0x00, 0x04,
    0x7E, 0xF4, 0x42, 0xE0, 0x5A, 0x0E, 0x5A, 0xE0, 0x5A, 0x34, 0x42, 0x20, 0x3C, 0x20, 0x00, 0x00,
    0x00, 0x00, 0x03, 0xC4, 0x07, 0xE4, 0x07, 0xE4, 0x04, 0x2A, 0x06, 0x60, 0x06, 0x64, 0x00, 0x04,
    0x7E, 0xF4, 0x42, 0xF0, 0x5A, 0x06, 0x5A, 0xF6, 0x5A, 0x20, 0x42, 0x24, 0x3C, 0x24, 0x00, 0x00,
    0x00, 0x00, 0x03, 0xC0, 0x07, 0xE0, 0x07, 0xE0, 0x04, 0x20, 0x06, 0x60, 0x32, 0x4C, 0x38, 0x1C,
    0x0F, 0xF0, 0x21, 0x84, 0x27, 0xE4, 0x37, 0xEC, 0x30, 0x0C, 0x04, 0x20, 0x04, 0x20, 0x00, 0x00,
    0x00, 0x00, 0x03, 0xC0, 0x27, 0xE4, 0x1F, 0xF8, 0x04, 0x24, 0x06, 0x64, 0x02, 0x44, 0x18, 0x14,
    0x01, 0xF4, 0x7E, 0xE4, 0x42, 0x6E, 0x5A, 0x00, 0x5A, 0xE4, 0x66, 0x20, 0x3C, 0x20, 0x00, 0x00,
    0x00, 0x00, 0x03, 0xC0, 0x0E, 0x70, 0x1F, 0xF8, 0x1E, 0x78, 0x3F, 0xFC, 0x3E, 0x7C, 0x27, 0xE4,
    0x21, 0x84, 0x30, 0x0C, 0x36, 0x6C, 0x1E, 0x78, 0x1E, 0x78, 0x06, 0x60, 0x06, 0x60, 0x00, 0x00,
    0x00, 0x00, 0x03, 0xC0, 0x0F, 0xF0, 0x1F, 0xF8, 0x1F, 0xF8, 0x3F, 0xFC, 0x20, 0x04, 0x3F, 0xFC,
    0x11, 0x88, 0x31, 0x8C, 0x19, 0x98, 0x18, 0x18, 0x18, 0x18, 0x08, 0x10, 0x08, 0x10, 0x00, 0x00,
    0x00, 0x00, 0x03, 0xC0, 0x0F, 0xF0, 0x1F, 0xF8, 0x1F, 0xF8, 0x3F, 0xFC, 0x20, 0x04, 0x3F, 0xFC,
    0x31, 0x8C, 0x31, 0x8C, 0x39, 0x9C, 0x10, 0x08, 0x10, 0x08, 0x10, 0x08, 0x08, 0x10, 0x00, 0x00,
    0x00, 0x00, 0x03, 0xC0, 0x0E, 0x70, 0x1F, 0xF8, 0x1F, 0xF8, 0x3F, 0xFC, 0x20, 0x04, 0x3F, 0xFC,
    0x33, 0xCC, 0x30, 0x0C, 0x30, 0x0C, 0x1C, 0x38, 0x1C, 0x38, 0x0C, 0x30, 0x04, 0x20, 0x00, 0x00,
    0x00, 0x00, 0x01, 0x80, 0x01, 0x80, 0x05, 0xA0, 0x0B, 0xD0, 0x0B, 0xD0, 0x1C, 0x38, 0x1F, 0xF8,
    0x13, 0xC8, 0x11, 0x88, 0x11, 0x88, 0x1D, 0xB8, 0x1C, 0x38, 0x1C, 0x38, 0x0C, 0x30, 0x00, 0x00,
    0x00, 0x00, 0x03, 0xC0, 0x0B, 0xD0, 0x1B, 0xD8, 0x1C, 0x38, 0x3F, 0xFC, 0x30, 0x0C, 0x25, 0xC4,
    0x22, 0xE4, 0x21, 0x74, 0x30, 0x0C, 0x1C, 0x38, 0x0F, 0xF0, 0x13, 0xC8, 0x0C, 0x30, 0x00, 0x00,
    0x00, 0x00, 0x03, 0xC0, 0x0F, 0xF0, 0x1F, 0xF8, 0x1F, 0xF8, 0x3E, 0xBC, 0x1D, 0x78, 0x7F, 0xFE,
    0x00, 0x00, 0x3F, 0xFC, 0x00, 0x00, 0x10, 0x08, 0x10, 0x08, 0x10, 0x08, 0x08, 0x10, 0x00, 0x00,
    0x00, 0x00, 0x10, 0x08, 0x18, 0x18, 0x1C, 0x38, 0x1E, 0x78, 0x1E, 0x78, 0x02, 0x40, 0x0E, 0x70,
    0x1E, 0x78, 0x1C, 0x38, 0x3A, 0x5C, 0x34, 0x2C, 0x48, 0x12, 0x30, 0x0C, 0x00, 0x00, 0x00, 0x00,
    0x00, 0x00, 0x10, 0x08, 0x18, 0x18, 0x1C, 0x38, 0x3C, 0x3C, 0x06, 0x60, 0x1A, 0x58, 0x1E, 0x78,
    0x1E, 0x78, 0x04, 0x20, 0x3A, 0x5C, 0x34, 0x2C, 0x48, 0x12, 0x30, 0x0C, 0x00, 0x00, 0x00, 0x00,
    0x00, 0x00, 0x00, 0x28, 0x00, 0x2A, 0x00, 0x3E, 0x00, 0xBE, 0x14, 0xE2, 0x54, 0x5C, 0x7C, 0x3E,
    0x7D, 0x3E, 0x47, 0x22, 0x3A, 0x1C, 0x7C, 0x00, 0x7C, 0x00, 0x44, 0x00, 0x38, 0x00, 0x00, 0x00,
    0x00, 0x00, 0x00, 0x28, 0x00, 0x2A, 0x00, 0x3E, 0x00, 0xA2, 0x14, 0xEA, 0x54, 0x5C, 0x7C, 0x3E,
    0x45, 0x3E, 0x57, 0x22, 0x3A, 0x3E, 0x7C, 0x00, 0x7C, 0x00, 0x44, 0x00, 0x7C, 0x00, 0x00, 0x00,
    0x00, 0x00, 0x00, 0x00, 0x07, 0xE0, 0x0F, 0xF0, 0x77, 0xEE, 0x77, 0xEE, 0x77, 0xEE, 0x74, 0x2E,
    0x78, 0xDE, 0x40, 0x02, 0x40, 0x02, 0x3C, 0x3C, 0x42, 0x42, 0x5B, 0xDA, 0x18, 0x18, 0x00, 0x00,
    0x00, 0x00, 0x00, 0x00, 0x00, 0x00, 0x07, 0xE0, 0x0F, 0xF0, 0x77, 0xEE, 0x77, 0xEE, 0x77, 0xEE,
    0x74, 0x2E, 0x78, 0xDE, 0x40, 0x02, 0x3C, 0x3C, 0x42, 0x42, 0x5B, 0xDA, 0x18, 0x18, 0x00, 0x00,
    0x00, 0x00, 0x00, 0x00, 0x00, 0x00, 0x00, 0x20, 0x0C, 0x30, 0x77, 0xEE, 0x74, 0x2E, 0x75, 0xAE,
    0x75, 0xAE, 0x7F, 0xFE, 0x41, 0x82, 0x3C, 0x3C, 0x42, 0x42, 0x5B, 0xDA, 0x18, 0x18, 0x00, 0x00,
    0x00, 0x00, 0x0F, 0xF0, 0x10, 0x08, 0x1F, 0xF8, 0x1B, 0xD8, 0x13, 0xC8, 0x13, 0xC8, 0x13, 0xC8,
    0x14, 0x28, 0x18, 0x18, 0x1F, 0xF8, 0x1F, 0xF8, 0x14, 0x28, 0x1F, 0xF8, 0x0C, 0x30, 0x00, 0x00,
    0x00, 0x00, 0x0B, 0xD0, 0x07, 0xE0, 0x0B, 0xD0, 0x07, 0xE0, 0x2C, 0x34, 0x29, 0x94, 0x2A, 0x54,
    0x2A, 0x54, 0x29, 0x94, 0x2C, 0x34, 0x07, 0xE0, 0x0B, 0xD0, 0x07, 0xE0, 0x0B, 0xD0, 0x00, 0x00,
    0x00, 0x00, 0x00, 0x00, 0x00, 0x00, 0x00, 0x00, 0x08, 0x00, 0x38, 0x00, 0x08, 0x00, 0x08, 0x00,
    0x0F, 0xF0, 0x08, 0xA0, 0x07, 0x60, 0x08, 0xA0, 0x0A, 0xB8, 0x08, 0x80, 0x07, 0x08, 0x00, 0x00,
    0x00, 0x00, 0x01, 0x80, 0x01, 0x80, 0x03, 0xC0, 0x03, 0xC0, 0x07, 0xE0, 0x07, 0xE0, 0x0F, 0xF0,
    0x0F, 0xF0, 0x1F, 0xF8, 0x1F, 0xF8, 0x1F, 0xF8, 0x0F, 0xF0, 0x00, 0x00, 0x01, 0x80, 0x00, 0x00,
    0x00, 0x00, 0x01, 0x80, 0x01, 0x80, 0x03, 0xC0, 0x03, 0xC0, 0x07, 0xE0, 0x03, 0xC0, 0x04, 0x20,
    0x0F, 0xF0, 0x07, 0xE0, 0x18, 0x18, 0x1F, 0xF8, 0x0F, 0xF0, 0x00, 0x00, 0x01, 0x80, 0x00, 0x00,
    0x00, 0x00, 0x01, 0x80, 0x03, 0xC0, 0x03, 0xC0, 0x07, 0xE0, 0x07, 0xE0, 0x0F, 0xF0, 0x0F, 0xF0,
    0x0F, 0xF0, 0x0F, 0xF0, 0x0F, 0xF0, 0x07, 0xE0, 0x00, 0x00, 0x01, 0x80, 0x01, 0x80, 0x00, 0x00,
    0x00, 0x00, 0x00, 0x10, 0x00, 0x38, 0x00, 0x7C, 0x08, 0x7C, 0x1C, 0xFE, 0x3E, 0xFE, 0x3E, 0xFE,
    0x7F, 0x7E, 0x7F, 0x7E, 0x7F, 0x7E, 0x7F, 0x7C, 0x3E, 0x00, 0x00, 0x10, 0x08, 0x00, 0x00, 0x00,
    0x00, 0x00, 0x03, 0xC0, 0x07, 0xE0, 0x07, 0xE0, 0x0F, 0xF0, 0x0F, 0xF0, 0x1F, 0xF8, 0x1F, 0xF8,
    0x1F, 0xF8, 0x1F, 0xF8, 0x1F, 0xF8, 0x1F, 0xF8, 0x0F, 0xF0, 0x00, 0x00, 0x01, 0x80, 0x00, 0x00,
    0x00, 0x00, 0x1F, 0xF8, 0x3F, 0xFC, 0x3F, 0xFC, 0x3F, 0xFC, 0x3F, 0xFC, 0x3F, 0xFC, 0x3F, 0xFC,
    0x3F, 0xFC, 0x10, 0x08, 0x05, 0xA0, 0x03, 0xC0, 0x01, 0x80, 0x01, 0x80, 0x01, 0x80, 0x00, 0x00,
    0x00, 0x00, 0x01, 0x80, 0x03, 0xC0, 0x03, 0xC0, 0x03, 0xD8, 0x03, 0xD8, 0x03, 0xD8, 0x1B, 0xD8,
    0x1B, 0xF8, 0x1B, 0xF0, 0x1B, 0xC0, 0x1F, 0xC0, 0x0F, 0xC0, 0x03, 0xC0, 0x03, 0xC0, 0x00, 0x00,
    0x00, 0x00, 0x00, 0x00, 0x00, 0x30, 0x00, 0x30, 0x0C, 0xB0, 0x0C, 0xB4, 0x0C, 0x74, 0x0C, 0x38,
    0x0D, 0x30, 0x2D, 0x30, 0x2E, 0x00, 0x2C, 0x00, 0x1C, 0x00, 0x0C, 0x00, 0x00, 0x00, 0x00, 0x00,
    0x1F, 0xF8, 0x1F, 0xF8, 0x0F, 0xFC, 0x2F, 0xF4, 0x2F, 0xFC, 0x0F, 0xFC, 0x1F, 0xF8, 0x1F, 0xFA,
    0x17, 0xFA, 0x1F, 0xF8, 0x0F, 0xFC, 0x2F, 0xFC, 0x2F, 0xF4, 0x0F, 0xFC, 0x1F, 0xF8, 0x17, 0xF8,
    0x00, 0x00, 0x00, 0x00, 0x00, 0x18, 0x01, 0xC3, 0x07, 0x7F, 0x0F, 0xFF, 0x0F, 0xFF, 0x1F, 0xFF,
    0x17, 0xFF, 0x1F, 0xFF, 0x0F, 0xFF, 0x2F, 0xFF, 0x2F, 0xFF, 0x0F, 0xFC, 0x1F, 0xF8, 0x1F, 0xF8,
    0x1F, 0xF8, 0x1F, 0xF8, 0x0F, 0xFC, 0x2F, 0xFF, 0x2F, 0xFF, 0x0F, 0xFF, 0x1F, 0xFF, 0x1F, 0xFF,
    0x17, 0xFF, 0x1F, 0xFF, 0x0F, 0xFF, 0x2F, 0xFF, 0x2F, 0xF7, 0x0F, 0xFC, 0x1F, 0xF8, 0x17, 0xF8,
    0x1F, 0xF8, 0x1F, 0xF8, 0x3F, 0xFC, 0xFF, 0xF7, 0xFF, 0xFF, 0xFF, 0xFF, 0xFF, 0xFF, 0xFF, 0xFF,
    0xFF, 0xFF, 0xFF, 0xFF, 0xFF, 0xFF, 0xFF, 0xFF, 0xFF, 0xFF, 0x3F, 0xFC, 0x1F, 0xF8, 0x17, 0xF8,
    0x00, 0x00, 0x00, 0x00, 0x01, 0x80, 0x07, 0xE0, 0x0F, 0xF0, 0x0F, 0xD0, 0x1F, 0xF8, 0x57, 0xF8,
    0x5F, 0xF8, 0x1F, 0xF8, 0x3F, 0xF0, 0x3F, 0xF4, 0x3F, 0xF4, 0x3F, 0xF0, 0x1F, 0xF8, 0x1F, 0xE8,
    0x00, 0x00, 0x01, 0x80, 0x01, 0x80, 0x00, 0x00, 0x00, 0x00, 0x00, 0x00, 0x01, 0x80, 0x01, 0x80,
    0x01, 0x80, 0x01, 0x80, 0x00, 0x00, 0x00, 0x00, 0x00, 0x00, 0x01, 0x80, 0x01, 0x80, 0x00, 0x00,
    0x00, 0x00, 0x01, 0x80, 0x01, 0x80, 0x00, 0x00, 0x00, 0x00, 0x01, 0x80, 0x01, 0x80, 0x01, 0xE6,
    0x00, 0xE6, 0x00, 0x00, 0x00, 0x00, 0x00, 0x00, 0x00, 0x00, 0x00, 0x00, 0x00, 0x00, 0x00, 0x00,
    0x00, 0x00, 0x01, 0x80, 0x01, 0x80, 0x00, 0x00, 0x00, 0x00, 0x01, 0x80, 0x01, 0x80, 0x67, 0xE6,
    0x66, 0x66, 0x00, 0x00, 0x00, 0x00, 0x00, 0x00, 0x00, 0x00, 0x00, 0x00, 0x00, 0x00, 0x00, 0x00,
    0x00, 0x00, 0x01, 0x80, 0x01, 0x80, 0x00, 0x00, 0x00, 0x00, 0x01, 0x80, 0x01, 0x80, 0x67, 0xE6,
    0x67, 0xE6, 0x01, 0x80, 0x01, 0x80, 0x00, 0x00, 0x00, 0x00, 0x01, 0x80, 0x01, 0x80, 0x00, 0x00,
    0x00, 0x00, 0x06, 0x00, 0x06, 0x00, 0x06, 0x60, 0x00, 0x60, 0x06, 0x60, 0x00, 0x00, 0x00, 0x60,
    0x06, 0x00, 0x06, 0x00, 0x06, 0x60, 0x00, 0x60, 0x06, 0x60, 0x00, 0x00, 0x00, 0x60, 0x00, 0x00,
    0xC0, 0x00, 0xDD, 0x40, 0xDC, 0x98, 0x80, 0x00, 0xCE, 0x00, 0xCE, 0x00, 0xC0, 0x00, 0x89, 0x00,
    0xD5, 0x00, 0xC0, 0x00, 0xCE, 0xC0, 0x8E, 0x00, 0xC0, 0x00, 0xDD, 0xC0, 0xDD, 0xD8, 0x80, 0x00,
    0x00, 0x00, 0x00, 0x00, 0x01, 0x80, 0x00, 0x00, 0x0E, 0xD0, 0x00, 0x00, 0x03, 0x56, 0x5B, 0x20,
    0x00, 0x00, 0x0C, 0x98, 0x01, 0x40, 0x04, 0x10, 0x00, 0xC0, 0x00, 0x00, 0x00, 0x00, 0x00, 0x00,
    0x00, 0x03, 0x00, 0x33, 0x00, 0x33, 0x01, 0x81, 0x00, 0x3B, 0x03, 0xBB, 0x00, 0x03, 0x00, 0xE9,
    0x00, 0xEB, 0x00, 0x03, 0x00, 0x13, 0x00, 0x29, 0x00, 0x03, 0x02, 0x73, 0x05, 0x73, 0x00, 0x01,
    0x30, 0x0C, 0x37, 0xEC, 0x37, 0xEC, 0x30, 0x0C, 0x30, 0x0C, 0x37, 0xEC, 0x37, 0xEC, 0x30, 0x0C,
    0x30, 0x0C, 0x37, 0xEC, 0x37, 0xEC, 0x30, 0x0C, 0x30, 0x0C, 0x37, 0xEC, 0x37, 0xEC, 0x30, 0x0C,
    0x20, 0xAC, 0x20, 0x9C, 0x20, 0xAC, 0x20, 0x9C, 0x20, 0xAC, 0x20, 0x9C, 0x20, 0xAC, 0x20, 0x9C,
    0x20, 0xAC, 0x20, 0x9C, 0x20, 0xAC, 0x20, 0x9C, 0x20, 0xAC, 0x20, 0x9C, 0x20, 0xAC, 0x20, 0x9C,
    0x7F, 0xFE, 0xFF, 0xFF, 0xC0, 0x03, 0xDF, 0xFB, 0xD6, 0x6B, 0xDC, 0x3B, 0xDC, 0x3B, 0xDE, 0x7B,
    0xDE, 0x7B, 0xDF, 0xFB, 0xDE, 0x7B, 0xD6, 0x6B, 0xDF, 0xFB, 0xC0, 0x03, 0xFF, 0xFF, 0x7F, 0xFE,
    0x00, 0x00, 0x1F, 0xE4, 0x2F, 0xF6, 0x08, 0x14, 0x0B, 0xD6, 0x09, 0x92, 0x0A, 0x52, 0x18, 0x1A,
    0x3C, 0x3A, 0x3E, 0x70, 0x3F, 0xE6, 0x06, 0x66, 0x16, 0x60, 0x06, 0x62, 0x06, 0x62, 0x00, 0x00,
    0x00, 0x00, 0x03, 0xC0, 0x07, 0xE2, 0x00, 0x02, 0x1F, 0xFA, 0x05, 0xA2, 0x03, 0xC2, 0x18, 0x1A,
    0x3F, 0xF0, 0x27, 0xE6, 0x20, 0x06, 0x37, 0xE0, 0x37, 0xE2, 0x04, 0x22, 0x04, 0x22, 0x00, 0x00,
    0x00, 0x00, 0x07, 0xE0, 0x0C, 0x30, 0x0A, 0x10, 0x0B, 0x10, 0x0D, 0xB0, 0x1B, 0xD8, 0x10, 0x08,
    0x03, 0xC0, 0x17, 0xE8, 0x17, 0xE8, 0x10, 0x08, 0x16, 0x68, 0x07, 0xE0, 0x07, 0xE0, 0x00, 0x00,
    0x00, 0x00, 0x03, 0xC0, 0x04, 0x20, 0x03, 0xC0, 0x05, 0xA0, 0x07, 0xE0, 0x03, 0xC0, 0x18, 0x18,
    0x3E, 0x7C, 0x36, 0x6C, 0x06, 0x60, 0x30, 0x0C, 0x37, 0xEC, 0x04, 0x20, 0x04, 0x20, 0x00, 0x00,
    0x00, 0x00, 0x03, 0xC0, 0x04, 0x20, 0x07, 0xE0, 0x05, 0xA0, 0x07, 0xE0, 0x03, 0xC0, 0x18, 0x18,
    0x3C, 0xFC, 0x06, 0x60, 0x27, 0x24, 0x30, 0x0C, 0x37, 0xEC, 0x04, 0x20, 0x04, 0x20, 0x00, 0x00,
    0x00, 0x00, 0x03, 0xC0, 0x07, 0xE0, 0x07, 0xE0, 0x05, 0xA0, 0x06, 0x60, 0x09, 0x90, 0x18, 0x18,
    0x3E, 0x7C, 0x34, 0x2C, 0x34, 0x2C, 0x00, 0x00, 0x17, 0xE8, 0x04, 0x20, 0x04, 0x20, 0x00, 0x00,
    0x00, 0x00, 0x03, 0xC0, 0x07, 0xE0, 0x08, 0x10, 0x0B, 0xD0, 0x09, 0x90, 0x0B, 0xD0, 0x19, 0x98,
    0x3C, 0x3C, 0x3F, 0xFC, 0x07, 0xE0, 0x10, 0x08, 0x15, 0xE8, 0x07, 0xE0, 0x04, 0x20, 0x00, 0x00,
    0x00, 0x00, 0x03, 0xC2, 0x07, 0xE6, 0x08, 0x14, 0x0B, 0xD6, 0x09, 0x92, 0x0B, 0xD2, 0x19, 0x9A,
    0x3C, 0x3A, 0x1F, 0xF0, 0x47, 0xE6, 0x60, 0x06, 0x05, 0xE0, 0x07, 0xE2, 0x04, 0x22, 0x00, 0x00,
    0x00, 0x00, 0x00, 0x00, 0x03, 0xC0, 0x1C, 0x38, 0x2C, 0x34, 0x2F, 0xF4, 0x2F, 0xF4, 0x19, 0x98,
    0x0F, 0xF0, 0x0C, 0x30, 0x0B, 0xD0, 0x0B, 0xD0, 0x0B, 0xD0, 0x07, 0xE0, 0x00, 0x00, 0x00, 0x00,
    0x00, 0x00, 0x00, 0x00, 0x03, 0xC0, 0x34, 0x2C, 0x74, 0x2E, 0x7B, 0xDE, 0x7C, 0x3E, 0x03, 0xC0,
    0x6F, 0xF6, 0x2E, 0x74, 0x08, 0x10, 0x08, 0x10, 0x0C, 0x30, 0x07, 0xE0, 0x00, 0x00, 0x00, 0x00,
    0x00, 0x00, 0x00, 0x00, 0x03, 0xC0, 0x04, 0x20, 0x34, 0x2C, 0x7B, 0xDE, 0x7C, 0x3E, 0x03, 0xC0,
    0x6F, 0xF6, 0x6E, 0x76, 0x20, 0x04, 0x37, 0xEC, 0x07, 0xE0, 0x07, 0xE0, 0x00, 0x00, 0x00, 0x00,
    0x00, 0x00, 0x00, 0x00, 0x03, 0xC0, 0x34, 0x2C, 0x74, 0x2E, 0x7B, 0xDE, 0x64, 0x26, 0x03, 0xC0,
    0x6F, 0xF6, 0x2E, 0x74, 0x00, 0x00, 0x09, 0x90, 0x0D, 0xB0, 0x05, 0xA0, 0x01, 0x80, 0x00, 0x00,
    0x00, 0x00, 0x00, 0x00, 0x03, 0xC0, 0x04, 0x20, 0x34, 0x2C, 0x7B, 0xDE, 0x7F, 0xFE, 0x0C, 0x30,
    0x66, 0x66, 0x6B, 0xD6, 0x4D, 0xB2, 0x60, 0x06, 0x27, 0xE4, 0x03, 0xC0, 0x00, 0x00, 0x00, 0x00,
    0x00, 0x00, 0x00, 0x00, 0x03, 0xC0, 0x04, 0x20, 0x1C, 0x38, 0x3E, 0x7C, 0x3E, 0x7C, 0x36, 0x6C,
    0x36, 0x6C, 0x36, 0x6C, 0x06, 0x60, 0x0E, 0x70, 0x0E, 0x70, 0x06, 0x60, 0x00, 0x00, 0x00, 0x00,
    0x00, 0x00, 0x01, 0x80, 0x03, 0xC0, 0x06, 0x60, 0x04, 0x20, 0x04, 0x20, 0x0C, 0x30, 0x1C, 0x38,
    0x1E, 0x78, 0x36, 0x6C, 0x36, 0x6C, 0x36, 0x6C, 0x06, 0x60, 0x0E, 0x70, 0x0C, 0x30, 0x00, 0x00,
    0x00, 0x00, 0x00, 0x00, 0x32, 0x4C, 0x32, 0x4C, 0x1A, 0x58, 0x1A, 0x58, 0x1E, 0x78, 0x1E, 0x78,
    0x3E, 0x7C, 0x7C, 0x3E, 0x7A, 0x5E, 0x34, 0x2C, 0x48, 0x12, 0x30, 0x0C, 0x00, 0x00, 0x00, 0x00,
    0x00, 0x00, 0x00, 0x00, 0x18, 0x18, 0x1E, 0x78, 0x1E, 0x78, 0x1E, 0x78, 0x1E, 0x78, 0x02, 0x40,
    0x1C, 0x38, 0x3C, 0x3C, 0x7A, 0x5E, 0x34, 0x2C, 0x48, 0x12, 0x30, 0x0C, 0x00, 0x00, 0x00, 0x00,
    0x00, 0x00, 0x00, 0x28, 0x00, 0x2A, 0x00, 0x3E, 0x00, 0xBE, 0x14, 0xFE, 0x54, 0x5E, 0x7C, 0x3E,
    0x7D, 0x3E, 0x7F, 0x22, 0x7A, 0x1C, 0x7C, 0x00, 0x7C, 0x00, 0x44, 0x00, 0x38, 0x00, 0x00, 0x00,
    0x00, 0x00, 0x00, 0x28, 0x00, 0x2A, 0x00, 0x3E, 0x00, 0xBE, 0x14, 0xF2, 0x54, 0x52, 0x7C, 0x32,
    0x7D, 0x3E, 0x4F, 0x22, 0x4A, 0x1C, 0x4C, 0x00, 0x7C, 0x00, 0x44, 0x00, 0x38, 0x00, 0x00, 0x00,
    0x00, 0x00, 0x00, 0x00, 0x00, 0x00, 0x07, 0xE0, 0x0F, 0xF0, 0x77, 0xEC, 0x77, 0xEE, 0x77, 0xEE,
    0x74, 0x2E, 0x78, 0xDE, 0x40, 0x06, 0x40, 0x02, 0x3C, 0x3C, 0x43, 0xC2, 0x18, 0x18, 0x00, 0x00,
    0x00, 0x00, 0x00, 0x00, 0x00, 0x00, 0x00, 0x00, 0x03, 0xE0, 0x7F, 0xF0, 0x43, 0xEC, 0x43, 0xEE,
    0x43, 0xEE, 0x42, 0x2E, 0x7C, 0xDE, 0x40, 0x02, 0x3C, 0x3C, 0x43, 0xC2, 0x18, 0x18, 0x00, 0x00,
    0x00, 0x00, 0x00, 0x00, 0x00, 0x00, 0x00, 0x00, 0x00, 0x20, 0x06, 0x30, 0x7B, 0xEC, 0x42, 0x2E,
    0x43, 0xAE, 0x43, 0xAE, 0x7F, 0xFE, 0x41, 0x82, 0x3C, 0x3C, 0x43, 0xC2, 0x18, 0x18, 0x00, 0x00,
    0x00, 0x00, 0x0F, 0xF0, 0x10, 0x08, 0x1F, 0xF8, 0x18, 0x18, 0x10, 0x08, 0x10, 0x08, 0x17, 0xE8,
    0x18, 0x18, 0x18, 0x18, 0x1F, 0xF8, 0x1F, 0xF8, 0x14, 0x28, 0x1F, 0xF8, 0x0C, 0x30, 0x00, 0x00,
    0x00, 0x00, 0x07, 0xE0, 0x0B, 0xD0, 0x07, 0xE0, 0x2B, 0xD4, 0x27, 0xE4, 0x6B, 0xD6, 0x67, 0xE6,
    0x6C, 0x36, 0x65, 0xA6, 0x6D, 0xB6, 0x6D, 0xB6, 0x45, 0xA6, 0x41, 0x82, 0x41, 0x82, 0x00, 0x00,
    0x00, 0x00, 0x00, 0x00, 0x00, 0x00, 0x00, 0x00, 0x08, 0x00, 0x38, 0x00, 0x0B, 0xF0, 0x08, 0x20,
    0x07, 0x20, 0x08, 0xA0, 0x10, 0x40, 0x12, 0x58, 0x10, 0x40, 0x08, 0x8C, 0x07, 0x0C, 0x00, 0x00,
    0x00, 0x00, 0x00, 0x00, 0x00, 0x00, 0x00, 0x80, 0x09, 0x00, 0x05, 0x00, 0x06, 0x10, 0x02, 0xA0,
    0x02, 0x60, 0x12, 0x48, 0x0A, 0x50, 0x2A, 0x50, 0x0A, 0x54, 0x02, 0x50, 0x00, 0x40, 0x00, 0x00,
    0x00, 0x00, 0x48, 0x00, 0x30, 0x00, 0x31, 0x12, 0x36, 0x0C, 0x36, 0x8C, 0x3E, 0x7C, 0x1E, 0x78,
    0x26, 0x64, 0x07, 0xE0, 0x03, 0xC0, 0x01, 0x90, 0x09, 0xE0, 0x07, 0x80, 0x01, 0x80, 0x00, 0x00,
    0x00, 0x00, 0x05, 0xA0, 0x01, 0x90, 0x0D, 0x80, 0x1C, 0xD8, 0x10, 0xDC, 0x00, 0xCC, 0x04, 0xC0,
    0x01, 0x80, 0x03, 0x60, 0x03, 0x60, 0x1B, 0x10, 0x3B, 0x00, 0x31, 0xA0, 0x01, 0x80, 0x00, 0x00,
    0x00, 0x00, 0x00, 0x20, 0x00, 0x20, 0x00, 0x70, 0x08, 0x70, 0x08, 0xF8, 0x1C, 0xF8, 0x1D, 0xFC,
    0x3E, 0xFC, 0x3E, 0xFE, 0x7F, 0x7E, 0x7F, 0x7C, 0x3E, 0x00, 0x00, 0x20, 0x08, 0x00, 0x00, 0x00,
    0x00, 0x00, 0x07, 0xE0, 0x1F, 0xF8, 0x3F, 0xFC, 0x3F, 0xFC, 0x7F, 0xFE, 0x7F, 0xFE, 0x79, 0x9E,
    0x7A, 0x5E, 0x3D, 0xBC, 0x0D, 0xB0, 0x01, 0x80, 0x01, 0x80, 0x01, 0x80, 0x03, 0xC0, 0x00, 0x00,
    0x00, 0x00, 0x00, 0x00, 0x00, 0x00, 0x01, 0xF0, 0x03, 0xF8, 0x03, 0xF8, 0x37, 0xFC, 0x37, 0xFC,
    0x03, 0xF8, 0x00, 0x00, 0x4F, 0x9A, 0x1F, 0xD8, 0x1F, 0xC0, 0x0F, 0x80, 0x00, 0x00, 0x00, 0x00,
    0x00, 0x00, 0x20, 0x00, 0x22, 0x10, 0x74, 0xA4, 0x38, 0x44, 0x1D, 0x2E, 0x2E, 0x1C, 0x47, 0x38,
    0x0B, 0xF0, 0x01, 0xEA, 0x29, 0xC4, 0x1D, 0x92, 0x07, 0xA0, 0x0B, 0xF0, 0x01, 0xC0, 0x00, 0x00,
    0x00, 0x00, 0x06, 0x60, 0x01, 0x80, 0x0F, 0xF0, 0x1F, 0xF8, 0x10, 0x08, 0x01, 0x80, 0x00, 0xC0,
    0x00, 0x80, 0x00, 0x40, 0x00, 0xC0, 0x00, 0x40, 0x01, 0x00, 0x01, 0x80, 0x01, 0x80, 0x00, 0x00,
    0xDE, 0x7B, 0x9E, 0x79, 0x9F, 0xF9, 0xDF, 0xFB, 0xDF, 0xFB, 0x9F, 0xF9, 0x9E, 0x79, 0xDE, 0x7B,
    0xDE, 0x7B, 0x9E, 0x79, 0x9F, 0xF9, 0xDF, 0xFB, 0xDF, 0xFB, 0x9F, 0xF9, 0x9E, 0x79, 0xDE, 0x7B,
    0xFF, 0xFF, 0xF3, 0x99, 0xC0, 0x00, 0xDF, 0xFF, 0x9F, 0xFF, 0x9F, 0xFF, 0xDF, 0xFF, 0xDF, 0x3C,
    0xDE, 0x3C, 0x9E, 0x7F, 0x9F, 0xFF, 0xDF, 0xFF, 0xDF, 0xFF, 0x9F, 0xFC, 0x9E, 0x79, 0xDE, 0x7B,
    0xDE, 0x7B, 0x9E, 0x79, 0x9F, 0xF8, 0xDF, 0xFF, 0xDF, 0xFF, 0x9F, 0xFF, 0x9E, 0x7F, 0xDE, 0x7C,
    0xDE, 0x7C, 0x9E, 0x7F, 0x9F, 0xFF, 0xDF, 0xFF, 0xDF, 0xFF, 0x9F, 0xF8, 0x9E, 0x79, 0xDE, 0x7B,
    0xDE, 0x7B, 0x9E, 0x79, 0x1F, 0xF8, 0xFF, 0xFF, 0xFF, 0xFF, 0xFF, 0xFF, 0xFE, 0x7F, 0x3E, 0x7C,
    0x3E, 0x7C, 0xFE, 0x7F, 0xFF, 0xFF, 0xFF, 0xFF, 0xFF, 0xFF, 0x1F, 0xF8, 0x9E, 0x79, 0xDE, 0x7B,
    0x00, 0x00, 0x00, 0x00, 0x00, 0x00, 0x00, 0x00, 0xFF, 0xFF, 0x99, 0x99, 0x80, 0x01, 0xDF, 0xFB,
    0xDF, 0xFB, 0x9F, 0xF9, 0x9F, 0xF9, 0xDF, 0xFB, 0xDF, 0xFB, 0x9F, 0xF9, 0x9E, 0x79, 0xDE, 0x7B,
    0x00, 0x00, 0x00, 0x00, 0x00, 0x00, 0x00, 0x00, 0x00, 0x00, 0x03, 0xC0, 0x06, 0x60, 0x05, 0xA0,
    0x05, 0xA0, 0x06, 0x60, 0x03, 0xC0, 0x00, 0x00, 0x03, 0xC0, 0x03, 0xC0, 0x03, 0xC0, 0x00, 0x00,
    0x00, 0x00, 0x03, 0xC0, 0x03, 0xC0, 0x03, 0xC0, 0x00, 0x00, 0x03, 0xC0, 0x06, 0x60, 0x05, 0xA0,
    0x05, 0xA0, 0x06, 0x60, 0x03, 0xC0, 0x00, 0x00, 0x03, 0xC0, 0x03, 0xC0, 0x03, 0xC0, 0x00, 0x00,
    0x00, 0x00, 0x00, 0x00, 0x00, 0x00, 0x00, 0x00, 0x00, 0x00, 0x03, 0xC0, 0x06, 0x6E, 0x05, 0xAE,
    0x05, 0xAE, 0x06, 0x6E, 0x03, 0xC0, 0x00, 0x00, 0x03, 0xC0, 0x03, 0xC0, 0x03, 0xC0, 0x00, 0x00,
    0x00, 0x00, 0x03, 0xC0, 0x03, 0xC0, 0x03, 0xC0, 0x00, 0x00, 0x03, 0xC0, 0x76, 0x6E, 0x75, 0xAE,
    0x75, 0xAE, 0x76, 0x6E, 0x03, 0xC0, 0x00, 0x00, 0x03, 0xC0, 0x03, 0xC0, 0x03, 0xC0, 0x00, 0x00,
    0x00, 0x00, 0x03, 0xC0, 0x03, 0xC0, 0x03, 0xC0, 0x00, 0x00, 0x03, 0xC0, 0x06, 0x6E, 0x05, 0xAE,
    0x05, 0xAE, 0x06, 0x6E, 0x03, 0xC0, 0x00, 0x00, 0x03, 0xC0, 0x03, 0xC0, 0x03, 0xC0, 0x00, 0x00,
    0xC0, 0x00, 0xCE, 0x00, 0xC0, 0x00, 0x98, 0x00, 0xC0, 0x00, 0xCB, 0x80, 0xCB, 0x80, 0x80, 0x00,
    0xDC, 0x00, 0xDD, 0x00, 0xC0, 0x00, 0x8E, 0xAE, 0xCE, 0x4E, 0xC0, 0x00, 0xF7, 0x77, 0xFF, 0xFF,
    0x00, 0x00, 0x00, 0x00, 0x00, 0x00, 0x00, 0x00, 0x00, 0x00, 0x00, 0x00, 0x00, 0x00, 0x00, 0x70,
    0x1C, 0x00, 0x5D, 0xD6, 0x00, 0x00, 0xEE, 0x4E, 0xEE, 0xAE, 0x00, 0x00, 0x77, 0x77, 0xFF, 0xFF,
    0x00, 0x03, 0x00, 0x2B, 0x00, 0x93, 0x00, 0x01, 0x00, 0x73, 0x00, 0x73, 0x00, 0x03, 0x00, 0x19,
    0x70, 0x03, 0x71, 0x73, 0x00, 0x03, 0xBB, 0x91, 0xBB, 0xAB, 0x00, 0x03, 0x77, 0x77, 0xFF, 0xFF,
    0x00, 0x00, 0x00, 0x00, 0x00, 0x00, 0x00, 0x00, 0x00, 0x00, 0x00, 0x00, 0x00, 0x00, 0x00, 0x20,
    0x00, 0x40, 0x02, 0x40, 0x01, 0x40, 0x01, 0x48, 0x09, 0x50, 0x05, 0x50, 0x25, 0x54, 0x15, 0x54,
    0x20, 0xAC, 0x20, 0x9C, 0x20, 0xAC, 0x20, 0x9C, 0x20, 0xAC, 0x20, 0x9C, 0x7F, 0xFE, 0x7F, 0xFE,
    0x7F, 0xFE, 0x7F, 0xFE, 0x00, 0x00, 0x20, 0x9C, 0x20, 0xAC, 0x20, 0x9C, 0x20, 0xAC, 0x20, 0x9C,
    0x7F, 0xFE, 0x80, 0x01, 0xBF, 0xFD, 0xA7, 0xE5, 0xAB, 0xD5, 0xB5, 0xAD, 0xBA, 0x5D, 0xBC, 0xBD,
    0xBD, 0x3D, 0xBA, 0x5D, 0xB5, 0xAD, 0xAB, 0xD5, 0xA7, 0xE5, 0xBF, 0xFD, 0x80, 0x01, 0x7F, 0xFE,
    0x00, 0x00, 0x07, 0xE0, 0x0F, 0xF0, 0x0C, 0x30, 0x08, 0x10, 0x09, 0x90, 0x0A, 0x50, 0x1B, 0xD8,
    0x3B, 0xDC, 0x35, 0xAC, 0x36, 0x6C, 0x36, 0x6C, 0x26, 0x64, 0x16, 0x68, 0x06, 0x60, 0x00, 0x00,
    0x00, 0x00, 0x03, 0xC0, 0x07, 0xE0, 0x07, 0xE0, 0x1D, 0xB8, 0x07, 0xE0, 0x03, 0xC0, 0x18, 0x18,
    0x3F, 0xFC, 0x25, 0xA4, 0x27, 0xE4, 0x23, 0xC4, 0x37, 0xEC, 0x34, 0x2C, 0x04, 0x20, 0x00, 0x00,
    0x00, 0x00, 0x03, 0xC0, 0x07, 0xE0, 0x1F, 0xF8, 0x05, 0xA0, 0x07, 0xE0, 0x23, 0xC4, 0x1B, 0xD8,
    0x3C, 0x3C, 0x27, 0xE4, 0x27, 0xE4, 0x33, 0xCC, 0x37, 0xEC, 0x04, 0x20, 0x04, 0x20, 0x00, 0x00,
    0x00, 0x00, 0x04, 0x20, 0x07, 0xEA, 0x07, 0xEA, 0x05, 0xAE, 0x07, 0xE4, 0x02, 0x44, 0x1A, 0x54,
    0x38, 0x10, 0x2F, 0xF6, 0x25, 0xA6, 0x37, 0xE0, 0x37, 0xE4, 0x04, 0x24, 0x0A, 0x54, 0x00, 0x00,
    0x00, 0x00, 0x03, 0xC4, 0x05, 0xA6, 0x07, 0xE2, 0x05, 0xA6, 0x07, 0xE6, 0x02, 0x46, 0x18, 0x14,
    0x3D, 0xB4, 0x24, 0x20, 0x27, 0xEE, 0x30, 0x04, 0x37, 0xE4, 0x04, 0x20, 0x04, 0x20, 0x00, 0x00,
    0x00, 0x00, 0x03, 0xC0, 0x07, 0xE0, 0x1F, 0xF8, 0x3D, 0xBC, 0x27, 0xE4, 0x03, 0xC0, 0x08, 0x10,
    0x1F, 0xF8, 0x37, 0xEC, 0x35, 0xAC, 0x37, 0xEC, 0x26, 0x64, 0x34, 0x2C, 0x06, 0x60, 0x00, 0x00,
    0x00, 0x00, 0x03, 0xC0, 0x27, 0xE4, 0x27, 0xE4, 0x2D, 0xB4, 0x27, 0xE4, 0x23, 0xC4, 0x28, 0x14,
    0x2F, 0xF4, 0x07, 0xE0, 0x70, 0x0E, 0x27, 0xE4, 0x01, 0x80, 0x05, 0xA0, 0x04, 0x20, 0x00, 0x00,
    0x00, 0x00, 0x03, 0xC0, 0x20, 0x04, 0x1F, 0xF8, 0x05, 0xA0, 0x07, 0xE2, 0x03, 0xC2, 0x10, 0x02,
    0x35, 0xA8, 0x24, 0x2E, 0x27, 0xE6, 0x37, 0xE0, 0x37, 0xE2, 0x04, 0x22, 0x04, 0x22, 0x00, 0x00,
    0x00, 0x00, 0x00, 0x0E, 0x00, 0x1E, 0x00, 0x3E, 0x00, 0x7C, 0x00, 0xF8, 0x01, 0xF0, 0x01, 0xE0,
    0x03, 0xC0, 0x07, 0x00, 0x0E, 0x00, 0x0C, 0x00, 0x10, 0x00, 0x20, 0x00, 0x40, 0x00, 0x00, 0x00,
    0x00, 0x00, 0x00, 0x16, 0x00, 0x0E, 0x00, 0x5C, 0x00, 0x3A, 0x01, 0x70, 0x00, 0xE8, 0x01, 0xC0,
    0x03, 0xA0, 0x07, 0x00, 0x0E, 0x00, 0x1C, 0x00, 0x38, 0x00, 0x30, 0x00, 0x40, 0x00, 0x00, 0x00,
    0x00, 0x00, 0x00, 0x1C, 0x00, 0x3E, 0x00, 0x7E, 0x00, 0xFE, 0x01, 0xFC, 0x01, 0xF8, 0x03, 0xF0,
    0x07, 0xE0, 0x03, 0x80, 0x09, 0x00, 0x0C, 0x00, 0x20, 0x00, 0x30, 0x00, 0x40, 0x00, 0x00, 0x00,
    0x00, 0x00, 0x00, 0x00, 0x00, 0x04, 0x00, 0x0C, 0x00, 0x1E, 0x00, 0x26, 0x00, 0x46, 0x00, 0x86,
    0x01, 0x06, 0x02, 0x04, 0x04, 0x08, 0x08, 0x00, 0x10, 0x00, 0x60, 0x00, 0x60, 0x00, 0x00, 0x00,
    0x00, 0x00, 0x00, 0x10, 0x00, 0x0C, 0x00, 0x0C, 0x00, 0x1E, 0x00, 0x26, 0x00, 0x46, 0x00, 0x86,
    0x01, 0x06, 0x06, 0x04, 0x02, 0x08, 0x18, 0x00, 0x08, 0x00, 0x60, 0x00, 0x60, 0x00, 0x00, 0x00,
    0x00, 0x00, 0x03, 0xC0, 0x0C, 0x30, 0x13, 0xC8, 0x2F, 0xF4, 0x2B, 0xD4, 0x5D, 0xBA, 0x5F, 0xFA,
    0x5F, 0xFA, 0x5D, 0xBA, 0x2B, 0xD4, 0x2F, 0xF4, 0x13, 0xC8, 0x0C, 0x30, 0x03, 0xC0, 0x00, 0x00,
    0x00, 0x00, 0x03, 0xC0, 0x0C, 0x30, 0x13, 0xC8, 0x2F, 0xF4, 0x2C, 0x34, 0x5A, 0x5A, 0x58, 0x1A,
    0x58, 0x1A, 0x5A, 0x5A, 0x2C, 0x34, 0x2F, 0xF4, 0x13, 0xC8, 0x0C, 0x30, 0x03, 0xC0, 0x00, 0x00,
    0x00, 0x00, 0x03, 0xC0, 0x0C, 0x30, 0x12, 0xC8, 0x2B, 0xD4, 0x2B, 0xD4, 0x5F, 0xFA, 0x5E, 0x7A,
    0x5E, 0x7A, 0x5F, 0xFA, 0x2B, 0xD4, 0x2B, 0xD4, 0x13, 0x48, 0x0C, 0x30, 0x03, 0xC0, 0x00, 0x00,
    0x00, 0x00, 0x03, 0xC0, 0x0C, 0x30, 0x13, 0x08, 0x2F, 0x04, 0x2F, 0x04, 0x5C, 0x02, 0x5D, 0x82,
    0x41, 0xBA, 0x40, 0x3A, 0x20, 0xF4, 0x20, 0xF4, 0x10, 0xC8, 0x0C, 0x30, 0x03, 0xC0, 0x00, 0x00,
    0x00, 0x00, 0x00, 0x00, 0x00, 0xF0, 0x00, 0x08, 0x01, 0xE4, 0x03, 0xF4, 0x07, 0xF4, 0x0F, 0xD4,
    0x1F, 0xF0, 0x27, 0x60, 0x23, 0xC0, 0x21, 0x80, 0x11, 0x00, 0x0E, 0x00, 0x00, 0x00, 0x00, 0x00,
    0x00, 0x00, 0x00, 0x00, 0x00, 0x00, 0x01, 0xF0, 0x1B, 0x00, 0x22, 0xF8, 0x1E, 0xFC, 0x02, 0xFC,
    0x02, 0xFC, 0x1A, 0xFC, 0x22, 0xF8, 0x1F, 0x00, 0x01, 0xF0, 0x00, 0x00, 0x00, 0x00, 0x00, 0x00,
    0x00, 0x00, 0x00, 0x00, 0x01, 0x80, 0x03, 0xC0, 0x21, 0x84, 0x31, 0x8C, 0x23, 0xC4, 0x32, 0x4C,
    0x3E, 0x7C, 0x3F, 0xFC, 0x1F, 0xF8, 0x27, 0xE4, 0x18, 0x18, 0x07, 0xE0, 0x00, 0x00, 0x00, 0x00,
    0x00, 0x00, 0x00, 0x00, 0x01, 0x80, 0x09, 0x90, 0x21, 0x84, 0x34, 0x2C, 0x26, 0x64, 0x34, 0x2C,
    0x3F, 0xFC, 0x3E, 0x7C, 0x1E, 0x78, 0x27, 0xE4, 0x18, 0x18, 0x07, 0xE0, 0x00, 0x00, 0x00, 0x00,
    0x00, 0x00, 0x00, 0x00, 0x03, 0xC0, 0x04, 0x20, 0x07, 0xE0, 0x07, 0xE0, 0x07, 0xE0, 0x07, 0xE0,
    0x17, 0xE8, 0x37, 0xEC, 0x18, 0x18, 0x27, 0xE4, 0x18, 0x18, 0x07, 0xE0, 0x00, 0x00, 0x00, 0x00,
    0x00, 0x00, 0x00, 0x00, 0x00, 0x00, 0x03, 0xC0, 0x07, 0xE0, 0x37, 0xEC, 0x72, 0xAE, 0x75, 0x4E,
    0x78, 0x1E, 0x3F, 0xFC, 0x4F, 0xF2, 0x30, 0x0C, 0x0F, 0xF0, 0x00, 0x00, 0x00, 0x00, 0x00, 0x00,
    0x00, 0x00, 0x00, 0x00, 0x01, 0x80, 0x07, 0xE0, 0x0F, 0xF0, 0x0C, 0x30, 0x08, 0x10, 0x08, 0x10,
    0x08, 0x10, 0x0C, 0x30, 0x1F, 0xF8, 0x3F, 0xFC, 0x3F, 0xFC, 0x23, 0xC4, 0x00, 0x00, 0x00, 0x00,
    0x01, 0xC0, 0x03, 0xE0, 0x03, 0xA0, 0x03, 0xF0, 0x09, 0xE0, 0x3B, 0xC0, 0x0B, 0xE0, 0x08, 0x00,
    0x0F, 0xF0, 0x08, 0xA0, 0x07, 0x60, 0x08, 0xA0, 0x0A, 0xB8, 0x08, 0x80, 0x07, 0x08, 0x00, 0x00,
    0x00, 0x00, 0x00, 0x00, 0x00, 0x00, 0x00, 0x00, 0x00, 0x00, 0x00, 0x00, 0x00, 0x00, 0x00, 0x00,
    0x00, 0x00, 0x0D, 0xB0, 0x6D, 0xB6, 0x7F, 0xFE, 0x60, 0x06, 0x6D, 0xB6, 0x6D, 0xB6, 0x00, 0x00,
    0x00, 0x00, 0x08, 0x10, 0x1C, 0x38, 0x5D, 0xBA, 0x5D, 0xBA, 0x5D, 0xBA, 0x7F, 0xFE, 0x00, 0x00,
    0x5D, 0xBA, 0x5D, 0xBA, 0x7F, 0xFE, 0x00, 0x00, 0x5D, 0xBA, 0x5D, 0xBA, 0x5D, 0xBA, 0x00, 0x00,
    0x00, 0x00, 0x61, 0x86, 0x6D, 0xB6, 0x6D, 0xB6, 0x6D, 0xB6, 0x6D, 0xB6, 0x7F, 0xFE, 0x7F, 0xFE,
    0x00, 0x00, 0x6D, 0xB6, 0x6D, 0xB6, 0x7F, 0xFE, 0x7F, 0xFE, 0x00, 0x00, 0x6D, 0xB6, 0x00, 0x00,
    0x00, 0x00, 0x67, 0xE6, 0x6F, 0xF6, 0x6F, 0xF6, 0x6F, 0xF6, 0x6F, 0xF6, 0x67, 0xF6, 0x67, 0xF6,
    0x0F, 0xF0, 0x6F, 0x96, 0x6F, 0x96, 0x67, 0xF6, 0x67, 0xF6, 0x0F, 0xF0, 0x6F, 0xF6, 0x00, 0x00,
    0x00, 0x00, 0x60, 0x06, 0x68, 0x06, 0x68, 0x06, 0x68, 0x06, 0x68, 0x06, 0x60, 0x06, 0x60, 0x06,
    0x08, 0x00, 0x68, 0x06, 0x68, 0x06, 0x60, 0x06, 0x60, 0x06, 0x08, 0x00, 0x68, 0x06, 0x00, 0x00,
    0x00, 0x00, 0x12, 0x48, 0x12, 0x48, 0x7F, 0xFE, 0x00, 0x00, 0x12, 0x48, 0x12, 0x48, 0x12, 0x48,
    0x12, 0x48, 0x12, 0x48, 0x12, 0x48, 0x12, 0x48, 0x7F, 0xFE, 0x00, 0x00, 0x12, 0x48, 0x00, 0x00,
    0x00, 0x00, 0x12, 0x48, 0x12, 0x48, 0x7F, 0xFE, 0x00, 0x00, 0x12, 0x48, 0x10, 0x40, 0x00, 0x00,
    0x00, 0x00, 0x00, 0x00, 0x02, 0x08, 0x12, 0x48, 0x7F, 0xFE, 0x00, 0x00, 0x12, 0x48, 0x00, 0x00,
    0x00, 0x00, 0x58, 0x00, 0x58, 0x00, 0x58, 0x00, 0x58, 0x00, 0x58, 0x00, 0x58, 0x00, 0x58, 0x00,
    0x58, 0x00, 0x58, 0x00, 0x58, 0x00, 0x58, 0x00, 0x58, 0x00, 0x58, 0x00, 0x58, 0x00, 0x00, 0x00,
    0x00, 0x00, 0x3F, 0xFE, 0x60, 0x00, 0x4F, 0xFE, 0x5F, 0xFE, 0x58, 0x00, 0x58, 0x00, 0x58, 0x00,
    0x58, 0x00, 0x58, 0x00, 0x58, 0x00, 0x58, 0x00, 0x58, 0x00, 0x58, 0x00, 0x58, 0x00, 0x00, 0x00,
    0x00, 0x00, 0x00, 0x00, 0x00, 0x00, 0x00, 0x00, 0x00, 0x00, 0x00, 0x00, 0x00, 0x00, 0x00, 0x00,
    0x00, 0x00, 0x00, 0x00, 0x00, 0x00, 0x70, 0x00, 0x78, 0x00, 0x18, 0x00, 0x58, 0x00, 0x00, 0x00,
    0x00, 0x00, 0x58, 0x1A, 0x58, 0x1A, 0x58, 0x1A, 0x58, 0x1A, 0x58, 0x1A, 0x58, 0x1A, 0x58, 0x1A,
    0x58, 0x1A, 0x58, 0x1A, 0x58, 0x1A, 0x58, 0x1A, 0x58, 0x1A, 0x58, 0x1A, 0x58, 0x1A, 0x00, 0x00,
    0x00, 0x00, 0x3F, 0xFC, 0x60, 0x06, 0x4F, 0xF2, 0x5F, 0xFA, 0x58, 0x1A, 0x58, 0x1A, 0x58, 0x1A,
    0x58, 0x1A, 0x58, 0x1A, 0x58, 0x1A, 0x58, 0x1A, 0x58, 0x1A, 0x58, 0x1A, 0x58, 0x1A, 0x00, 0x00,
    0x00, 0x00, 0x00, 0x1A, 0x00, 0x1A, 0x00, 0x1A, 0x00, 0x1A, 0x00, 0x1A, 0x00, 0x1A, 0x00, 0x1A,
    0x00, 0x1A, 0x00, 0x1A, 0x00, 0x1A, 0x70, 0x1A, 0x78, 0x1A, 0x18, 0x1A, 0x58, 0x1A, 0x00, 0x00,
    0x00, 0x00, 0x00, 0x00, 0x00, 0x00, 0x00, 0x00, 0x00, 0x00, 0x00, 0x00, 0x03, 0xC0, 0x03, 0xC0,
    0x03, 0xC0, 0x03, 0xC0, 0x03, 0xC0, 0x03, 0xC0, 0x03, 0xC0, 0x03, 0xC0, 0x03, 0xC0, 0x00, 0x00,
    0x00, 0x00, 0x03, 0xC0, 0x03, 0xC0, 0x03, 0xC0, 0x03, 0xC0, 0x03, 0xC0, 0x03, 0xC0, 0x03, 0xC0,
    0x03, 0xC0, 0x03, 0xC0, 0x03, 0xC0, 0x03, 0xC0, 0x03, 0xC0, 0x03, 0xC0, 0x03, 0xC0, 0x00, 0x00,
    0x00, 0x00, 0x00, 0x00, 0x00, 0x00, 0x00, 0x00, 0x00, 0x00, 0x00, 0x00, 0x01, 0xFE, 0x02, 0xFE,
    0x03, 0x7E, 0x03, 0xBE, 0x03, 0xC0, 0x03, 0xC0, 0x03, 0xC0, 0x03, 0xC0, 0x03, 0xC0, 0x00, 0x00,
    0x00, 0x00, 0x03, 0xC0, 0x03, 0xC0, 0x03, 0xC0, 0x03, 0xC0, 0x03, 0xC0, 0x7D, 0xBE, 0x7E, 0x7E,
    0x7E, 0x7E, 0x7D, 0xBE, 0x03, 0xC0, 0x03, 0xC0, 0x03, 0xC0, 0x03, 0xC0, 0x03, 0xC0, 0x00, 0x00,
    0x00, 0x00, 0x03, 0xC0, 0x03, 0xC0, 0x03, 0xC0, 0x03, 0xC0, 0x03, 0xC0, 0x01, 0xBE, 0x02, 0x7E,
    0x02, 0x7E, 0x01, 0xBE, 0x03, 0xC0, 0x03, 0xC0, 0x03, 0xC0, 0x03, 0xC0, 0x03, 0xC0, 0x00, 0x00,
    0x00, 0x00, 0x00, 0x00, 0x00, 0x00, 0x00, 0x00, 0x00, 0x00, 0x00, 0x00, 0x00, 0x00, 0x00, 0x00,
    0x00, 0x00, 0x00, 0x08, 0x00, 0x00, 0x00, 0x0E, 0x00, 0x6E, 0x00, 0x00, 0x00, 0x3B, 0x00, 0x3B,
    0x00, 0x00, 0x00, 0x00, 0x00, 0x00, 0x00, 0x00, 0x00, 0x00, 0x00, 0x00, 0x00, 0x00, 0x00, 0x00,
    0x00, 0x00, 0x00, 0x00, 0x00, 0x00, 0xE0, 0x00, 0xEC, 0x00, 0x00, 0x00, 0xD7, 0x00, 0xD7, 0x00,
    0x00, 0x01, 0x00, 0x03, 0x00, 0x07, 0x00, 0x0E, 0x00, 0x1C, 0x00, 0x3A, 0x00, 0x70, 0x00, 0xEA,
    0x01, 0xC4, 0x03, 0xA0, 0x07, 0x0C, 0x0E, 0xE0, 0x1C, 0xE8, 0x3A, 0x00, 0x76, 0x80, 0xE0, 0x00,
    0x80, 0x00, 0xC0, 0x00, 0xE0, 0x00, 0x70, 0x00, 0x38, 0x00, 0x5C, 0x00, 0x0E, 0x00, 0x77, 0x00,
    0x73, 0x80, 0x01, 0xC0, 0x22, 0xE0, 0x50, 0x70, 0x06, 0x38, 0x00, 0xDC, 0x02, 0xCE, 0x00, 0x07,
    0xFF, 0xFF, 0x80, 0x02, 0xBF, 0xFA, 0xBF, 0xF2, 0xB0, 0x12, 0xB0, 0x12, 0xB0, 0x12, 0xB0, 0x12,
    0xB0, 0x12, 0xB0, 0x12, 0xB0, 0x12, 0xBF, 0xF2, 0xA0, 0x02, 0x80, 0x02, 0xFF, 0xFE, 0x80, 0x00,
    0xFF, 0xFF, 0x80, 0x01, 0xBF, 0xFD, 0xA0, 0x05, 0xAA, 0xA5, 0xA5, 0x55, 0xAA, 0xA5, 0xA5, 0x55,
    0xAA, 0xA5, 0xA5, 0x55, 0xAA, 0xA5, 0xA5, 0x55, 0xA0, 0x05, 0xBF, 0xFD, 0x80, 0x01, 0xFF, 0xFF,
    0x00, 0x00, 0x03, 0xC0, 0x07, 0xE0, 0x07, 0xE0, 0x05, 0xA0, 0x17, 0xE8, 0x29, 0x94, 0x24, 0x24,
    0x37, 0xEC, 0x30, 0x0C, 0x27, 0xE4, 0x27, 0xE4, 0x34, 0x2C, 0x30, 0x0C, 0x04, 0x20, 0x00, 0x00,
    0x00, 0x00, 0x03, 0xC0, 0x07, 0xE0, 0x07, 0xE0, 0x05, 0xA0, 0x06, 0x60, 0x03, 0xC0, 0x08, 0x10,
    0x1F, 0xF8, 0x2E, 0x74, 0x27, 0xE4, 0x34, 0x2C, 0x25, 0xA4, 0x07, 0xE0, 0x01, 0x80, 0x00, 0x00,
    0x00, 0x00, 0x03, 0xC0, 0x07, 0xE0, 0x17, 0xE8, 0x04, 0x20, 0x07, 0xE0, 0x03, 0xC0, 0x18, 0x18,
    0x3F, 0xFC, 0x23, 0xC4, 0x27, 0xE4, 0x30, 0x0C, 0x37, 0xEC, 0x04, 0x20, 0x0E, 0x70, 0x00, 0x00,
    0x00, 0x00, 0x03, 0xC0, 0x07, 0xE0, 0x17, 0xE8, 0x24, 0x24, 0x34, 0x2C, 0x13, 0xC8, 0x18, 0x18,
    0x3F, 0xFC, 0x27, 0xE4, 0x23, 0xC4, 0x30, 0x0C, 0x37, 0xEC, 0x04, 0x20, 0x04, 0x20, 0x00, 0x00,
    0x00, 0x00, 0x05, 0xA0, 0x07, 0xE0, 0x00, 0x00, 0x07, 0xE0, 0x05, 0xA0, 0x02, 0x40, 0x18, 0x18,
    0x3C, 0x3C, 0x36, 0x6C, 0x37, 0xEC, 0x00, 0x00, 0x17, 0xE8, 0x07, 0xE0, 0x05, 0xA0, 0x00, 0x00,
    0x00, 0x00, 0x05, 0xA0, 0x07, 0xE0, 0x08, 0x10, 0x17, 0xE8, 0x15, 0xA8, 0x17, 0xE8, 0x03, 0xC0,
    0x18, 0x18, 0x36, 0x6C, 0x36, 0x6C, 0x07, 0xE0, 0x10, 0x08, 0x07, 0xE0, 0x1F, 0xF8, 0x00, 0x00,
    0x00, 0x00, 0x00, 0x00, 0x00, 0x00, 0x03, 0xC0, 0x04, 0x20, 0x03, 0xC0, 0x05, 0xA0, 0x07, 0xE0,
    0x03, 0xC0, 0x08, 0x10, 0x1F, 0xF8, 0x17, 0xE8, 0x00, 0x00, 0x17, 0xE8, 0x04, 0x20, 0x00, 0x00,
    0x00, 0x00, 0x00, 0x00, 0x00, 0x00, 0x0B, 0xD0, 0x34, 0x2C, 0x13, 0xC8, 0x05, 0xA0, 0x07, 0xE0,
    0x03, 0xC0, 0x08, 0x10, 0x1E, 0x78, 0x17, 0xE8, 0x00, 0x00, 0x0F, 0xF0, 0x04, 0x20, 0x00, 0x00,
    0x00, 0x00, 0x00, 0x02, 0x00, 0x06, 0x00, 0x0E, 0x00, 0x32, 0x00, 0x30, 0x00, 0x40, 0x00, 0x80,
    0x01, 0x00, 0x02, 0x00, 0x04, 0x00, 0x08, 0x00, 0x10, 0x00, 0x60, 0x00, 0x60, 0x00, 0x00, 0x00,
    0x00, 0x00, 0x00, 0x02, 0x00, 0x0C, 0x00, 0x0C, 0x00, 0xB0, 0x00, 0x70, 0x00, 0x60, 0x00, 0x90,
    0x01, 0x00, 0x02, 0x00, 0x04, 0x00, 0x08, 0x00, 0x10, 0x00, 0x60, 0x00, 0x60, 0x00, 0x00, 0x00,
    0x00, 0x00, 0x00, 0x02, 0x00, 0x04, 0x00, 0x0A, 0x00, 0x12, 0x00, 0x64, 0x00, 0x20, 0x00, 0x80,
    0x01, 0x00, 0x02, 0x00, 0x04, 0x00, 0x18, 0x00, 0x08, 0x00, 0x20, 0x00, 0x40, 0x00, 0x00, 0x00,
    0x00, 0x00, 0x00, 0x02, 0x00, 0x34, 0x00, 0x08, 0x00, 0x24, 0x00, 0x34, 0x00, 0x40, 0x01, 0x80,
    0x00, 0x80, 0x02, 0x00, 0x08, 0x00, 0x0C, 0x00, 0x10, 0x00, 0x60, 0x00, 0x60, 0x00, 0x00, 0x00,
    0x00, 0x00, 0x00, 0x02, 0x00, 0x1C, 0x00, 0x0C, 0x00, 0x14, 0x00, 0x60, 0x00, 0x60, 0x00, 0x80,
    0x01, 0x00, 0x02, 0x00, 0x04, 0x00, 0x08, 0x00, 0x10, 0x00, 0x40, 0x00, 0x60, 0x00, 0x00, 0x00,
    0x00, 0x00, 0x1F, 0xF8, 0x20, 0x04, 0x2D, 0xB4, 0x2F, 0xF4, 0x27, 0xE4, 0x2E, 0x74, 0x2D, 0xB4,
    0x2D, 0xB4, 0x26, 0x64, 0x2F, 0xF4, 0x27, 0xE4, 0x11, 0x88, 0x0C, 0x30, 0x03, 0xC0, 0x00, 0x00,
    0x00, 0x00, 0x1F, 0xF8, 0x20, 0x04, 0x2F, 0xF4, 0x2B, 0xD4, 0x2F, 0xF4, 0x2C, 0x34, 0x2C, 0x34,
    0x2F, 0xF4, 0x2B, 0xD4, 0x2F, 0xF4, 0x15, 0xA8, 0x17, 0xE8, 0x08, 0x10, 0x07, 0xE0, 0x00, 0x00,
    0x00, 0x00, 0x07, 0xE0, 0x3F, 0xFC, 0x20, 0x04, 0x2F, 0xF4, 0x2E, 0x74, 0x2F, 0xF4, 0x2A, 0x54,
    0x2A, 0x54, 0x2F, 0xF4, 0x2E, 0x74, 0x2F, 0xF4, 0x13, 0xC8, 0x0C, 0x30, 0x03, 0xC0, 0x00, 0x00,
    0x00, 0x00, 0x70, 0x0E, 0x7F, 0xFE, 0x40, 0x02, 0x5F, 0xFA, 0x5F, 0xFA, 0x40, 0x02, 0x5C, 0xBA,
    0x5D, 0x3A, 0x40, 0x02, 0x5F, 0xFA, 0x5F, 0xFA, 0x27, 0xE4, 0x18, 0x18, 0x07, 0xE0, 0x00, 0x00,
    0x00, 0x00, 0x00, 0x00, 0x03, 0xC0, 0x0C, 0x30, 0x11, 0x88, 0x17, 0xE8, 0x26, 0x64, 0x2E, 0x74,
    0x2E, 0x74, 0x26, 0x64, 0x17, 0xE8, 0x11, 0x88, 0x0C, 0x30, 0x03, 0xC0, 0x00, 0x00, 0x00, 0x00,
    0x00, 0x00, 0x00, 0x08, 0x00, 0x04, 0x00, 0x0C, 0x00, 0x7C, 0x00, 0xC8, 0x00, 0x88, 0x00, 0x18,
    0x01, 0x30, 0x03, 0x80, 0x07, 0x00, 0x0E, 0x00, 0x0C, 0x00, 0x30, 0x00, 0x30, 0x00, 0x00, 0x00,
    0x00, 0x00, 0x00, 0x08, 0x00, 0x04, 0x00, 0x0C, 0x00, 0x7C, 0x00, 0xC8, 0x00, 0x88, 0x02, 0x18,
    0x03, 0x30, 0x03, 0x80, 0x07, 0xC0, 0x0E, 0x00, 0x1C, 0x00, 0x38, 0x00, 0x30, 0x00, 0x00, 0x00,
    0x00, 0x00, 0x00, 0x00, 0x00, 0x0C, 0x00, 0x5C, 0x00, 0xA8, 0x01, 0xD0, 0x01, 0xE8, 0x03, 0xF0,
    0x03, 0xE0, 0x07, 0x80, 0x0E, 0x00, 0x1C, 0x00, 0x38, 0x00, 0x30, 0x00, 0x00, 0x00, 0x00, 0x00,
    0x00, 0x00, 0x00, 0x00, 0x00, 0x00, 0x00, 0x00, 0x0F, 0xF0, 0x3F, 0xFC, 0x4F, 0xF2, 0x60, 0x06,
    0x7B, 0xDE, 0x7A, 0x5E, 0x3A, 0x5C, 0x03, 0xC0, 0x00, 0x00, 0x00, 0x00, 0x00, 0x00, 0x00, 0x00,
    0x00, 0x00, 0x00, 0x00, 0x00, 0x00, 0x0F, 0x80, 0x10, 0x4C, 0x00, 0x0E, 0x4F, 0xD6, 0x50, 0x78,
    0x5F, 0xF0, 0x5F, 0xE0, 0x1F, 0xC0, 0x1F, 0xC0, 0x0F, 0x80, 0x00, 0x00, 0x00, 0x00, 0x00, 0x00,
    0x00, 0x00, 0x00, 0x00, 0x07, 0xE0, 0x08, 0x10, 0x00, 0x00, 0x07, 0xE0, 0x08, 0x10, 0x0B, 0xD0,
    0x0F, 0xF0, 0x0F, 0xF0, 0x0F, 0xF0, 0x0F, 0xF0, 0x0F, 0xF0, 0x07, 0xE0, 0x00, 0x00, 0x00, 0x00,
    0x00, 0x00, 0x01, 0xC0, 0x03, 0x40, 0x03, 0xE0, 0x09, 0xC0, 0x3B, 0x80, 0x0B, 0x80, 0x08, 0x40,
    0x07, 0x30, 0x08, 0x98, 0x10, 0x58, 0x12, 0x5C, 0x10, 0x40, 0x08, 0x8C, 0x07, 0x0C, 0x00, 0x00,
    0x00, 0x00, 0x00, 0x00, 0x00, 0x00, 0x00, 0x00, 0x00, 0x00, 0x40, 0x02, 0x7F, 0xFE, 0x00, 0x00,
    0x49, 0x22, 0x52, 0x4A, 0x44, 0x92, 0x49, 0x22, 0x52, 0x4A, 0x44, 0x92, 0x49, 0x22, 0x00, 0x00,
    0x00, 0x00, 0x40, 0x02, 0x7F, 0xFE, 0x00, 0x00, 0x52, 0x4A, 0x44, 0x92, 0x49, 0x22, 0x52, 0x4A,
    0x44, 0x92, 0x49, 0x22, 0x52, 0x4A, 0x40, 0x02, 0x7F, 0xFE, 0x00, 0x00, 0x40, 0x02, 0x00, 0x00,
    0x00, 0x00, 0x40, 0x02, 0x7F, 0xFE, 0x00, 0x00, 0x52, 0x4A, 0x44, 0x12, 0x48, 0x22, 0x50, 0x0A,
    0x44, 0x12, 0x48, 0x22, 0x52, 0x4A, 0x40, 0x02, 0x7F, 0xFE, 0x00, 0x00, 0x40, 0x02, 0x00, 0x00,
    0x00, 0x00, 0x47, 0xE2, 0x6F, 0xF6, 0x0F, 0xF0, 0x47, 0xF2, 0x47, 0xF2, 0x4F, 0xF2, 0x4F, 0xF2,
    0x4F, 0xF2, 0x4F, 0x92, 0x4F, 0x92, 0x47, 0xF2, 0x67, 0xF6, 0x0F, 0xF0, 0x4F, 0xF2, 0x00, 0x00,
    0x00, 0x00, 0x40, 0x02, 0x68, 0x06, 0x08, 0x00, 0x40, 0x02, 0x40, 0x02, 0x48, 0x02, 0x48, 0x02,
    0x48, 0x02, 0x48, 0x02, 0x48, 0x02, 0x40, 0x02, 0x60, 0x06, 0x08, 0x00, 0x48, 0x02, 0x00, 0x00,
    0x00, 0x00, 0x02, 0x40, 0x92, 0x49, 0xDE, 0x7B, 0x00, 0x00, 0x92, 0x49, 0x92, 0x49, 0x92, 0x49,
    0x92, 0x49, 0x97, 0xE9, 0x97, 0xE9, 0x90, 0x09, 0xDE, 0x7B, 0x00, 0x00, 0x92, 0x49, 0x00, 0x00,
    0x00, 0x00, 0x00, 0x00, 0x1F, 0xF8, 0x64, 0x26, 0x1F, 0xF8, 0x60, 0x06, 0x0D, 0xB0, 0x6D, 0xB6,
    0x6D, 0xB6, 0x6D, 0xB6, 0x60, 0x06, 0x0F, 0xF0, 0x70, 0x0E, 0x01, 0x80, 0x31, 0x8C, 0x00, 0x00,
    0x00, 0x00, 0x00, 0x00, 0x00, 0x00, 0x00, 0x00, 0x7F, 0xFE, 0x00, 0x00, 0x7F, 0xFE, 0x7F, 0xFE,
    0x7F, 0xFE, 0x7F, 0xFE, 0x7F, 0xFE, 0x00, 0x00, 0x7F, 0xFE, 0x00, 0x00, 0x30, 0x0C, 0x00, 0x00,
    0x1F, 0xF8, 0x1F, 0xF8, 0x0F, 0xFC, 0x2F, 0xFC, 0x2F, 0xFC, 0x0F, 0xFC, 0x1F, 0xF8, 0x1F, 0xFA,
    0x1F, 0xFA, 0x1F, 0xF8, 0x0F, 0xFC, 0x2F, 0xFC, 0x2F, 0xFC, 0x0F, 0xFC, 0x1F, 0xF8, 0x1F, 0xF8,
    0x00, 0x00, 0x00, 0x00, 0x00, 0x18, 0x01, 0xC3, 0x07, 0xFF, 0x0F, 0xFF, 0x0F, 0xFF, 0x1F, 0xFF,
    0x1F, 0xFF, 0x1F, 0xFF, 0x0F, 0xFF, 0x2F, 0xFF, 0x2F, 0xFF, 0x0F, 0xFC, 0x1F, 0xF8, 0x1F, 0xF8,
    0x1F, 0xF8, 0x1F, 0xF8, 0x0F, 0xFC, 0x2F, 0xFF, 0x2F, 0xFF, 0x0F, 0xFF, 0x1F, 0xFF, 0x1F, 0xFF,
    0x1F, 0xFF, 0x1F, 0xFF, 0x0F, 0xFF, 0x2F, 0xFF, 0x2F, 0xFF, 0x0F, 0xFC, 0x1F, 0xF8, 0x1F, 0xF8,
    0x1F, 0xF8, 0x1F, 0xF8, 0x0F, 0xF0, 0xCF, 0xF3, 0xFF, 0xFF, 0xFF, 0xFF, 0xFF, 0xFF, 0xFF, 0xFF,
    0xFF, 0xFF, 0xFF, 0xFF, 0xFF, 0xFF, 0xFF, 0xFF, 0xCF, 0xF3, 0x0F, 0xF0, 0x1F, 0xF8, 0x1F, 0xF8,
    0x00, 0x00, 0x00, 0x00, 0x01, 0x80, 0x07, 0xE0, 0x0F, 0xF0, 0x0F, 0xF0, 0x1F, 0xF8, 0x5F, 0xF8,
    0x5F, 0xF8, 0x1F, 0xF8, 0x3F, 0xF0, 0x3F, 0xF4, 0x3F, 0xF4, 0x3F, 0xF0, 0x1F, 0xF8, 0x1F, 0xF8,
    0x00, 0x00, 0x00, 0x00, 0x00, 0x00, 0x00, 0x00, 0x00, 0x00, 0x00, 0x00, 0x03, 0xC0, 0x02, 0x40,
    0x02, 0x40, 0x02, 0x40, 0x02, 0x40, 0x02, 0x40, 0x02, 0x40, 0x02, 0x40, 0x02, 0x40, 0x00, 0x00,
    0x00, 0x00, 0x02, 0x40, 0x02, 0x40, 0x02, 0x40, 0x02, 0x40, 0x02, 0x40, 0x02, 0x40, 0x02, 0x40,
    0x02, 0x40, 0x02, 0x40, 0x02, 0x40, 0x02, 0x40, 0x02, 0x40, 0x02, 0x40, 0x02, 0x40, 0x00, 0x00,
    0x00, 0x00, 0x00, 0x00, 0x00, 0x00, 0x00, 0x00, 0x00, 0x00, 0x00, 0x00, 0x01, 0xFE, 0x02, 0x00,
    0x02, 0x00, 0x02, 0x7E, 0x02, 0x40, 0x02, 0x40, 0x02, 0x40, 0x02, 0x40, 0x02, 0x40, 0x00, 0x00,
    0x00, 0x00, 0x02, 0x40, 0x02, 0x40, 0x02, 0x40, 0x02, 0x40, 0x02, 0x40, 0x7E, 0x7E, 0x00, 0x00,
    0x00, 0x00, 0x7E, 0x7E, 0x02, 0x40, 0x02, 0x40, 0x02, 0x40, 0x02, 0x40, 0x02, 0x40, 0x00, 0x00,
    0x00, 0x00, 0x02, 0x40, 0x02, 0x40, 0x02, 0x40, 0x02, 0x40, 0x02, 0x40, 0x02, 0x7E, 0x02, 0x00,
    0x02, 0x00, 0x02, 0x7E, 0x02, 0x40, 0x02, 0x40, 0x02, 0x40, 0x02, 0x40, 0x02, 0x40, 0x00, 0x00,
    0x00, 0x3B, 0x00, 0x3B, 0x00, 0x00, 0x00, 0x16, 0x00, 0x00, 0x00, 0x1C, 0x00, 0x1C, 0x00, 0x00,
    0x00, 0x00, 0x00, 0x00, 0x00, 0x00, 0x00, 0x00, 0x00, 0x00, 0x00, 0x00, 0x00, 0x00, 0x00, 0x00,
    0xDB, 0x80, 0xDB, 0x80, 0x00, 0x00, 0x76, 0x00, 0x70, 0x00, 0x00, 0x00, 0x20, 0x00, 0x00, 0x00,
    0x00, 0x00, 0x00, 0x00, 0x00, 0x00, 0x00, 0x00, 0x00, 0x00, 0x00, 0x00, 0x00, 0x00, 0x00, 0x00,
    0xE0, 0x00, 0x75, 0x00, 0x3A, 0x60, 0x1C, 0x08, 0x0E, 0xC0, 0x07, 0x1C, 0x03, 0x9C, 0x01, 0xC0,
    0x00, 0xE6, 0x00, 0x76, 0x00, 0x38, 0x00, 0x1C, 0x00, 0x0E, 0x00, 0x07, 0x00, 0x03, 0x00, 0x01,
    0x00, 0x07, 0x01, 0xCE, 0x05, 0xDC, 0x00, 0x38, 0x0B, 0x70, 0x00, 0xE0, 0x31, 0xC0, 0x33, 0x80,
    0x07, 0x00, 0x6E, 0x00, 0x5C, 0x00, 0x38, 0x00, 0x70, 0x00, 0xE0, 0x00, 0xC0, 0x00, 0x80, 0x00,
    0x00, 0x00, 0x00, 0x00, 0x00, 0x00, 0x00, 0x00, 0x00, 0x00, 0x03, 0xC0, 0x04, 0x60, 0x05, 0x60,
    0x05, 0x60, 0x04, 0x60, 0x03, 0xC0, 0x00, 0x00, 0x00, 0x00, 0x00, 0x00, 0x00, 0x00, 0x00, 0x00,
    0x00, 0x00, 0x00, 0x00, 0x00, 0x00, 0x00, 0x00, 0x00, 0x00, 0x07, 0xE0, 0x08, 0x10, 0x0F, 0xF0,
    0x04, 0xE0, 0x02, 0xC0, 0x01, 0x80, 0x00, 0x00, 0x00, 0x00, 0x00, 0x00, 0x00, 0x00, 0x00, 0x00,
    0x00, 0x00, 0x0F, 0xF0, 0x18, 0x18, 0x10, 0x08, 0x16, 0x68, 0x15, 0xA8, 0x17, 0xE8, 0x13, 0xC8,
    0x38, 0x1C, 0x37, 0xEC, 0x37, 0xAC, 0x07, 0xE0, 0x17, 0xE8, 0x04, 0x20, 0x04, 0x20, 0x00, 0x00,
    0x00, 0x00, 0x03, 0xC0, 0x07, 0xE0, 0x03, 0xC0, 0x07, 0xE0, 0x05, 0xA0, 0x02, 0x40, 0x19, 0x98,
    0x3C, 0x3E, 0x27, 0xE6, 0x27, 0xE0, 0x30, 0x0C, 0x37, 0xE4, 0x04, 0x24, 0x04, 0x24, 0x00, 0x00,
    0x00, 0x00, 0x03, 0xC0, 0x07, 0xE0, 0x06, 0x60, 0x0F, 0xF0, 0x00, 0x00, 0x03, 0xC0, 0x18, 0x18,
    0x3D, 0xFC, 0x36, 0xEC, 0x30, 0x0C, 0x07, 0xE0, 0x14, 0x28, 0x06, 0x60, 0x06, 0x60, 0x00, 0x00,
    0x00, 0x00, 0x03, 0xC0, 0x10, 0x08, 0x0F, 0xF0, 0x00, 0x00, 0x05, 0xA0, 0x07, 0xE0, 0x1A, 0x58,
    0x3F, 0xFC, 0x24, 0x24, 0x27, 0xE4, 0x37, 0xEC, 0x30, 0x0C, 0x06, 0x60, 0x04, 0x20, 0x00, 0x00,
    0x00, 0x00, 0x03, 0xC0, 0x08, 0x10, 0x07, 0xE0, 0x00, 0x00, 0x05, 0xA0, 0x07, 0xE0, 0x1B, 0xD8,
    0x3C, 0x3C, 0x26, 0x62, 0x26, 0x6C, 0x36, 0x64, 0x37, 0xE4, 0x00, 0x04, 0x04, 0x24, 0x00, 0x00,
    0x00, 0x00, 0x03, 0xC0, 0x07, 0xE0, 0x07, 0xE0, 0x05, 0xA0, 0x07, 0xE0, 0x03, 0xC0, 0x18, 0x18,
    0x3F, 0xFC, 0x27, 0xE4, 0x23, 0xC4, 0x28, 0x14, 0x0A, 0x50, 0x0A, 0x50, 0x08, 0x10, 0x00, 0x00,
    0x00, 0x00, 0x03, 0xC0, 0x04, 0x20, 0x03, 0xC0, 0x05, 0xA0, 0x07, 0xE0, 0x03, 0xC0, 0x18, 0x18,
    0x3E, 0x7C, 0x26, 0x64, 0x26, 0x64, 0x36, 0x6C, 0x36, 0x6C, 0x00, 0x00, 0x04, 0x20, 0x00, 0x00,
    0x00, 0x00, 0x03, 0xC0, 0x07, 0xE0, 0x07, 0xE0, 0x05, 0xA0, 0x06, 0x60, 0x01, 0x80, 0x18, 0x18,
    0x3D, 0xBC, 0x25, 0xA4, 0x24, 0x24, 0x34, 0x2C, 0x34, 0x2C, 0x07, 0xE0, 0x04, 0x20, 0x00, 0x00,
    0x00, 0x00, 0x00, 0x1E, 0x00, 0x12, 0x00, 0x16, 0x00, 0x10, 0x00, 0x20, 0x00, 0x40, 0x00, 0x80,
    0x01, 0x00, 0x02, 0x00, 0x04, 0x00, 0x08, 0x00, 0x10, 0x00, 0x60, 0x00, 0x60, 0x00, 0x00, 0x00,
    0x00, 0x00, 0x00, 0x06, 0x00, 0x2A, 0x00, 0x5C, 0x00, 0x58, 0x00, 0x24, 0x00, 0x58, 0x00, 0x80,
    0x03, 0x00, 0x01, 0x00, 0x0C, 0x00, 0x04, 0x00, 0x30, 0x00, 0x10, 0x00, 0x40, 0x00, 0x00, 0x00,
    0x00, 0x00, 0x00, 0x1C, 0x00, 0x22, 0x00, 0x2A, 0x00, 0x22, 0x00, 0x3C, 0x00, 0xC0, 0x00, 0xC0,
    0x01, 0x00, 0x02, 0x00, 0x04, 0x00, 0x08, 0x00, 0x10, 0x00, 0x60, 0x00, 0x60, 0x00, 0x00, 0x00,
    0x00, 0x00, 0x00, 0x16, 0x00, 0x16, 0x00, 0x10, 0x00, 0x1E, 0x00, 0x20, 0x00, 0x40, 0x01, 0x80,
    0x00, 0x80, 0x02, 0x00, 0x08, 0x00, 0x0C, 0x00, 0x10, 0x00, 0x60, 0x00, 0x60, 0x00, 0x00, 0x00,
    0x00, 0x00, 0x00, 0x06, 0x00, 0x2E, 0x00, 0x1C, 0x00, 0xB8, 0x00, 0x74, 0x00, 0xE0, 0x01, 0xD0,
    0x01, 0x80, 0x02, 0x00, 0x04, 0x00, 0x08, 0x00, 0x30, 0x00, 0x70, 0x00, 0x60, 0x00, 0x00, 0x00,
    0x00, 0x00, 0x07, 0xE0, 0x1C, 0x38, 0x33, 0xCC, 0x2F, 0xF4, 0x2D, 0xB4, 0x29, 0x94, 0x2F, 0xF4,
    0x29, 0x94, 0x2D, 0xB4, 0x35, 0xAC, 0x17, 0xE8, 0x19, 0x98, 0x0E, 0x70, 0x03, 0xC0, 0x00, 0x00,
    0x00, 0x00, 0x3F, 0xF8, 0x20, 0x08, 0x2F, 0xE8, 0x2B, 0xA8, 0x2F, 0xE8, 0x2C, 0x68, 0x2C, 0x68,
    0x2F, 0xE8, 0x2F, 0xE8, 0x2F, 0xE8, 0x2B, 0xA8, 0x27, 0xC8, 0x30, 0x18, 0x1F, 0xF0, 0x00, 0x00,
    0x00, 0x00, 0x0B, 0xD0, 0x1F, 0xF8, 0x10, 0x08, 0x17, 0x08, 0x17, 0x08, 0x17, 0x08, 0x17, 0x08,
    0x10, 0xE8, 0x10, 0xE8, 0x10, 0xE8, 0x10, 0xE8, 0x18, 0x18, 0x0E, 0x70, 0x03, 0xC0, 0x00, 0x00,
    0x00, 0x00, 0x23, 0xC4, 0x3F, 0xFC, 0x30, 0x0C, 0x2F, 0xF4, 0x2B, 0xD4, 0x2C, 0x34, 0x2D, 0xB4,
    0x2D, 0xB4, 0x2C, 0x34, 0x2B, 0xD4, 0x2F, 0xF4, 0x33, 0xCC, 0x1C, 0x38, 0x07, 0xE0, 0x00, 0x00,
    0x00, 0x00, 0x00, 0x00, 0x00, 0x00, 0x03, 0x80, 0x04, 0x40, 0x07, 0xC0, 0x04, 0x40, 0x07, 0xF8,
    0x04, 0x44, 0x1F, 0xFC, 0x23, 0xC4, 0x3F, 0xFC, 0x1C, 0x38, 0x00, 0x00, 0x00, 0x00, 0x00, 0x00,
    0x00, 0x00, 0x00, 0x00, 0x00, 0x30, 0x00, 0x58, 0x00, 0x28, 0x07, 0x30, 0x08, 0xC8, 0x0F, 0xF4,
    0x09, 0xF6, 0x3F, 0xFA, 0x47, 0xFA, 0x7D, 0xFE, 0x38, 0xFC, 0x00, 0x30, 0x00, 0x00, 0x00, 0x00,
    0x00, 0x00, 0x00, 0x00, 0x00, 0x00, 0x7F, 0xFE, 0x50, 0x0A, 0x71, 0x8E, 0x43, 0xC2, 0x43, 0xC2,
    0x71, 0x8E, 0x50, 0x0A, 0x7F, 0xFE, 0x00, 0x00, 0x7F, 0xFE, 0x00, 0x00, 0x00, 0x00, 0x00, 0x00,
    0x00, 0x00, 0x00, 0x00, 0x03, 0xC0, 0x0A, 0x50, 0x08, 0x10, 0x0F, 0xF0, 0x0F, 0xF0, 0x04, 0x20,
    0x05, 0x20, 0x04, 0xA0, 0x0D, 0x30, 0x0C, 0xB0, 0x0F, 0xF0, 0x07, 0xE0, 0x00, 0x00, 0x00, 0x00,
    0x00, 0x00, 0x00, 0x00, 0x03, 0xC0, 0x04, 0x20, 0x07, 0xE0, 0x03, 0xC0, 0x08, 0x10, 0x0B, 0xD0,
    0x1C, 0x38, 0x1F, 0xD8, 0x1F, 0xD8, 0x1F, 0xB8, 0x1F, 0xF8, 0x0F, 0xF0, 0x00, 0x00, 0x00, 0x00,
    0x00, 0x00, 0x00, 0x00, 0x07, 0xE0, 0x08, 0x10, 0x08, 0x10, 0x18, 0x18, 0x37, 0xEC, 0x38, 0x1C,
    0x3F, 0xFC, 0x2F, 0xF4, 0x30, 0x0C, 0x3F, 0xFC, 0x1F, 0xF8, 0x07, 0xE0, 0x00, 0x00, 0x00, 0x00,
    0x00, 0x00, 0x00, 0x00, 0x03, 0xC0, 0x0E, 0x70, 0x0F, 0xF0, 0x2F, 0xF4, 0x2E, 0x74, 0x20, 0x04,
    0x0F, 0xF0, 0x2F, 0xF4, 0x2C, 0x34, 0x28, 0x14, 0x28, 0x14, 0x0F, 0xF0, 0x00, 0x00, 0x00, 0x00,
    0x00, 0x00, 0x01, 0x80, 0x00, 0x00, 0x3F, 0xFC, 0x3F, 0xFC, 0x1F, 0xF8, 0x3F, 0xFC, 0x3F, 0xFC,
    0x1F, 0xF8, 0x3F, 0xFC, 0x3F, 0xFC, 0x00, 0x00, 0x01, 0x80, 0x09, 0x90, 0x05, 0xA0, 0x00, 0x00,
    0x00, 0x00, 0x18, 0x18, 0x5B, 0xDA, 0x5B, 0xDA, 0x18, 0x18, 0x18, 0x18, 0x18, 0x18, 0x5B, 0xDA,
    0x5B, 0xDA, 0x18, 0x18, 0x18, 0x18, 0x18, 0x18, 0x5B, 0xDA, 0x5B, 0xDA, 0x18, 0x18, 0x00, 0x00,
    0x00, 0x00, 0x00, 0x0C, 0x10, 0x00, 0x27, 0xFE, 0x0F, 0xFE, 0x1C, 0x00, 0x19, 0x0C, 0x1B, 0x8C,
    0x19, 0xCC, 0x18, 0xEC, 0x18, 0x60, 0x18, 0x0E, 0x5B, 0xDE, 0x5B, 0xD8, 0x18, 0x18, 0x00, 0x00,
    0x00, 0x00, 0x18, 0x18, 0x5B, 0xDC, 0x5B, 0xCE, 0x18, 0x06, 0x18, 0x10, 0x18, 0x1A, 0x5B, 0xDA,
    0x5B, 0xDA, 0x18, 0x1A, 0x18, 0x10, 0x18, 0x06, 0x5B, 0xCE, 0x5B, 0xDC, 0x18, 0x18, 0x00, 0x00,
    0x00, 0x00, 0x18, 0x18, 0x00, 0x00, 0x5B, 0xDA, 0x5B, 0xDA, 0x00, 0x00, 0x18, 0x18, 0x18, 0x18,
    0x18, 0x18, 0x18, 0x18, 0x00, 0x00, 0x5B, 0xDA, 0x5B, 0xDA, 0x00, 0x00, 0x18, 0x18, 0x00, 0x00,
    0x00, 0x00, 0x18, 0x00, 0x53, 0xFE, 0x5B, 0xFE, 0x08, 0x00, 0x18, 0x18, 0x18, 0x08, 0x5B, 0xDA,
    0x5B, 0xD2, 0x18, 0x18, 0x18, 0x18, 0x18, 0x18, 0x5B, 0xDA, 0x5B, 0xDA, 0x18, 0x18, 0x00, 0x00,
    0x00, 0x00, 0x00, 0x00, 0x00, 0x00, 0x12, 0x48, 0x12, 0x48, 0x12, 0x48, 0x7F, 0xFE, 0x00, 0x00,
    0x12, 0x48, 0x12, 0x48, 0x7F, 0xFE, 0x52, 0x4A, 0x40, 0x02, 0x7F, 0xFE, 0x7F, 0xFE, 0x00, 0x00,
    0x00, 0x00, 0x1F, 0xF8, 0x32, 0x4C, 0x40, 0x02, 0x1F, 0xF8, 0x60, 0x06, 0x0D, 0xB0, 0x6D, 0xB6,
    0x6D, 0xB6, 0x6D, 0xB6, 0x60, 0x06, 0x1F, 0xF8, 0x7F, 0xFE, 0x00, 0x00, 0x60, 0x06, 0x00, 0x00,
    0x00, 0x00, 0x00, 0x00, 0x00, 0x00, 0x00, 0x00, 0x7F, 0xFE, 0x00, 0x00, 0x6D, 0xB6, 0x6D, 0xB6,
    0x6D, 0xB6, 0x6D, 0xB6, 0x6D, 0xB6, 0x00, 0x00, 0x7F, 0xFE, 0x00, 0x00, 0x30, 0x0C, 0x00, 0x00,
    0xFF, 0xFF, 0xFF, 0xFF, 0xFF, 0xFF, 0xFF, 0xFF, 0xFF, 0xFF, 0xFF, 0xFF, 0xFF, 0xFF, 0xFF, 0xFF,
    0xFF, 0xFF, 0xFF, 0xFF, 0xFF, 0xFF, 0xFF, 0xFF, 0xFF, 0xFF, 0xFF, 0xFF, 0xFF, 0xFF, 0xFF, 0xFF,
    0x3F, 0xFF, 0x3F, 0xFF, 0x1F, 0xFF, 0x5F, 0xFF, 0x5F, 0xFF, 0x1F, 0xFF, 0x3F, 0xFF, 0x3F, 0xFF,
    0x3F, 0xFF, 0x3F, 0xFF, 0x1F, 0xFF, 0x5F, 0xFF, 0x5F, 0xFF, 0x1F, 0xFF, 0x3F, 0xFF, 0x3F, 0xFF,
    0x00, 0x00, 0x00, 0x18, 0x03, 0xC3, 0x0F, 0xFF, 0x1F, 0xFF, 0x1F, 0xFF, 0x3F, 0xFF, 0x3F, 0xFF,
    0x3F, 0xFF, 0x3F, 0xFF, 0x1F, 0xFF, 0x5F, 0xFF, 0x5F, 0xFF, 0x1F, 0xFF, 0x3F, 0xFF, 0x3F, 0xFF,
    0x3F, 0xFF, 0x1F, 0xFF, 0x9F, 0xFF, 0xFF, 0xFF, 0xFF, 0xFF, 0xFF, 0xFF, 0xFF, 0xFF, 0xFF, 0xFF,
    0xFF, 0xFF, 0xFF, 0xFF, 0xFF, 0xFF, 0xFF, 0xFF, 0xFF, 0xFF, 0xFF, 0xFF, 0xFF, 0xFF, 0xFF, 0xFF,
    0x03, 0xC0, 0x03, 0xC0, 0x01, 0xE0, 0x05, 0xE0, 0x05, 0xE0, 0x01, 0xE0, 0x03, 0xC0, 0x03, 0xD0,
    0x03, 0xD0, 0x03, 0xC0, 0x01, 0xE0, 0x05, 0xE0, 0x05, 0xE0, 0x01, 0xE0, 0x03, 0xC0, 0x03, 0xC0,
    0x00, 0x00, 0x00, 0x00, 0x00, 0x00, 0x00, 0x00, 0x00, 0x00, 0x00, 0x00, 0x00, 0x03, 0x00, 0xFF,
    0x01, 0xFF, 0x01, 0xFF, 0x01, 0xFC, 0x01, 0xE0, 0x01, 0xE0, 0x01, 0xE0, 0x03, 0xC0, 0x03, 0xC0,
    0x03, 0xC0, 0x03, 0xC0, 0x0F, 0xF0, 0x1F, 0xF8, 0x3F, 0xFC, 0x3F, 0xFC, 0x7F, 0xFE, 0x7F, 0xFE,
    0x7F, 0xFE, 0x7F, 0xFE, 0x3F, 0xFC, 0x3F, 0xFC, 0x1F, 0xF8, 0x0F, 0xF0, 0x03, 0xC0, 0x00, 0x00,
    0x00, 0x00, 0x74, 0x00, 0x73, 0x00, 0x00, 0xF0, 0x50, 0x0E, 0x50, 0x00, 0x56, 0xDA, 0x06, 0xDA,
    0x02, 0xDA, 0x74, 0xDA, 0x73, 0x0A, 0x04, 0xF0, 0x56, 0x0E, 0x56, 0xD0, 0x56, 0xDA, 0x00, 0x00,
    0x00, 0x00, 0x00, 0x00, 0x00, 0x00, 0x00, 0x00, 0x7F, 0xFE, 0x00, 0x00, 0x6D, 0xB6, 0x6D, 0xB6,
    0x6D, 0xB6, 0x6D, 0xB6, 0x6D, 0xB6, 0x6D, 0xB6, 0x7F, 0xFE, 0x00, 0x00, 0x6D, 0xB6, 0x00, 0x00,
    0x00, 0x00, 0x00, 0x00, 0x00, 0x00, 0x00, 0x00, 0x7F, 0xFE, 0x00, 0x00, 0x6D, 0xB6, 0x6C, 0x36,
    0x60, 0x06, 0x60, 0x06, 0x61, 0x86, 0x6D, 0xB6, 0x7F, 0xFE, 0x00, 0x00, 0x6D, 0xB6, 0x00, 0x00,
    0x00, 0x00, 0x3E, 0x7C, 0x41, 0x82, 0x3E, 0x7C, 0x7F, 0xFE, 0x0C, 0x30, 0x61, 0x86, 0x0C, 0x30,
    0x00, 0x00, 0x00, 0x00, 0x00, 0x00, 0x00, 0x00, 0x00, 0x00, 0x00, 0x00, 0x00, 0x00, 0x00, 0x00,
    0x00, 0x00, 0x01, 0x80, 0x01, 0x80, 0x03, 0xC0, 0x03, 0xC0, 0x07, 0xE0, 0x07, 0x20, 0x0F, 0x30,
    0x0B, 0xF0, 0x1F, 0xD8, 0x1F, 0xF8, 0x3F, 0xFC, 0x33, 0xFC, 0x33, 0xFC, 0x1F, 0xF8, 0x00, 0x00,
    0x00, 0x00, 0x03, 0xC0, 0x0F, 0xF0, 0x1F, 0x38, 0x1F, 0x38, 0x3F, 0xEC, 0x3F, 0xFC, 0x3F, 0xFC,
    0x3F, 0xFC, 0x3F, 0xFC, 0x33, 0xFC, 0x13, 0xF8, 0x1E, 0xF8, 0x0F, 0xF0, 0x03, 0xC0, 0x00, 0x00,
    0x00, 0x00, 0x00, 0x00, 0x00, 0x00, 0x00, 0x00, 0x00, 0x00, 0x00, 0x00, 0x00, 0x00, 0x00, 0x00,
    0x00, 0x00, 0x3F, 0xFC, 0x7F, 0xFE, 0x7F, 0xFE, 0x7F, 0xFE, 0x00, 0x00, 0x07, 0xE0, 0x00, 0x00,
    0x00, 0x00, 0x00, 0x00, 0x00, 0x00, 0x00, 0x00, 0x00, 0x00, 0x3F, 0xFC, 0x7F, 0xFE, 0x7F, 0xFE,
    0x7F, 0xFE, 0x00, 0x00, 0x00, 0x60, 0x01, 0x80, 0x06, 0x00, 0x00, 0x00, 0x07, 0xE0, 0x00, 0x00,
    0x00, 0x00, 0x3F, 0xFC, 0x7F, 0xFE, 0x7F, 0xFE, 0x7F, 0xFE, 0x00, 0x00, 0x06, 0x00, 0x01, 0x80,
    0x00, 0x60, 0x00, 0x00, 0x00, 0x60, 0x01, 0x80, 0x06, 0x00, 0x00, 0x00, 0x07, 0xE0, 0x00, 0x00,
    0x00, 0x00, 0x3F, 0x00, 0x79, 0x80, 0x51, 0xB0, 0x43, 0xC8, 0x04, 0x20, 0x07, 0xE0, 0x18, 0x18,
    0x27, 0xE4, 0x05, 0xA0, 0x3B, 0xDC, 0x78, 0x1E, 0x78, 0x1E, 0x48, 0x12, 0x28, 0x14, 0x00, 0x00,
    0x00, 0x00, 0x00, 0x00, 0x27, 0xE4, 0x5E, 0x7A, 0x0F, 0xF0, 0x2F, 0xF4, 0x50, 0x0A, 0x0F, 0xF0,
    0x1D, 0xB8, 0x47, 0xE2, 0x70, 0x0E, 0x78, 0x1E, 0x72, 0x4E, 0x3C, 0x3C, 0x00, 0x00, 0x00, 0x00,
    0x00, 0x00, 0x00, 0x00, 0x31, 0x8C, 0x4B, 0xD2, 0x44, 0x22, 0x47, 0xE2, 0x44, 0x22, 0x23, 0xC4,
    0x1C, 0x38, 0x33, 0xCC, 0x51, 0x8A, 0x17, 0xE8, 0x24, 0x24, 0x02, 0x40, 0x00, 0x00, 0x00, 0x00,
    0x00, 0x00, 0x00, 0x00, 0x33, 0xCC, 0x3C, 0x3C, 0x11, 0x88, 0x2E, 0x74, 0x2D, 0xB4, 0x23, 0xC4,
    0x2D, 0xB4, 0x28, 0x14, 0x23, 0xC4, 0x77, 0xEE, 0x65, 0xA6, 0x32, 0x4C, 0x00, 0x00, 0x00, 0x00,
    0x00, 0x00, 0x47, 0xE2, 0x6E, 0xF6, 0x4F, 0x72, 0x0E, 0xF0, 0x6F, 0xF6, 0x44, 0x22, 0x53, 0xCA,
    0x57, 0xEA, 0x57, 0xEA, 0x55, 0xAA, 0x14, 0x28, 0x12, 0x48, 0x10, 0x08, 0x08, 0x10, 0x00, 0x00,
    0x00, 0x00, 0x03, 0xC0, 0x17, 0xE8, 0x07, 0xE0, 0x2F, 0xF4, 0x4F, 0xF2, 0x4F, 0xF2, 0x44, 0x22,
    0x1B, 0xD8, 0x25, 0xA4, 0x27, 0xE4, 0x24, 0x24, 0x15, 0xA8, 0x04, 0x20, 0x02, 0x40, 0x00, 0x00,
    0x00, 0x00, 0x13, 0xC8, 0x27, 0xE4, 0x08, 0x10, 0x07, 0xE0, 0x2E, 0x74, 0x2F, 0xF4, 0x44, 0x22,
    0x1B, 0xD8, 0x27, 0xE4, 0x25, 0xA4, 0x23, 0xC4, 0x25, 0xA4, 0x20, 0x04, 0x10, 0x08, 0x00, 0x00,
    0x00, 0x00, 0x00, 0x00, 0x00, 0x00, 0x08, 0x10, 0x10, 0x08, 0x18, 0x18, 0x1D, 0xB8, 0x0D, 0xB0,
    0x03, 0xC0, 0x05, 0xA0, 0x09, 0x90, 0x02, 0x40, 0x02, 0x40, 0x00, 0x00, 0x00, 0x00, 0x00, 0x00,
    0x00, 0x00, 0x00, 0x16, 0x00, 0x2E, 0x00, 0x2C, 0x00, 0x12, 0x00, 0x2C, 0x00, 0x40, 0x00, 0x80,
    0x01, 0x00, 0x02, 0x00, 0x04, 0x00, 0x08, 0x00, 0x10, 0x00, 0x60, 0x00, 0x60, 0x00, 0x00, 0x00,
    0x00, 0x00, 0x00, 0x20, 0x00, 0x4C, 0x00, 0x5C, 0x00, 0x48, 0x00, 0x62, 0x00, 0x3C, 0x01, 0x80,
    0x00, 0x80, 0x06, 0x00, 0x02, 0x00, 0x18, 0x00, 0x08, 0x00, 0x60, 0x00, 0x60, 0x00, 0x00, 0x00,
    0x00, 0x00, 0x00, 0x06, 0x00, 0x0E, 0x00, 0x1C, 0x00, 0x18, 0x00, 0x20, 0x00, 0x40, 0x00, 0x80,
    0x01, 0x00, 0x06, 0x00, 0x0A, 0x00, 0x14, 0x00, 0x18, 0x00, 0x60, 0x00, 0x60, 0x00, 0x00, 0x00,
    0x00, 0x00, 0x00, 0x18, 0x00, 0x30, 0x00, 0x62, 0x00, 0x56, 0x00, 0xAC, 0x00, 0x58, 0x00, 0xA0,
    0x01, 0x00, 0x06, 0x00, 0x0A, 0x00, 0x14, 0x00, 0x18, 0x00, 0x20, 0x00, 0x40, 0x00, 0x00, 0x00,
    0x00, 0x00, 0x00, 0x3A, 0x00, 0x4C, 0x00, 0x0E, 0x00, 0x12, 0x00, 0x22, 0x00, 0x44, 0x01, 0x80,
    0x03, 0x80, 0x07, 0x00, 0x0E, 0x00, 0x0C, 0x00, 0x10, 0x00, 0x60, 0x00, 0x20, 0x00, 0x00, 0x00,
    0x00, 0x00, 0x00, 0x80, 0x02, 0x40, 0x04, 0x60, 0x08, 0x30, 0x10, 0x30, 0x00, 0x34, 0x6B, 0xB2,
    0x75, 0xB2, 0x00, 0x34, 0x10, 0x30, 0x08, 0x30, 0x04, 0x60, 0x02, 0x40, 0x00, 0x80, 0x00, 0x00,
    0x00, 0x00, 0x00, 0x80, 0x02, 0x40, 0x04, 0x60, 0x0A, 0x30, 0x11, 0x30, 0x00, 0x36, 0x6F, 0xB2,
    0x6F, 0xB2, 0x00, 0x36, 0x11, 0x30, 0x0A, 0x30, 0x04, 0x60, 0x02, 0x40, 0x00, 0x80, 0x00, 0x00,
    0x00, 0x00, 0x00, 0x40, 0x01, 0x20, 0x02, 0x30, 0x04, 0x18, 0x08, 0x30, 0x10, 0x64, 0x7F, 0x62,
    0x7F, 0x62, 0x10, 0x64, 0x08, 0x30, 0x04, 0x18, 0x02, 0x30, 0x01, 0x20, 0x00, 0x40, 0x00, 0x00,
    0x00, 0x00, 0x00, 0x00, 0x00, 0x00, 0x00, 0x38, 0x00, 0x18, 0x00, 0x68, 0x00, 0x20, 0x00, 0x80,
    0x01, 0x00, 0x02, 0x00, 0x04, 0x00, 0x08, 0x00, 0x10, 0x00, 0x00, 0x00, 0x00, 0x00, 0x00, 0x00,
    0x00, 0x00, 0x00, 0x00, 0x00, 0x00, 0x00, 0x38, 0x00, 0x18, 0x00, 0x68, 0x00, 0x20, 0x00, 0x80,
    0x03, 0x00, 0x03, 0x00, 0x04, 0x80, 0x09, 0x00, 0x10, 0x80, 0x00, 0x00, 0x00, 0x00, 0x00, 0x00,
    0x00, 0x00, 0x00, 0x3C, 0x00, 0x7E, 0x00, 0xFE, 0x01, 0xEE, 0x00, 0xDE, 0x00, 0x3C, 0x00, 0xB8,
    0x01, 0x10, 0x02, 0x00, 0x14, 0x00, 0x28, 0x00, 0x44, 0x00, 0x28, 0x00, 0x10, 0x00, 0x00, 0x00,
    0x00, 0x00, 0x00, 0x00, 0x07, 0xE0, 0x00, 0xF8, 0x00, 0x38, 0x00, 0x7C, 0x00, 0x2C, 0x00, 0x8C,
    0x01, 0x04, 0x02, 0x04, 0x04, 0x04, 0x08, 0x00, 0x30, 0x00, 0x30, 0x00, 0x00, 0x00, 0x00, 0x00,
    0x00, 0x00, 0x00, 0x00, 0x00, 0x0C, 0x00, 0x1C, 0x00, 0x3C, 0x00, 0x14, 0x00, 0x44, 0x00, 0x84,
    0x01, 0x08, 0x02, 0x00, 0x04, 0x00, 0x08, 0x00, 0x30, 0x00, 0x30, 0x00, 0x00, 0x00, 0x00, 0x00,
    0x00, 0x00, 0x00, 0x00, 0x1F, 0xF8, 0x0F, 0xF8, 0x2C, 0x18, 0x1D, 0xD8, 0x1C, 0x18, 0x1F, 0xF8,
    0x1F, 0xF8, 0x0F, 0xF8, 0x2F, 0xF8, 0x1F, 0xF8, 0x00, 0x00, 0x1F, 0xF8, 0x00, 0x00, 0x00, 0x00,
    0x00, 0x00, 0x00, 0x18, 0x00, 0x78, 0x01, 0xF8, 0x07, 0x98, 0x1E, 0x18, 0x18, 0x78, 0x29, 0xF8,
    0x1F, 0xF8, 0x1F, 0xE0, 0x1F, 0x88, 0x2E, 0x08, 0x19, 0xE8, 0x07, 0xE8, 0x1F, 0xF8, 0x00, 0x00,
    0x00, 0x00, 0x00, 0x00, 0x03, 0xC0, 0x02, 0x40, 0x3F, 0xFC, 0x3F, 0xFC, 0x3F, 0xFC, 0x3E, 0x7C,
    0x3F, 0xFC, 0x08, 0x10, 0x2B, 0xD4, 0x23, 0xC4, 0x3F, 0xFC, 0x3F, 0xFC, 0x00, 0x00, 0x00, 0x00,
    0x00, 0x00, 0x01, 0x80, 0x00, 0x00, 0x3F, 0xFC, 0x3F, 0x8C, 0x11, 0xE8, 0x3D, 0xDC, 0x3B, 0xBC,
    0x17, 0x88, 0x31, 0xFC, 0x3F, 0xFC, 0x00, 0x00, 0x01, 0x80, 0x09, 0x90, 0x05, 0xA0, 0x00, 0x00,
    0x00, 0x00, 0x18, 0x18, 0x18, 0x18, 0x1B, 0xD8, 0x1B, 0xD8, 0x18, 0x18, 0x18, 0x18, 0x1B, 0xD8,
    0x1B, 0xD8, 0x18, 0x18, 0x18, 0x18, 0x1B, 0xD8, 0x1B, 0xD8, 0x18, 0x18, 0x18, 0x18, 0x00, 0x00,
    0x00, 0x00, 0x18, 0x18, 0x18, 0x18, 0x1B, 0x18, 0x1B, 0xD8, 0x18, 0xD8, 0x18, 0x18, 0x18, 0xD8,
    0x1B, 0xD8, 0x1B, 0x18, 0x18, 0x18, 0x1B, 0x18, 0x1B, 0xD8, 0x18, 0xD8, 0x18, 0x18, 0x00, 0x00,
    0x00, 0x00, 0x70, 0x00, 0x70, 0x00, 0x76, 0x00, 0x76, 0x00, 0x76, 0xC0, 0x76, 0xC0, 0x46, 0xD8,
    0x46, 0xD8, 0x40, 0xDA, 0x40, 0xDA, 0x40, 0x1A, 0x40, 0x1A, 0x40, 0x02, 0x7F, 0xFE, 0x00, 0x00,
    0x00, 0x00, 0x00, 0x00, 0x3F, 0xFC, 0x20, 0x04, 0x2C, 0x04, 0x2C, 0x04, 0x2D, 0x84, 0x2D, 0x84,
    0x2D, 0xB4, 0x2D, 0xB4, 0x2D, 0xB4, 0x2D, 0xB4, 0x20, 0x04, 0x3F, 0xFC, 0x00, 0x00, 0x00, 0x00,
    0x00, 0x00, 0x5F, 0xFA, 0x5F, 0xFA, 0x40, 0x02, 0x40, 0x02, 0x5F, 0xFA, 0x5F, 0xFA, 0x40, 0x02,
    0x40, 0x02, 0x5F, 0xFA, 0x5F, 0xFA, 0x40, 0x02, 0x40, 0x02, 0x5F, 0xFA, 0x5F, 0xFA, 0x00, 0x00,
    0x00, 0x00, 0x7F, 0xFE, 0x7F, 0xFE, 0x7F, 0xFE, 0x7F, 0xFE, 0x40, 0x02, 0x5A, 0x2A, 0x5A, 0x4A,
    0x5A, 0x8A, 0x7F, 0xFE, 0x40, 0x02, 0x54, 0x5A, 0x52, 0x5A, 0x51, 0x5A, 0x7F, 0xFE, 0x00, 0x00,
    0x00, 0x00, 0x60, 0x06, 0x6F, 0xF6, 0x60, 0x06, 0x66, 0x66, 0x6C, 0x36, 0x68, 0x16, 0x60, 0x06,
    0x60, 0x06, 0x60, 0x06, 0x60, 0x06, 0x60, 0x06, 0x60, 0x06, 0x60, 0x06, 0x60, 0x06, 0x00, 0x00,
    0x00, 0x00, 0x00, 0x00, 0x18, 0x00, 0x47, 0xE0, 0x1F, 0xF8, 0x38, 0x1C, 0x20, 0x04, 0x20, 0x04,
    0x20, 0x04, 0x27, 0xE4, 0x38, 0x1C, 0x1F, 0xF8, 0x07, 0xE2, 0x00, 0x18, 0x00, 0x00, 0x00, 0x00,
    0x00, 0x00, 0x00, 0x00, 0x3F, 0xFC, 0x6F, 0xF6, 0x5F, 0xFA, 0x5F, 0xFA, 0x5F, 0xFA, 0x40, 0x02,
    0x7C, 0x3E, 0x41, 0x82, 0x5D, 0xBA, 0x5C, 0x3A, 0x5F, 0xFA, 0x60, 0x06, 0x3F, 0xFC, 0x00, 0x00,
    0x00, 0x00, 0x3F, 0xFC, 0x6F, 0xF6, 0x5F, 0xFA, 0x40, 0x02, 0x7F, 0xFE, 0x40, 0x02, 0x40, 0x02,
    0x7C, 0x3E, 0x41, 0x82, 0x5D, 0xBA, 0x5C, 0x3A, 0x5F, 0xFA, 0x60, 0x06, 0x3F, 0xFC, 0x00, 0x00,
    0x00, 0x00, 0x30, 0x0C, 0x7F, 0xFE, 0x4D, 0x52, 0x4A, 0xB2, 0x4D, 0x52, 0x4A, 0xB2, 0x4D, 0x52,
    0x4A, 0xB2, 0x6F, 0xF6, 0x7C, 0x3E, 0x45, 0xA2, 0x7D, 0xBE, 0x7C, 0x3E, 0x3F, 0xFC, 0x00, 0x00,
    0x00, 0x00, 0x30, 0x0C, 0x7F, 0xFE, 0x4D, 0x52, 0x4A, 0xB2, 0x7F, 0xFE, 0x40, 0x02, 0x40, 0x02,
    0x5F, 0xFA, 0x40, 0x02, 0x7C, 0x3E, 0x45, 0xA2, 0x7D, 0xBE, 0x7C, 0x3E, 0x3F, 0xFC, 0x00, 0x00,
    0x00, 0x00, 0x00, 0x00, 0x33, 0xCC, 0x79, 0x9E, 0x33, 0xCC, 0x79, 0x9E, 0x33, 0xCC, 0x79, 0x9E,
    0x33, 0xCC, 0x79, 0x9E, 0x33, 0xCC, 0x79, 0x9E, 0x33, 0xCC, 0x79, 0x9E, 0x00, 0x00, 0x00, 0x00,
    0x00, 0x00, 0x00, 0x00, 0x00, 0x00, 0x00, 0x00, 0x36, 0x6C, 0x36, 0x6C, 0x08, 0x10, 0x00, 0x00,
    0x00, 0x00, 0x00, 0x00, 0x00, 0x00, 0x36, 0x6C, 0x36, 0x6C, 0x08, 0x10, 0x00, 0x00, 0x00, 0x00,
    0x00, 0x00, 0x00, 0x00, 0x14, 0x28, 0x08, 0x10, 0x08, 0x10, 0x1C, 0x38, 0x08, 0x10, 0x00, 0x00,
    0x00, 0x00, 0x14, 0x28, 0x08, 0x10, 0x08, 0x10, 0x1C, 0x38, 0x08, 0x10, 0x00, 0x00, 0x00, 0x00,
    0x00, 0x00, 0x00, 0x00, 0x14, 0x28, 0x2A, 0x54, 0x36, 0x6C, 0x3E, 0x7C, 0x1C, 0x38, 0x00, 0x00,
    0x00, 0x00, 0x14, 0x28, 0x2A, 0x54, 0x36, 0x6C, 0x3E, 0x7C, 0x1C, 0x38, 0x00, 0x00, 0x00, 0x00,
    0x00, 0x00, 0x14, 0x28, 0x08, 0x10, 0x2A, 0x54, 0x3E, 0x7C, 0x1C, 0x38, 0x08, 0x10, 0x00, 0x00,
    0x14, 0x28, 0x08, 0x10, 0x2A, 0x54, 0x3E, 0x7C, 0x1C, 0x38, 0x08, 0x10, 0x00, 0x00, 0x00, 0x00,
    0x00, 0x00, 0x00, 0x00, 0x14, 0x28, 0x08, 0x10, 0x08, 0x10, 0x14, 0x28, 0x14, 0x28, 0x14, 0x28,
    0x1C, 0x38, 0x08, 0x10, 0x2A, 0x54, 0x3E, 0x7C, 0x1C, 0x38, 0x08, 0x10, 0x00, 0x00, 0x00, 0x00,
    0x00, 0x00, 0x07, 0xE0, 0x08, 0x10, 0x2F, 0xF0, 0x1F, 0xD0, 0x2B, 0xB4, 0x0F, 0xD8, 0x0F, 0xB4,
    0x0F, 0xF0, 0x0F, 0xF0, 0x1F, 0xF8, 0x17, 0xE8, 0x1B, 0xD8, 0x1F, 0xE8, 0x3F, 0xDC, 0x3F, 0xFC,
    0x00, 0x00, 0x01, 0xA0, 0x05, 0xC0, 0x03, 0x80, 0x01, 0x80, 0x01, 0x80, 0x01, 0x80, 0x03, 0xC0,
    0x03, 0xD0, 0x03, 0xE0, 0x03, 0xC0, 0x03, 0xC0, 0x07, 0xE0, 0x17, 0xE0, 0x0F, 0xE0, 0x07, 0xE0,
    0x00, 0x00, 0x05, 0xA0, 0x05, 0xC0, 0x05, 0x80, 0x03, 0x80, 0x01, 0xC0, 0x01, 0x80, 0x03, 0x80,
    0x01, 0x80, 0x01, 0xC0, 0x01, 0x80, 0x03, 0x80, 0x03, 0xC0, 0x03, 0xC0, 0x03, 0xC0, 0x07, 0xE0,
    0x3F, 0xFF, 0x31, 0x11, 0x04, 0x44, 0x1F, 0xFF, 0x07, 0xBF, 0x01, 0xEF, 0x00, 0x39, 0x00, 0x10,
    0x00, 0x10, 0x00, 0x10, 0x00, 0x10, 0x00, 0x00, 0x00, 0x00, 0x00, 0x00, 0x00, 0x00, 0x00, 0x00,
    0xFF, 0xFF, 0x8C, 0x31, 0x21, 0x84, 0xFF, 0xFF, 0xFF, 0xAF, 0xFF, 0xFF, 0x9D, 0x39, 0x09, 0x00,
    0x09, 0x00, 0x01, 0x00, 0x00, 0x00, 0x00, 0x00, 0x00, 0x00, 0x00, 0x00, 0x00, 0x00, 0x00, 0x00,
    0xFF, 0xFC, 0x88, 0x8C, 0x22, 0x20, 0xFF, 0xF8, 0xF7, 0xE0, 0xFF, 0x80, 0x9D, 0x00, 0x01, 0x00,
    0x00, 0x00, 0x00, 0x00, 0x00, 0x00, 0x00, 0x00, 0x00, 0x00, 0x00, 0x00, 0x00, 0x00, 0x00, 0x00,
    0x00, 0x00, 0x03, 0xC0, 0x07, 0xE0, 0x07, 0xE0, 0x0C, 0x30, 0x08, 0x10, 0x09, 0x90, 0x02, 0x40,
    0x03, 0xC0, 0x0B, 0xD0, 0x1B, 0xD8, 0x15, 0xA8, 0x06, 0x60, 0x17, 0xE8, 0x04, 0x20, 0x00, 0x00,
    0x00, 0x00, 0x03, 0xC0, 0x07, 0xE0, 0x17, 0xE8, 0x0C, 0x30, 0x08, 0x10, 0x01, 0x80, 0x0E, 0x70,
    0x07, 0xE0, 0x1B, 0xD8, 0x3A, 0x5C, 0x35, 0xAC, 0x07, 0xE0, 0x17, 0xE8, 0x04, 0x20, 0x00, 0x00,
    0x00, 0x00, 0x01, 0x80, 0x03, 0xC0, 0x03, 0xC0, 0x07, 0xE0, 0x05, 0xA0, 0x0F, 0xF0, 0x1E, 0x78,
    0x16, 0x68, 0x36, 0x6C, 0x27, 0xE4, 0x37, 0xEC, 0x33, 0xCC, 0x03, 0x80, 0x01, 0xC0, 0x00, 0x00,
    0x00, 0x00, 0x03, 0xC0, 0x07, 0xE0, 0x07, 0xE0, 0x05, 0xA0, 0x07, 0xE0, 0x02, 0x40, 0x1E, 0x78,
    0x3F, 0xFC, 0x27, 0xE4, 0x27, 0xE4, 0x37, 0xEC, 0x33, 0xCC, 0x03, 0x80, 0x01, 0xC0, 0x00, 0x00,
    0x00, 0x00, 0x03, 0xC0, 0x07, 0xE0, 0x07, 0xE0, 0x0D, 0xB0, 0x0F, 0xF0, 0x1C, 0x38, 0x38, 0x1C,
    0x3A, 0x5C, 0x6F, 0xF6, 0x67, 0xE6, 0x77, 0xEE, 0x37, 0xEC, 0x04, 0x20, 0x04, 0x20, 0x00, 0x00,
    0x00, 0x00, 0x03, 0xC0, 0x07, 0xE0, 0x07, 0xE0, 0x05, 0xA0, 0x07, 0xE0, 0x01, 0x80, 0x1C, 0x38,
    0x3F, 0xFC, 0x21, 0x84, 0x27, 0xE4, 0x31, 0x8C, 0x33, 0xCC, 0x04, 0x20, 0x04, 0x20, 0x00, 0x00,
    0x00, 0x00, 0x07, 0xE0, 0x37, 0xEC, 0x75, 0xAE, 0x77, 0xEE, 0x70, 0x0E, 0x7F, 0xFE, 0x7C, 0x3E,
    0x64, 0x26, 0x64, 0x26, 0x4E, 0x72, 0x6F, 0xF6, 0x6C, 0x36, 0x0C, 0x30, 0x0C, 0x30, 0x00, 0x00,
    0x00, 0x00, 0x07, 0xE0, 0x17, 0xE8, 0x14, 0x28, 0x17, 0xE8, 0x12, 0x48, 0x3A, 0x5C, 0x78, 0x1E,
    0x67, 0xE6, 0x67, 0xE6, 0x60, 0x06, 0x77, 0xEE, 0x34, 0x2C, 0x04, 0x20, 0x04, 0x20, 0x00, 0x00,
    0x00, 0x00, 0x00, 0x00, 0x00, 0x00, 0x00, 0x38, 0x00, 0x48, 0x00, 0x88, 0x01, 0x10, 0x0A, 0x20,
    0x08, 0x40, 0x04, 0x80, 0x0E, 0x00, 0x1D, 0x80, 0x18, 0x00, 0x00, 0x00, 0x00, 0x00, 0x00, 0x00,
    0x00, 0x00, 0x00, 0x00, 0x00, 0x00, 0x00, 0x38, 0x00, 0x48, 0x00, 0x88, 0x01, 0x10, 0x0A, 0x20,
    0x0C, 0x40, 0x14, 0x80, 0x0B, 0x00, 0x1D, 0x80, 0x1A, 0x00, 0x00, 0x00, 0x00, 0x00, 0x00, 0x00,
    0x00, 0x00, 0x00, 0x00, 0x00, 0x00, 0x00, 0x18, 0x00, 0x38, 0x00, 0x70, 0x00, 0xE0, 0x01, 0xC0,
    0x0B, 0x80, 0x05, 0x00, 0x06, 0x00, 0x19, 0x00, 0x18, 0x00, 0x00, 0x00, 0x00, 0x00, 0x00, 0x00,
    0x00, 0x00, 0x00, 0x00, 0x00, 0x00, 0x00, 0x38, 0x00, 0x68, 0x00, 0xD8, 0x01, 0xB0, 0x0B, 0x60,
    0x0A, 0xC0, 0x05, 0x80, 0x06, 0x00, 0x11, 0x80, 0x18, 0x00, 0x00, 0x00, 0x00, 0x00, 0x00, 0x00,
    0x00, 0x00, 0x00, 0x00, 0x00, 0x00, 0x00, 0x38, 0x00, 0x78, 0x00, 0xD8, 0x01, 0xB0, 0x0B, 0x60,
    0x08, 0xC0, 0x04, 0x80, 0x0E, 0x00, 0x15, 0x80, 0x18, 0x00, 0x00, 0x00, 0x00, 0x00, 0x00, 0x00,
    0x00, 0x00, 0x00, 0x06, 0x00, 0x02, 0x00, 0x0A, 0x00, 0x12, 0x00, 0x22, 0x00, 0x46, 0x00, 0x84,
    0x01, 0x04, 0x02, 0x0C, 0x04, 0x08, 0x08, 0x18, 0x10, 0x70, 0x43, 0xC0, 0x7E, 0x00, 0x00, 0x00,
    0x00, 0x00, 0x00, 0x06, 0x00, 0x02, 0x00, 0x0A, 0x00, 0x12, 0x00, 0x22, 0x00, 0x46, 0x00, 0x80,
    0x01, 0x0C, 0x02, 0x0C, 0x04, 0x00, 0x08, 0x08, 0x10, 0xD8, 0x42, 0xC0, 0x7E, 0x00, 0x00, 0x00,
    0x00, 0x00, 0x00, 0x06, 0x00, 0x02, 0x00, 0x0A, 0x00, 0x12, 0x00, 0x20, 0x00, 0x46, 0x00, 0x80,
    0x01, 0x04, 0x02, 0x0C, 0x04, 0x08, 0x08, 0x18, 0x10, 0x70, 0x42, 0xC0, 0x7A, 0x00, 0x00, 0x00,
    0x00, 0x00, 0x00, 0x06, 0x00, 0x02, 0x00, 0x0A, 0x00, 0x12, 0x00, 0x22, 0x00, 0x46, 0x00, 0x80,
    0x01, 0x0C, 0x02, 0x28, 0x04, 0x60, 0x08, 0x00, 0x10, 0xC0, 0x42, 0x80, 0x7E, 0x00, 0x00, 0x00,
    0x00, 0x00, 0x00, 0x06, 0x00, 0x02, 0x00, 0x0A, 0x00, 0x12, 0x00, 0x24, 0x00, 0x48, 0x00, 0x88,
    0x01, 0x08, 0x02, 0x08, 0x04, 0x30, 0x08, 0x30, 0x13, 0xC0, 0x44, 0x00, 0x78, 0x00, 0x00, 0x00,
    0x00, 0x00, 0x00, 0x0C, 0x00, 0x04, 0x00, 0x10, 0x00, 0x20, 0x00, 0x8C, 0x01, 0x44, 0x02, 0x20,
    0x04, 0x70, 0x08, 0xE0, 0x11, 0xC8, 0x23, 0x88, 0x27, 0x10, 0x2E, 0x60, 0x3C, 0x00, 0x00, 0x00,
    0x00, 0x00, 0x00, 0x00, 0x01, 0x80, 0x02, 0x40, 0x03, 0xC0, 0x0B, 0xD0, 0x19, 0x98, 0x20, 0x04,
    0x20, 0x04, 0x20, 0x04, 0x20, 0x04, 0x10, 0x08, 0x0C, 0x30, 0x03, 0xC0, 0x00, 0x00, 0x00, 0x00,
    0x00, 0x00, 0x00, 0x00, 0x01, 0x80, 0x06, 0x60, 0x03, 0xC0, 0x0B, 0xD0, 0x19, 0x98, 0x22, 0x44,
    0x20, 0x04, 0x20, 0x04, 0x20, 0x04, 0x10, 0x08, 0x0C, 0x30, 0x03, 0xC0, 0x00, 0x00, 0x00, 0x00,
    0x00, 0x00, 0x00, 0x00, 0x00, 0x00, 0x01, 0x80, 0x02, 0x40, 0x0B, 0xD0, 0x18, 0x18, 0x24, 0x24,
    0x20, 0x04, 0x20, 0x04, 0x20, 0x04, 0x10, 0x08, 0x0C, 0x30, 0x03, 0xC0, 0x00, 0x00, 0x00, 0x00,
    0x00, 0x00, 0x00, 0x00, 0x03, 0xC0, 0x06, 0x60, 0x03, 0xC0, 0x0B, 0xD0, 0x19, 0x98, 0x20, 0x04,
    0x20, 0x04, 0x20, 0x04, 0x20, 0x04, 0x10, 0x08, 0x0C, 0x30, 0x03, 0xC0, 0x00, 0x00, 0x00, 0x00,
    0x00, 0x00, 0x00, 0x00, 0x3B, 0xDC, 0x3F, 0xFC, 0x3B, 0xDC, 0x15, 0xA8, 0x3B, 0xDC, 0x3F, 0xFC,
    0x3F, 0xFC, 0x3B, 0xDC, 0x15, 0xA8, 0x3B, 0xDC, 0x3F, 0xFC, 0x3B, 0xDC, 0x00, 0x00, 0x00, 0x00,
    0x00, 0x00, 0x01, 0x80, 0x00, 0x00, 0x3F, 0xFC, 0x3F, 0xFC, 0x1D, 0xF8, 0x30, 0x1C, 0x30, 0x0C,
    0x1D, 0xF8, 0x3F, 0xFC, 0x3F, 0xFC, 0x00, 0x00, 0x01, 0x80, 0x09, 0x90, 0x05, 0xA0, 0x00, 0x00,
    0x00, 0x00, 0x01, 0x80, 0x1F, 0xF0, 0x1F, 0xF8, 0x1F, 0xF8, 0x1F, 0xF0, 0x00, 0x00, 0x0F, 0xF8,
    0x1F, 0xF8, 0x1F, 0xF8, 0x0F, 0xF8, 0x00, 0x00, 0x01, 0x80, 0x09, 0x90, 0x05, 0xA0, 0x00, 0x00,
    0x00, 0x00, 0x01, 0x80, 0x00, 0x00, 0x1F, 0xF8, 0x1F, 0xF8, 0x18, 0x18, 0x1F, 0xF8, 0x18, 0x18,
    0x1F, 0xF8, 0x1F, 0xF8, 0x00, 0x00, 0x01, 0x80, 0x01, 0x80, 0x09, 0x90, 0x05, 0xA0, 0x00, 0x00,
    0x00, 0x00, 0x00, 0x00, 0x7F, 0xFE, 0x40, 0x02, 0x7F, 0xFE, 0x7C, 0x3E, 0x7C, 0x3E, 0x00, 0x00,
    0x67, 0xE6, 0x7F, 0xFE, 0x7F, 0xFE, 0x00, 0x00, 0x18, 0x18, 0x18, 0x18, 0x18, 0x18, 0x00, 0x00,
    0x00, 0x00, 0x7F, 0xFE, 0x7F, 0xFE, 0x7F, 0xFE, 0x7F, 0xFE, 0x40, 0x02, 0x5A, 0x2A, 0x5A, 0x4A,
    0x5A, 0x8A, 0x7F, 0xFE, 0x40, 0x02, 0x54, 0x5A, 0x52, 0x5A, 0x51, 0x5A, 0x7F, 0xFE, 0x00, 0x00,
    0x00, 0x00, 0x00, 0x00, 0x00, 0x00, 0x00, 0x78, 0x00, 0xF8, 0x00, 0x58, 0x7E, 0xF2, 0x7E, 0xC6,
    0x7E, 0x1E, 0x7F, 0xFE, 0x40, 0x02, 0x54, 0x5A, 0x54, 0x9A, 0x55, 0x1A, 0x7F, 0xFE, 0x00, 0x00,
    0x00, 0x00, 0x7F, 0xFE, 0x7F, 0xFE, 0x7F, 0xFE, 0x00, 0x00, 0x7F, 0xFE, 0x40, 0x02, 0x5E, 0x7A,
    0x5E, 0x7A, 0x5E, 0x7A, 0x5C, 0x3A, 0x5E, 0x7A, 0x5E, 0x7A, 0x5E, 0x7A, 0x40, 0x02, 0x00, 0x00,
    0x00, 0x00, 0x7F, 0xFE, 0x7F, 0xFE, 0x7F, 0xFE, 0x00, 0x00, 0x7F, 0xFE, 0x40, 0x02, 0x50, 0x0A,
    0x50, 0x0A, 0x50, 0x0A, 0x50, 0x0A, 0x50, 0x0A, 0x50, 0x0A, 0x50, 0x0A, 0x40, 0x02, 0x00, 0x00,
    0x00, 0x00, 0x7F, 0xFE, 0x7F, 0xFE, 0x7F, 0xFE, 0x7F, 0xFE, 0x7F, 0xFE, 0x7F, 0xFE, 0x00, 0x00,
    0x7F, 0xFE, 0x40, 0x02, 0x5E, 0x7A, 0x5E, 0x7A, 0x5C, 0x3A, 0x5E, 0x7A, 0x40, 0x02, 0x00, 0x00,
    0x00, 0x00, 0x7F, 0xFE, 0x7F, 0xFE, 0x7F, 0xFE, 0x7F, 0xFE, 0x7F, 0xFE, 0x7F, 0xFE, 0x00, 0x00,
    0x7F, 0xFE, 0x40, 0x02, 0x50, 0x0A, 0x50, 0x0A, 0x50, 0x0A, 0x50, 0x0A, 0x40, 0x02, 0x00, 0x00,
    0x00, 0x00, 0x7F, 0xFE, 0x7F, 0xFE, 0x00, 0x00, 0x7F, 0xFE, 0x40, 0x02, 0x5E, 0x7A, 0x5C, 0x3A,
    0x5E, 0x7A, 0x40, 0x02, 0x7F, 0xFE, 0x00, 0x00, 0x00, 0x00, 0x00, 0x00, 0x00, 0x00, 0x00, 0x00,
    0x00, 0x00, 0x7F, 0xFE, 0x7F, 0xFE, 0x00, 0x00, 0x7F, 0xFE, 0x40, 0x02, 0x50, 0x0A, 0x50, 0x0A,
    0x50, 0x0A, 0x40, 0x02, 0x7F, 0xFE, 0x00, 0x00, 0x00, 0x00, 0x00, 0x00, 0x00, 0x00, 0x00, 0x00,
    0x00, 0x00, 0x7C, 0x3E, 0x01, 0x80, 0x7F, 0xFE, 0x71, 0x8E, 0x70, 0x0E, 0x77, 0xEE, 0x7F, 0xFE,
    0x00, 0x00, 0x7F, 0xFE, 0x40, 0x02, 0x5E, 0x7A, 0x5C, 0x3A, 0x5E, 0x7A, 0x40, 0x02, 0x00, 0x00,
    0x00, 0x00, 0x1F, 0xF8, 0x1F, 0xF8, 0x1F, 0xF8, 0x00, 0x00, 0x1F, 0xF8, 0x10, 0x08, 0x17, 0xE8,
    0x17, 0xE8, 0x17, 0xE8, 0x17, 0xA8, 0x17, 0xA8, 0x17, 0xE8, 0x17, 0xE8, 0x10, 0x08, 0x00, 0x00,
    0x00, 0x00, 0x1F, 0xF8, 0x1F, 0xF8, 0x1F, 0xF8, 0x1F, 0xF8, 0x1F, 0xF8, 0x00, 0x00, 0x1F, 0xF8,
    0x10, 0x08, 0x16, 0x68, 0x15, 0xA8, 0x15, 0xA8, 0x16, 0x68, 0x17, 0xE8, 0x10, 0x08, 0x00, 0x00,
    0x00, 0x00, 0x00, 0x00, 0x00, 0x00, 0x1F, 0xF8, 0x1F, 0xF8, 0x0B, 0xF0, 0x19, 0x18, 0x18, 0x18,
    0x0B, 0xD0, 0x1F, 0xF8, 0x1F, 0xF8, 0x00, 0x00, 0x01, 0x80, 0x01, 0x80, 0x00, 0x00, 0x00, 0x00,
    0x00, 0x00, 0x00, 0x00, 0x00, 0x00, 0x1F, 0xF8, 0x1F, 0xF8, 0x0C, 0x70, 0x1D, 0x38, 0x1D, 0x38,
    0x0C, 0x70, 0x1F, 0xF8, 0x1F, 0xF8, 0x00, 0x00, 0x01, 0x80, 0x01, 0x80, 0x00, 0x00, 0x00, 0x00,
    0x00, 0x00, 0x10, 0x08, 0x00, 0x00, 0x7F, 0xFE, 0x60, 0x06, 0x2F, 0xF4, 0x6F, 0xF6, 0x6F, 0xF6,
    0x2F, 0xF4, 0x60, 0x06, 0x7F, 0xFE, 0x00, 0x00, 0x10, 0x08, 0x10, 0x08, 0x10, 0x08, 0x00, 0x00,
    0x00, 0x00, 0x40, 0x02, 0x10, 0x08, 0x5F, 0xFA, 0x5F, 0xFA, 0x5F, 0xFA, 0x1F, 0xF8, 0x4F, 0xF2,
    0x40, 0x02, 0x40, 0x02, 0x40, 0x02, 0x40, 0x02, 0x40, 0x02, 0x40, 0x02, 0x40, 0x02, 0x00, 0x00,
    0x00, 0x00, 0x00, 0x00, 0x00, 0x00, 0x00, 0x00, 0x00, 0x00, 0x18, 0x18, 0x38, 0x1C, 0x2B, 0xDC,
    0x17, 0xE8, 0x0F, 0xF0, 0x0E, 0xD0, 0x0E, 0xD0, 0x2F, 0x34, 0x2F, 0xE4, 0x0C, 0x10, 0x08, 0x10,
    0x00, 0x00, 0x00, 0x00, 0x00, 0x00, 0x00, 0x00, 0x18, 0x18, 0x38, 0x1C, 0x2B, 0xDC, 0x17, 0xE8,
    0x0F, 0xF0, 0x0E, 0xD0, 0x2E, 0xD4, 0x2F, 0x34, 0x0F, 0xF0, 0x06, 0x00, 0x03, 0x60, 0x00, 0x00,
    0x00, 0x00, 0x00, 0x00, 0x00, 0x00, 0x00, 0x00, 0x18, 0x18, 0x38, 0x1C, 0x2B, 0xDC, 0x17, 0xE8,
    0x0F, 0xF0, 0x0E, 0xD0, 0x2E, 0xD4, 0x2F, 0x34, 0x0F, 0xE0, 0x0C, 0x08, 0x18, 0x18, 0x00, 0x00,
    0x00, 0x00, 0x00, 0x00, 0x00, 0x00, 0x18, 0x18, 0x38, 0x1C, 0x2B, 0xDC, 0x17, 0xE8, 0x0F, 0xF0,
    0x0E, 0xD0, 0x0E, 0xD0, 0x6F, 0x36, 0x0F, 0xE0, 0x0C, 0x18, 0x18, 0x08, 0x00, 0x00, 0x00, 0x00,
    0x00, 0x00, 0x00, 0x00, 0x00, 0x00, 0x00, 0x00, 0x00, 0x00, 0x18, 0x18, 0x38, 0x1C, 0x2B, 0xDC,
    0x17, 0xE8, 0x4E, 0xD2, 0x4E, 0xD2, 0x2F, 0x34, 0x0F, 0xF0, 0x0F, 0xE0, 0x0C, 0x10, 0x08, 0x10,
    0x00, 0x00, 0x00, 0x00, 0x00, 0x00, 0x00, 0x00, 0x00, 0x00, 0x00, 0x00, 0x00, 0x00, 0x00, 0x00,
    0x0C, 0x0C, 0x1C, 0x0E, 0x15, 0xEE, 0x0B, 0xF4, 0x07, 0xF8, 0x07, 0xF8, 0x16, 0x68, 0x77, 0xF8,
    0x03, 0xC0, 0x04, 0x20, 0x08, 0x10, 0x08, 0x10, 0x0A, 0x50, 0x08, 0x10, 0x3C, 0x3C, 0x43, 0xC2,
    0x40, 0x02, 0x58, 0x1A, 0x58, 0x1A, 0x48, 0x12, 0x4B, 0xD2, 0x3A, 0x5C, 0x0A, 0x50, 0x0E, 0x70,
    0x00, 0x00, 0x00, 0x00, 0x00, 0x70, 0x00, 0xF8, 0x00, 0xDE, 0x00, 0xF0, 0x01, 0xFC, 0x26, 0x08,
    0x3F, 0xF0, 0x3E, 0xD8, 0x3D, 0xD8, 0x1E, 0x38, 0x07, 0xF0, 0x00, 0x80, 0x00, 0x00, 0x00, 0x00,
    0x00, 0x00, 0x00, 0x40, 0x00, 0xB0, 0x00, 0x78, 0x00, 0x6C, 0x00, 0xF8, 0x01, 0xF8, 0x26, 0x0C,
    0x3F, 0xF0, 0x3E, 0xD8, 0x3E, 0xD8, 0x1F, 0x38, 0x07, 0xF0, 0x00, 0x80, 0x00, 0x00, 0x00, 0x00,
    0x00, 0x00, 0x00, 0x00, 0x00, 0x50, 0x01, 0xFC, 0x00, 0x78, 0x00, 0xD4, 0x2E, 0xFE, 0x5F, 0xFE,
    0x54, 0xEC, 0x5C, 0xA0, 0x1F, 0xE0, 0x1D, 0xA0, 0x11, 0x20, 0x15, 0x20, 0x00, 0x00, 0x00, 0x00,
    0x00, 0x00, 0x00, 0x50, 0x01, 0x70, 0x01, 0x78, 0x02, 0xD4, 0x02, 0xFE, 0x02, 0xFE, 0x2F, 0xEC,
    0x5F, 0xE0, 0x5F, 0xE0, 0x5F, 0xE0, 0x5F, 0xA0, 0x51, 0x20, 0x15, 0x20, 0x15, 0x20, 0x00, 0x00,
    0x00, 0x00, 0x00, 0x00, 0x40, 0x00, 0x20, 0x00, 0x40, 0x84, 0x1E, 0xFC, 0x7E, 0xFC, 0x7D, 0x7A,
    0x7D, 0xCE, 0x7D, 0xB6, 0x7E, 0xB4, 0x7F, 0x00, 0x3F, 0xF8, 0x24, 0x88, 0x00, 0x00, 0x00, 0x00,
    0x00, 0x00, 0x00, 0x00, 0x02, 0x20, 0x03, 0xE0, 0x02, 0xA0, 0x13, 0x60, 0x31, 0xC0, 0x22, 0x20,
    0x23, 0xE0, 0x37, 0xF0, 0x17, 0xF0, 0x16, 0xB0, 0x06, 0xB0, 0x02, 0xA0, 0x00, 0x00, 0x00, 0x00,
    0x00, 0x00, 0x00, 0x00, 0x00, 0xD8, 0x00, 0x40, 0x00, 0x78, 0x30, 0x56, 0x70, 0xFE, 0x61, 0xFC,
    0x47, 0xF0, 0x4F, 0xF0, 0x3F, 0xF0, 0x1F, 0x50, 0x18, 0x50, 0x0E, 0x50, 0x00, 0x00, 0x00, 0x00,
    0x00, 0x00, 0x00, 0x06, 0x00, 0x0E, 0x00, 0x1C, 0x00, 0x38, 0x00, 0x70, 0x00, 0xE0, 0x11, 0xC0,
    0x0B, 0x80, 0x1D, 0x00, 0x0E, 0x00, 0x1F, 0x00, 0x2A, 0x80, 0x50, 0x00, 0x60, 0x00, 0x00, 0x00,
    0x00, 0x00, 0x00, 0x06, 0x00, 0x0E, 0x00, 0x1C, 0x00, 0x38, 0x00, 0x70, 0x00, 0xE0, 0x11, 0xC0,
    0x2B, 0x80, 0x1D, 0x00, 0x0E, 0x00, 0x0F, 0x00, 0x22, 0x80, 0x71, 0x00, 0x60, 0x00, 0x00, 0x00,
    0x00, 0x00, 0x00, 0x06, 0x00, 0x0E, 0x00, 0x1C, 0x00, 0x38, 0x00, 0x70, 0x00, 0xE0, 0x01, 0xC0,
    0x3B, 0x80, 0x1D, 0x00, 0x0E, 0x00, 0x17, 0x00, 0x2B, 0x00, 0x71, 0x00, 0x60, 0x00, 0x00, 0x00,
    0x00, 0x00, 0x00, 0x06, 0x00, 0x0E, 0x00, 0x1C, 0x00, 0x38, 0x00, 0x70, 0x00, 0xE0, 0x01, 0xC0,
    0x23, 0x80, 0x17, 0x00, 0x0A, 0x00, 0x1C, 0x00, 0x2A, 0x00, 0x51, 0x00, 0x60, 0x00, 0x00, 0x00,
    0x00, 0x00, 0x00, 0x06, 0x00, 0x0E, 0x00, 0x1C, 0x00, 0x30, 0x00, 0x70, 0x00, 0x60, 0x01, 0xC0,
    0x23, 0x80, 0x37, 0x00, 0x1A, 0x00, 0x1C, 0x00, 0x3E, 0x00, 0x53, 0x00, 0x60, 0x00, 0x00, 0x00,
    0x00, 0x00, 0x00, 0xC0, 0x01, 0xE0, 0x03, 0xF8, 0x03, 0xD8, 0x01, 0xAC, 0x00, 0xDE, 0x00, 0xFE,
    0x01, 0x3C, 0x06, 0x18, 0x02, 0x00, 0x18, 0x00, 0x08, 0x00, 0x60, 0x00, 0x60, 0x00, 0x00, 0x00,
    0x00, 0x00, 0x00, 0xE0, 0x01, 0x80, 0x03, 0xF0, 0x02, 0xD8, 0x02, 0xAA, 0x00, 0xDA, 0x00, 0xFE,
    0x01, 0x0C, 0x02, 0x38, 0x04, 0x00, 0x18, 0x00, 0x08, 0x00, 0x60, 0x00, 0x60, 0x00, 0x00, 0x00,
    0x00, 0x00, 0x01, 0xE0, 0x03, 0x90, 0x03, 0x80, 0x02, 0x44, 0x02, 0x22, 0x01, 0x52, 0x00, 0x0E,
    0x01, 0x4E, 0x02, 0x3C, 0x04, 0x00, 0x08, 0x00, 0x10, 0x00, 0x60, 0x00, 0x60, 0x00, 0x00, 0x00,
    0x00, 0x00, 0x00, 0x00, 0x01, 0x84, 0x01, 0xC8, 0x00, 0xB4, 0x00, 0x76, 0x00, 0x6E, 0x00, 0x9E,
    0x01, 0x7E, 0x06, 0x3C, 0x06, 0x00, 0x08, 0x00, 0x10, 0x00, 0x60, 0x00, 0x20, 0x00, 0x00, 0x00,
    0x00, 0x00, 0x03, 0xE0, 0x03, 0xCC, 0x03, 0xEC, 0x03, 0xD0, 0x02, 0xAA, 0x00, 0x5E, 0x00, 0xBE,
    0x01, 0x1E, 0x02, 0x3E, 0x04, 0x00, 0x18, 0x00, 0x18, 0x00, 0x20, 0x00, 0x40, 0x00, 0x00, 0x00,
    0x00, 0x00, 0x00, 0x60, 0x00, 0xC0, 0x01, 0xE8, 0x03, 0xF0, 0x02, 0xE0, 0x00, 0x40, 0x00, 0x80,
    0x01, 0x00, 0x02, 0x00, 0x04, 0x00, 0x08, 0x00, 0x10, 0x00, 0x60, 0x00, 0x60, 0x00, 0x00, 0x00,
    0x00, 0x00, 0x00, 0x00, 0x00, 0x00, 0x03, 0xC0, 0x0C, 0x30, 0x10, 0x08, 0x20, 0x04, 0x20, 0x04,
    0x10, 0x08, 0x0C, 0x30, 0x02, 0x40, 0x01, 0x80, 0x03, 0xC0, 0x01, 0x80, 0x00, 0x00, 0x00, 0x00,
    0x00, 0x00, 0x00, 0x00, 0x00, 0x00, 0x03, 0xC0, 0x0C, 0x30, 0x10, 0x08, 0x20, 0x04, 0x20, 0x04,
    0x10, 0x08, 0x0C, 0x30, 0x02, 0x40, 0x01, 0x80, 0x02, 0x40, 0x01, 0x80, 0x00, 0x00, 0x00, 0x00,
    0x00, 0x00, 0x00, 0x00, 0x00, 0x00, 0x03, 0xC0, 0x0C, 0x30, 0x10, 0x08, 0x20, 0x04, 0x20, 0x04,
    0x10, 0x08, 0x0D, 0xB0, 0x02, 0x40, 0x02, 0x40, 0x01, 0x80, 0x00, 0x00, 0x00, 0x00, 0x00, 0x00,
    0x00, 0x00, 0x00, 0x00, 0x00, 0x00, 0x03, 0xC0, 0x0C, 0x30, 0x10, 0x08, 0x20, 0x04, 0x20, 0x04,
    0x10, 0x08, 0x0D, 0xB0, 0x01, 0x80, 0x01, 0x80, 0x02, 0x40, 0x03, 0xC0, 0x00, 0x00, 0x00, 0x00,
    0x00, 0x00, 0x00, 0x00, 0x00, 0x00, 0x3B, 0xFC, 0x64, 0xFE, 0x5B, 0x7E, 0x5F, 0x7E, 0x5F, 0x7E,
    0x6E, 0xFC, 0x2E, 0x80, 0x2E, 0xF8, 0x20, 0xF8, 0x3F, 0xF8, 0x00, 0x00, 0x00, 0x00, 0x00, 0x00,
    0x00, 0x00, 0x01, 0x80, 0x00, 0x00, 0x3F, 0xFC, 0x3C, 0x3C, 0x1E, 0x78, 0x3E, 0x7C, 0x3C, 0x3C,
    0x1C, 0x38, 0x3C, 0x3C, 0x3F, 0xFC, 0x00, 0x00, 0x01, 0x80, 0x09, 0x90, 0x05, 0xA0, 0x00, 0x00,
    0x00, 0x00, 0x07, 0xE0, 0x0F, 0xF0, 0x0C, 0x30, 0x08, 0x90, 0x29, 0x54, 0x3A, 0xDC, 0x29, 0x94,
    0x2B, 0x14, 0x2A, 0x14, 0x28, 0x14, 0x2F, 0xF4, 0x20, 0x04, 0x3F, 0xFC, 0x18, 0x18, 0x00, 0x00,
    0x00, 0x00, 0x00, 0x00, 0x00, 0x00, 0x00, 0x00, 0x00, 0x00, 0x0F, 0xF0, 0x18, 0x18, 0x10, 0x08,
    0x10, 0x08, 0x18, 0x18, 0x1F, 0xF8, 0x0F, 0xF0, 0x00, 0x00, 0x0B, 0xD0, 0x08, 0x10, 0x00, 0x00,
    0x00, 0x00, 0x7F, 0xFE, 0x40, 0x02, 0x40, 0x02, 0x40, 0x02, 0x40, 0x02, 0x40, 0x02, 0x40, 0x02,
    0x40, 0x02, 0x7F, 0xFE, 0x3F, 0xFC, 0x00, 0x00, 0x37, 0xEC, 0x30, 0x0C, 0x30, 0x0C, 0x00, 0x00,
    0x00, 0x00, 0x7F, 0xFE, 0x40, 0x00, 0x40, 0x00, 0x40, 0x00, 0x40, 0x00, 0x40, 0x00, 0x40, 0x00,
    0x40, 0x00, 0x7F, 0xFE, 0x3F, 0xFE, 0x00, 0x00, 0x37, 0xFE, 0x30, 0x00, 0x30, 0x00, 0x00, 0x00,
    0x00, 0x00, 0x7F, 0xFE, 0x00, 0x00, 0x00, 0x00, 0x00, 0x00, 0x00, 0x00, 0x00, 0x00, 0x00, 0x00,
    0x00, 0x00, 0x7F, 0xFE, 0x7F, 0xFE, 0x00, 0x00, 0x7F, 0xFE, 0x00, 0x00, 0x00, 0x00, 0x00, 0x00,
    0x00, 0x00, 0x60, 0x00, 0x60, 0x00, 0x60, 0x00, 0x7F, 0xFC, 0x68, 0xFE, 0x6D, 0xFE, 0x6D, 0xFE,
    0x6C, 0xAA, 0x6D, 0x56, 0x60, 0x02, 0x7F, 0xFE, 0x00, 0x00, 0x6F, 0xF6, 0x60, 0x06, 0x00, 0x00,
    0x00, 0x00, 0x18, 0x00, 0x18, 0x00, 0x18, 0x00, 0x1F, 0xFE, 0x1B, 0x1E, 0x1B, 0xBE, 0x1B, 0xBE,
    0x1B, 0x94, 0x1B, 0xAA, 0x18, 0x00, 0x1F, 0xFE, 0x00, 0x00, 0x1B, 0xFE, 0x18, 0x00, 0x00, 0x00,
    0x00, 0x00, 0x00, 0x00, 0x00, 0x00, 0x00, 0x18, 0x7F, 0xF8, 0x7F, 0xD8, 0x7F, 0xD8, 0x7F, 0xD8,
    0x2A, 0x98, 0x55, 0x58, 0x00, 0x18, 0x7F, 0xF8, 0x00, 0x00, 0x7F, 0xD8, 0x00, 0x18, 0x00, 0x00,
    0x00, 0x00, 0x07, 0x60, 0x00, 0x00, 0x06, 0xE0, 0x00, 0x00, 0x1F, 0xF8, 0x30, 0x0C, 0x30, 0x0C,
    0x3F, 0xFC, 0x3F, 0xFC, 0x30, 0x0C, 0x32, 0xAC, 0x35, 0x4C, 0x30, 0x0C, 0x37, 0xEC, 0x00, 0x00,
    0x00, 0x00, 0x07, 0xE0, 0x07, 0xE0, 0x07, 0xE0, 0x17, 0xE8, 0x37, 0xEC, 0x77, 0xEE, 0x70, 0x0E,
    0x7F, 0xFE, 0x40, 0x02, 0x10, 0x08, 0x32, 0xAC, 0x35, 0x4C, 0x30, 0x0C, 0x37, 0xEC, 0x00, 0x00,
    0x00, 0x00, 0x00, 0x00, 0x07, 0xE0, 0x0B, 0xD0, 0x0B, 0xD0, 0x18, 0x18, 0x24, 0x34, 0x20, 0x04,
    0x30, 0x0C, 0x3C, 0x3C, 0x2F, 0xF4, 0x13, 0xC8, 0x0C, 0x30, 0x03, 0xC0, 0x00, 0x00, 0x00, 0x00,
    0x00, 0x00, 0x7F, 0xFE, 0x00, 0x00, 0x63, 0xC6, 0x5D, 0xBA, 0x5D, 0xBA, 0x63, 0xC6, 0x7F, 0xFE,
    0x00, 0x00, 0x7F, 0xFE, 0x40, 0x02, 0x5E, 0x7A, 0x5F, 0xFA, 0x5F, 0xFA, 0x40, 0x02, 0x00, 0x00,
    0x00, 0x00, 0x7F, 0xFE, 0x00, 0x00, 0x6E, 0x76, 0x4E, 0x72, 0x40, 0x02, 0x4E, 0x72, 0x4E, 0x72,
    0x40, 0x02, 0x7F, 0xFE, 0x40, 0x02, 0x5E, 0x7A, 0x50, 0x0A, 0x5F, 0xFA, 0x40, 0x02, 0x00, 0x00,
    0x00, 0x00, 0x00, 0x00, 0x00, 0x00, 0x1F, 0xF8, 0x00, 0x00, 0x1F, 0xF8, 0x18, 0x18, 0x18, 0x18,
    0x19, 0x98, 0x1F, 0xF8, 0x00, 0x00, 0x1F, 0xF8, 0x17, 0xE8, 0x17, 0xE8, 0x10, 0x08, 0x00, 0x00,
    0x00, 0x00, 0x7F, 0xFE, 0x50, 0x00, 0x64, 0x08, 0x40, 0x00, 0x07, 0xF8, 0x0F, 0xFC, 0x0D, 0xFC,
    0x0C, 0x8C, 0x0C, 0x0C, 0x0D, 0xEC, 0x0F, 0xFC, 0x07, 0xF8, 0x00, 0x00, 0x00, 0x00, 0x00, 0x00,
    0x00, 0x00, 0x7F, 0xFE, 0x50, 0x00, 0x64, 0x08, 0x40, 0x00, 0x07, 0xF8, 0x0F, 0xFC, 0x0E, 0x3C,
    0x0E, 0x9C, 0x0E, 0x9C, 0x0E, 0x3C, 0x0F, 0xFC, 0x07, 0xF8, 0x00, 0x00, 0x00, 0x00, 0x00, 0x00,
    0x00, 0x00, 0x7F, 0xFE, 0x40, 0x02, 0x40, 0x02, 0x40, 0x02, 0x40, 0x02, 0x40, 0x02, 0x40, 0x02,
    0x40, 0x02, 0x40, 0x02, 0x40, 0x02, 0x40, 0x02, 0x40, 0x02, 0x40, 0x02, 0x40, 0x02, 0x00, 0x00,
    0x00, 0x00, 0x29, 0xC4, 0x0F, 0xFC, 0x2F, 0xFC, 0x2F, 0xFC, 0x2F, 0xFC, 0x2F, 0xFC, 0x0F, 0xFC,
    0x26, 0x38, 0x20, 0x00, 0x20, 0x00, 0x20, 0x00, 0x20, 0x00, 0x20, 0x00, 0x20, 0x00, 0x00, 0x00,
    0x00, 0x00, 0x00, 0x00, 0x00, 0x00, 0x08, 0x10, 0x08, 0x10, 0x18, 0x18, 0x18, 0x18, 0x0B, 0xD0,
    0x17, 0xE8, 0x0F, 0xF0, 0x0E, 0xD0, 0x2E, 0xD4, 0x2F, 0x34, 0x2F, 0xE4, 0x0C, 0x10, 0x08, 0x10,
    0x00, 0x00, 0x00, 0x00, 0x08, 0x10, 0x08, 0x10, 0x18, 0x18, 0x18, 0x18, 0x0B, 0xD0, 0x17, 0xE8,
    0x0F, 0xF0, 0x2E, 0xD4, 0x2E, 0xD4, 0x2F, 0x34, 0x0F, 0xF0, 0x06, 0x00, 0x03, 0x60, 0x00, 0x00,
    0x00, 0x00, 0x00, 0x00, 0x08, 0x10, 0x08, 0x10, 0x18, 0x18, 0x18, 0x18, 0x0B, 0xD0, 0x17, 0xE8,
    0x0F, 0xF0, 0x2E, 0xD4, 0x2E, 0xD4, 0x2F, 0x34, 0x0F, 0xE0, 0x0C, 0x08, 0x18, 0x18, 0x00, 0x00,
    0x00, 0x00, 0x08, 0x10, 0x08, 0x10, 0x18, 0x18, 0x18, 0x18, 0x0B, 0xD0, 0x17, 0xE8, 0x0F, 0xF0,
    0x0E, 0xD0, 0x4E, 0xD2, 0x2F, 0x34, 0x0F, 0xE0, 0x0C, 0x18, 0x18, 0x08, 0x00, 0x00, 0x00, 0x00,
    0x00, 0x00, 0x00, 0x00, 0x08, 0x10, 0x08, 0x10, 0x18, 0x18, 0x18, 0x18, 0x0B, 0xD0, 0x17, 0xE8,
    0x4F, 0xF2, 0x4E, 0xD2, 0x2E, 0xD4, 0x2F, 0x34, 0x0F, 0xF0, 0x0F, 0xE0, 0x0C, 0x10, 0x08, 0x10,
    0x00, 0x00, 0x00, 0x00, 0x00, 0x00, 0x00, 0x00, 0x00, 0x00, 0x00, 0x00, 0x04, 0x08, 0x04, 0x08,
    0x0C, 0x0C, 0x0C, 0x0C, 0x05, 0xE8, 0x0B, 0xF4, 0x07, 0xF8, 0x07, 0xF8, 0x16, 0x68, 0x77, 0xF8,
    0x03, 0xC0, 0x04, 0x20, 0x08, 0x10, 0x08, 0x10, 0x08, 0x10, 0x08, 0x10, 0x38, 0x1C, 0x40, 0x02,
    0x40, 0x02, 0x58, 0x1A, 0x58, 0x1A, 0x48, 0x12, 0x4B, 0xD2, 0x3A, 0x5C, 0x0A, 0x50, 0x0E, 0x70,
    0x00, 0x00, 0x00, 0x00, 0x03, 0xC0, 0x07, 0xE0, 0x47, 0xE2, 0x65, 0xA6, 0x67, 0xE6, 0x63, 0xC6,
    0x27, 0xE4, 0x2F, 0xF4, 0x2F, 0xF4, 0x2A, 0x54, 0x1A, 0x58, 0x42, 0x42, 0x3C, 0x3C, 0x00, 0x00,
    0x00, 0x00, 0x00, 0x00, 0x00, 0x00, 0x00, 0x00, 0x02, 0x40, 0x13, 0xC8, 0x3F, 0xFC, 0x7D, 0xBE,
    0x7F, 0xFE, 0x7B, 0xDE, 0x4B, 0xD2, 0x02, 0x40, 0x00, 0x00, 0x00, 0x00, 0x00, 0x00, 0x00, 0x00,
    0x00, 0x00, 0x00, 0x00, 0x00, 0x00, 0x03, 0xC0, 0x07, 0xE0, 0x07, 0xE0, 0x0F, 0xF0, 0x0F, 0xF0,
    0x0D, 0xB0, 0x0F, 0xF0, 0x3E, 0x7C, 0x3F, 0xFC, 0x1F, 0xF8, 0x03, 0xC0, 0x00, 0x00, 0x00, 0x00,
    0x00, 0x00, 0x03, 0xE0, 0x07, 0x70, 0x47, 0xF8, 0x60, 0x78, 0x33, 0xFC, 0x70, 0x3C, 0x40, 0x1E,
    0x38, 0x1E, 0x7C, 0x1E, 0x7E, 0x3E, 0x4F, 0xFE, 0x0F, 0xFC, 0x07, 0xF8, 0x01, 0xE0, 0x00, 0x00,
    0x00, 0x00, 0x00, 0x3C, 0x00, 0x0E, 0x07, 0xE6, 0x1F, 0xF6, 0x3F, 0xFE, 0x38, 0x0C, 0x7B, 0x60,
    0x7E, 0xAA, 0x7F, 0xFE, 0x3F, 0xFE, 0x7F, 0x54, 0x73, 0x02, 0x39, 0xFC, 0x1C, 0x00, 0x00, 0x00,
    0x00, 0x00, 0x1B, 0xD8, 0x17, 0xE8, 0x0F, 0xF0, 0x0D, 0xB0, 0x0F, 0xF0, 0x2C, 0x34, 0x76, 0x6E,
    0x79, 0x9E, 0x7C, 0x3E, 0x7F, 0xFE, 0x6F, 0xF6, 0x67, 0xE6, 0x77, 0xEE, 0x34, 0x2C, 0x00, 0x00,
    0x00, 0x00, 0x00, 0x00, 0x07, 0xE0, 0x18, 0x10, 0x20, 0x00, 0x47, 0xE0, 0x5F, 0xF8, 0x7F, 0xFC,
    0x7F, 0x98, 0x7F, 0x66, 0x21, 0x7E, 0x52, 0x54, 0x00, 0x7C, 0x00, 0xF0, 0x00, 0x00, 0x00, 0x00,
    0x00, 0x00, 0x00, 0x0E, 0x00, 0x1E, 0x00, 0x36, 0x00, 0x6C, 0x00, 0xD8, 0x01, 0xB0, 0x03, 0x60,
    0x36, 0xC0, 0x19, 0x80, 0x0D, 0x00, 0x16, 0x00, 0x3B, 0x00, 0x51, 0x00, 0x60, 0x00, 0x00, 0x00,
    0x00, 0x00, 0x00, 0x0E, 0x00, 0x1E, 0x00, 0x36, 0x00, 0x6C, 0x00, 0xD8, 0x01, 0xB0, 0x13, 0x60,
    0x16, 0xC0, 0x19, 0x80, 0x0D, 0x00, 0x36, 0x00, 0x3B, 0x80, 0x58, 0x00, 0x60, 0x00, 0x00, 0x00,
    0x00, 0x00, 0x00, 0x0E, 0x00, 0x0E, 0x00, 0x3E, 0x00, 0x78, 0x00, 0xF8, 0x00, 0xF0, 0x03, 0xE0,
    0x17, 0x80, 0x3B, 0x80, 0x0D, 0x00, 0x16, 0x00, 0x3B, 0x00, 0x72, 0x00, 0x20, 0x00, 0x00, 0x00,
    0x00, 0x00, 0x00, 0x0E, 0x00, 0x1E, 0x00, 0x36, 0x00, 0x6C, 0x00, 0xD8, 0x01, 0xB0, 0x03, 0x60,
    0x36, 0xC0, 0x2D, 0x80, 0x33, 0x00, 0x1A, 0x00, 0x3D, 0x00, 0x57, 0x00, 0x60, 0x00, 0x00, 0x00,
    0x00, 0x00, 0x00, 0x0E, 0x00, 0x1E, 0x00, 0x36, 0x00, 0x6C, 0x00, 0xD8, 0x01, 0xB0, 0x03, 0x60,
    0x26, 0xC0, 0x35, 0x80, 0x5B, 0x00, 0x0C, 0x00, 0x26, 0x00, 0x73, 0x00, 0x64, 0x00, 0x00, 0x00,
    0x00, 0x00, 0x03, 0xE0, 0x02, 0x0C, 0x02, 0x6C, 0x02, 0xF0, 0x02, 0xDA, 0x00, 0xBA, 0x01, 0xF2,
    0x01, 0x82, 0x02, 0x3E, 0x04, 0x00, 0x08, 0x00, 0x10, 0x00, 0x20, 0x00, 0x40, 0x00, 0x00, 0x00,
    0x00, 0x00, 0x03, 0x86, 0x06, 0x0E, 0x0F, 0xEC, 0x0A, 0xD0, 0x0B, 0xE8, 0x03, 0xF8, 0x02, 0xFA,
    0x01, 0x6A, 0x02, 0xFE, 0x04, 0x0C, 0x08, 0x38, 0x10, 0x00, 0x60, 0x00, 0x60, 0x00, 0x00, 0x00,
    0x00, 0x00, 0x00, 0x02, 0x00, 0x84, 0x00, 0x6A, 0x00, 0x52, 0x00, 0x24, 0x00, 0x4E, 0x00, 0x9E,
    0x01, 0x6E, 0x02, 0x00, 0x0C, 0x00, 0x04, 0x00, 0x30, 0x00, 0x10, 0x00, 0x40, 0x00, 0x00, 0x00,
    0x00, 0x00, 0x00, 0x00, 0x00, 0x00, 0x00, 0x68, 0x00, 0xD2, 0x00, 0xA6, 0x00, 0x44, 0x00, 0x8E,
    0x01, 0x3E, 0x02, 0x6C, 0x0C, 0x00, 0x0C, 0x00, 0x10, 0x00, 0x00, 0x00, 0x00, 0x00, 0x00, 0x00,
    0x00, 0x00, 0x00, 0x00, 0x00, 0x00, 0x00, 0x00, 0x00, 0xD0, 0x01, 0xA8, 0x01, 0x48, 0x00, 0x98,
    0x01, 0x38, 0x02, 0xF0, 0x0C, 0x00, 0x04, 0x00, 0x10, 0x00, 0x00, 0x00, 0x00, 0x00, 0x00, 0x00,
    0x00, 0x00, 0x00, 0xE0, 0x01, 0xC0, 0x03, 0xE8, 0x03, 0xD0, 0x02, 0xAA, 0x00, 0x5E, 0x00, 0xBE,
    0x01, 0x1C, 0x06, 0x38, 0x06, 0x00, 0x18, 0x00, 0x08, 0x00, 0x60, 0x00, 0x60, 0x00, 0x00, 0x00,
    0x00, 0x00, 0x00, 0x00, 0x03, 0xC0, 0x0C, 0x30, 0x10, 0x08, 0x20, 0x04, 0x20, 0x04, 0x10, 0x08,
    0x10, 0x08, 0x0C, 0x30, 0x01, 0x80, 0x03, 0xC0, 0x01, 0x80, 0x01, 0x80, 0x00, 0x00, 0x00, 0x00,
    0x00, 0x00, 0x00, 0x00, 0x03, 0xC0, 0x0C, 0x30, 0x10, 0x08, 0x20, 0x04, 0x20, 0x04, 0x10, 0x08,
    0x10, 0x08, 0x0C, 0x30, 0x01, 0x80, 0x02, 0x40, 0x02, 0x40, 0x01, 0x80, 0x00, 0x00, 0x00, 0x00,
    0x00, 0x00, 0x00, 0x00, 0x03, 0xC0, 0x0C, 0x30, 0x10, 0x08, 0x20, 0x04, 0x20, 0x04, 0x10, 0x08,
    0x10, 0x08, 0x0D, 0xB0, 0x05, 0xA0, 0x01, 0x80, 0x02, 0x40, 0x03, 0xC0, 0x00, 0x00, 0x00, 0x00,
    0x00, 0x00, 0x00, 0x00, 0x03, 0xC0, 0x0C, 0x30, 0x10, 0x08, 0x20, 0x04, 0x20, 0x04, 0x10, 0x08,
    0x10, 0x08, 0x0C, 0x30, 0x02, 0x40, 0x05, 0xA0, 0x03, 0xC0, 0x04, 0x20, 0x00, 0x00, 0x00, 0x00,
    0x00, 0x00, 0x30, 0x0C, 0x3F, 0xFC, 0x12, 0x48, 0x1F, 0xF8, 0x3F, 0xFC, 0x3F, 0xFC, 0x3F, 0xFC,
    0x3F, 0xFC, 0x3F, 0xFC, 0x3F, 0xFC, 0x1F, 0xF8, 0x1F, 0xF8, 0x3F, 0xFC, 0x30, 0x0C, 0x00, 0x00,
    0xE0, 0x07, 0xEF, 0xF7, 0xE0, 0x07, 0x0F, 0xF0, 0x5F, 0xFA, 0x5F, 0xFA, 0x5F, 0xFA, 0x5F, 0xFA,
    0x5F, 0xFA, 0x5F, 0xFA, 0x5F, 0xFA, 0x5F, 0xFA, 0x0F, 0xF0, 0xE0, 0x07, 0xEF, 0xF7, 0xE0, 0x07,
    0x00, 0x00, 0x3F, 0xFC, 0x7F, 0xFE, 0x60, 0x06, 0x6F, 0xF6, 0x6F, 0xF6, 0x6E, 0x76, 0x6C, 0x36,
    0x6C, 0x36, 0x6E, 0x76, 0x6E, 0x76, 0x6F, 0xF6, 0x6F, 0xF6, 0x6F, 0xF6, 0x6F, 0xF6, 0x00, 0x00,
    0x00, 0x00, 0x3F, 0xFC, 0x7F, 0xFE, 0x60, 0x06, 0x63, 0x36, 0x69, 0x96, 0x6C, 0xC6, 0x66, 0x66,
    0x63, 0x36, 0x69, 0x96, 0x6C, 0xC6, 0x66, 0x66, 0x63, 0x36, 0x69, 0x96, 0x6C, 0xC6, 0x00, 0x00,
    0x00, 0x00, 0x3F, 0xFC, 0x7F, 0xFE, 0x60, 0x06, 0x60, 0x06, 0x60, 0x06, 0x60, 0x06, 0x60, 0x06,
    0x60, 0x06, 0x60, 0x06, 0x60, 0x06, 0x60, 0x06, 0x60, 0x06, 0x60, 0x06, 0x60, 0x06, 0x00, 0x00,
    0x00, 0x00, 0x3F, 0xFC, 0x7F, 0xFE, 0x60, 0x06, 0x6F, 0xF6, 0x68, 0x16, 0x68, 0x16, 0x68, 0x16,
    0x68, 0x16, 0x6F, 0xF6, 0x6F, 0xD6, 0x6F, 0xD6, 0x6F, 0xF6, 0x6F, 0xF6, 0x6F, 0xF6, 0x00, 0x00,
    0x00, 0x00, 0x3F, 0xFC, 0x7F, 0xFE, 0x60, 0x06, 0x6F, 0xF6, 0x6D, 0x56, 0x6A, 0xB6, 0x6D, 0x56,
    0x6A, 0xB6, 0x6F, 0xF6, 0x68, 0x16, 0x6F, 0xF6, 0x6F, 0xF6, 0x6F, 0xF6, 0x6F, 0xF6, 0x00, 0x00,
    0x00, 0x00, 0x3F, 0xFC, 0x7F, 0xFE, 0x60, 0x06, 0x6F, 0xF6, 0x68, 0x16, 0x68, 0x16, 0x68, 0x16,
    0x68, 0x16, 0x68, 0x16, 0x6F, 0xF6, 0x68, 0xD6, 0x68, 0x16, 0x68, 0x16, 0x6F, 0xF6, 0x00, 0x00,
    0x00, 0x00, 0x3F, 0xFC, 0x7F, 0xFE, 0x60, 0x06, 0x60, 0x06, 0x60, 0x06, 0x60, 0x06, 0x60, 0x06,
    0x60, 0x06, 0x60, 0x06, 0x60, 0x06, 0x60, 0x06, 0x60, 0x06, 0x60, 0x06, 0x60, 0x06, 0x00, 0x00,
    0x00, 0x00, 0x3F, 0xFC, 0x60, 0x06, 0x5F, 0xFA, 0x5F, 0xFA, 0x58, 0x1A, 0x58, 0x1A, 0x5F, 0x8A,
    0x58, 0x2A, 0x58, 0x2A, 0x5F, 0xAA, 0x58, 0x0A, 0x58, 0x1A, 0x5F, 0xFA, 0x5F, 0xFA, 0x00, 0x00,
    0x00, 0x00, 0x3F, 0xFC, 0x60, 0x06, 0x5F, 0xFA, 0x50, 0x0A, 0x57, 0xEA, 0x57, 0xEA, 0x57, 0xEA,
    0x50, 0x0A, 0x5F, 0xDA, 0x50, 0x0A, 0x57, 0xEA, 0x57, 0xEA, 0x50, 0x0A, 0x5F, 0xFA, 0x00, 0x00,
    0x00, 0x00, 0x3F, 0xFC, 0x60, 0x06, 0x40, 0x02, 0x40, 0x02, 0x40, 0x02, 0x40, 0x02, 0x40, 0x02,
    0x40, 0x02, 0x40, 0x02, 0x40, 0x02, 0x40, 0x02, 0x40, 0x02, 0x40, 0x02, 0x40, 0x02, 0x00, 0x00,
    0x00, 0x00, 0x03, 0xC0, 0x0F, 0xF0, 0x1C, 0x38, 0x31, 0x8C, 0x27, 0xE4, 0x6F, 0xF6, 0x6F, 0xF6,
    0x2F, 0x84, 0x60, 0x36, 0x7F, 0xB6, 0x60, 0x06, 0x2F, 0xF4, 0x60, 0x06, 0x7F, 0xFE, 0x00, 0x00,
    0x00, 0x00, 0x00, 0x00, 0x08, 0x00, 0x08, 0x00, 0x08, 0x00, 0x0B, 0xF0, 0x0B, 0xF0, 0x0B, 0xF0,
    0x0B, 0xF0, 0x0C, 0x00, 0x07, 0xF0, 0x00, 0x10, 0x00, 0x10, 0x0F, 0xE0, 0x00, 0x00, 0x00, 0x00,
    0x00, 0x00, 0x00, 0x00, 0x07, 0xE0, 0x08, 0x10, 0x08, 0x10, 0x08, 0x10, 0x00, 0x00, 0x0F, 0xF0,
    0x0F, 0xF0, 0x0F, 0xF0, 0x0F, 0xF0, 0x00, 0x00, 0x08, 0x10, 0x07, 0xE0, 0x00, 0x00, 0x00, 0x00,
    0x00, 0x00, 0x07, 0xE0, 0x04, 0x20, 0x04, 0x20, 0x04, 0x20, 0x04, 0x20, 0x0F, 0xF0, 0x18, 0x18,
    0x19, 0x98, 0x1F, 0xF8, 0x1F, 0xF8, 0x0F, 0xF0, 0x00, 0x00, 0x07, 0xE0, 0x07, 0xE0, 0x00, 0x00,
    0x00, 0x00, 0x00, 0x00, 0x00, 0x00, 0x3F, 0xFC, 0x60, 0x06, 0x40, 0x02, 0x40, 0x02, 0x40, 0x02,
    0x60, 0x06, 0x7F, 0xFE, 0x3F, 0xFC, 0x00, 0x00, 0x2F, 0xF4, 0x20, 0x04, 0x00, 0x00, 0x00, 0x00,
    0x00, 0x00, 0x00, 0x00, 0x00, 0x00, 0x7F, 0xFE, 0x40, 0x02, 0x40, 0x02, 0x40, 0x02, 0x40, 0x02,
    0x40, 0x02, 0x7F, 0xFE, 0x7F, 0xFE, 0x20, 0x04, 0x2F, 0xF4, 0x20, 0x04, 0x00, 0x00, 0x00, 0x00,
    0x00, 0x00, 0x40, 0x02, 0x40, 0x02, 0x40, 0x02, 0x40, 0x02, 0x40, 0x02, 0x40, 0x02, 0x40, 0x02,
    0x40, 0x02, 0x40, 0x02, 0x40, 0x02, 0x40, 0x02, 0x40, 0x02, 0x40, 0x02, 0x40, 0x02, 0x00, 0x00,
    0x00, 0x00, 0x53, 0xC0, 0x1F, 0xF2, 0x5F, 0xFE, 0x1F, 0x3C, 0x4C, 0x00, 0x40, 0x00, 0x40, 0x00,
    0x40, 0x00, 0x40, 0x00, 0x40, 0x00, 0x40, 0x00, 0x40, 0x00, 0x40, 0x00, 0x40, 0x00, 0x00, 0x00,
    0x00, 0x00, 0x00, 0x00, 0x00, 0x00, 0x00, 0x00, 0x00, 0x00, 0x30, 0x0C, 0x38, 0x1C, 0x0B, 0xD0,
    0x07, 0xE0, 0x0F, 0xF0, 0x0E, 0xD0, 0x0E, 0xD0, 0x0F, 0x30, 0x2F, 0xE4, 0x2C, 0x14, 0x08, 0x10,
    0x00, 0x00, 0x00, 0x00, 0x00, 0x00, 0x00, 0x00, 0x30, 0x0C, 0x38, 0x1C, 0x0B, 0xD0, 0x07, 0xE0,
    0x0F, 0xF0, 0x0E, 0xD0, 0x0E, 0xD0, 0x2F, 0x34, 0x2F, 0xF4, 0x06, 0x00, 0x03, 0x60, 0x00, 0x00,
    0x00, 0x00, 0x00, 0x00, 0x00, 0x00, 0x00, 0x00, 0x30, 0x0C, 0x38, 0x1C, 0x0B, 0xD0, 0x07, 0xE0,
    0x0F, 0xF0, 0x0E, 0xD0, 0x0E, 0xD0, 0x2F, 0x34, 0x2F, 0xE4, 0x0C, 0x08, 0x18, 0x18, 0x00, 0x00,
    0x00, 0x00, 0x00, 0x00, 0x00, 0x00, 0x30, 0x0C, 0x38, 0x1C, 0x0B, 0xD0, 0x07, 0xE0, 0x0F, 0xF0,
    0x0E, 0xD0, 0x4E, 0xD2, 0x2F, 0x34, 0x0F, 0xE0, 0x0C, 0x18, 0x18, 0x08, 0x00, 0x00, 0x00, 0x00,
    0x00, 0x00, 0x00, 0x00, 0x00, 0x00, 0x00, 0x00, 0x30, 0x0C, 0x38, 0x1C, 0x0B, 0xD0, 0x07, 0xE0,
    0x0F, 0xF0, 0x0E, 0xD0, 0x4E, 0xD2, 0x2F, 0x34, 0x0F, 0xF0, 0x0F, 0xE0, 0x0C, 0x10, 0x08, 0x10,
    0x00, 0x00, 0x00, 0x00, 0x00, 0x00, 0x00, 0x00, 0x00, 0x00, 0x00, 0x00, 0x00, 0x00, 0x00, 0x00,
    0x18, 0x06, 0x1C, 0x0E, 0x05, 0xE8, 0x03, 0xF0, 0x07, 0xF8, 0x07, 0xF8, 0x16, 0x68, 0x77, 0xF8,
    0x00, 0x00, 0x03, 0xC0, 0x07, 0xE0, 0x07, 0xE0, 0x06, 0x60, 0x06, 0x60, 0x03, 0xC0, 0x38, 0x1C,
    0x7F, 0xFE, 0x6F, 0xF6, 0x43, 0xC2, 0x43, 0xC2, 0x77, 0xEE, 0x34, 0x2C, 0x04, 0x20, 0x00, 0x00,
    0x00, 0x00, 0x03, 0xC0, 0x07, 0xE0, 0x07, 0xE0, 0x0D, 0xB0, 0x07, 0xE0, 0x33, 0xCC, 0x78, 0x1E,
    0x7C, 0xFE, 0x66, 0x66, 0x67, 0x26, 0x70, 0x0E, 0x37, 0xEC, 0x07, 0xE0, 0x04, 0x20, 0x00, 0x00,
    0x00, 0x00, 0x01, 0x80, 0x01, 0x80, 0x03, 0xC0, 0x03, 0xC0, 0x07, 0xE0, 0x08, 0x10, 0x07, 0xE0,
    0x05, 0xA0, 0x06, 0x60, 0x01, 0x80, 0x0C, 0x30, 0x16, 0x68, 0x17, 0xE8, 0x04, 0x20, 0x00, 0x00,
    0x00, 0x00, 0x07, 0xE0, 0x08, 0x10, 0x0B, 0xD0, 0x0B, 0xD0, 0x09, 0x90, 0x0B, 0xD0, 0x1C, 0x38,
    0x3F, 0xFC, 0x3F, 0xFC, 0x2A, 0x54, 0x37, 0xEC, 0x34, 0x2C, 0x04, 0x20, 0x04, 0x20, 0x00, 0x00,
    0x00, 0x00, 0x03, 0xC0, 0x07, 0xE0, 0x04, 0x20, 0x04, 0x20, 0x04, 0x20, 0x07, 0xE0, 0x19, 0x98,
    0x3F, 0xFC, 0x3F, 0xFC, 0x2A, 0x54, 0x37, 0xEC, 0x34, 0x2C, 0x04, 0x20, 0x04, 0x20, 0x00, 0x00,
    0x00, 0x00, 0x03, 0xC0, 0x07, 0xE0, 0x07, 0xE0, 0x00, 0x00, 0x04, 0x20, 0x17, 0xE8, 0x1F, 0xF8,
    0x3E, 0x7C, 0x31, 0x8C, 0x27, 0xE4, 0x30, 0x0C, 0x37, 0xEC, 0x04, 0x20, 0x04, 0x20, 0x00, 0x00,
    0x00, 0x00, 0x03, 0xE0, 0x07, 0xE0, 0x00, 0x00, 0x05, 0xA0, 0x07, 0xE0, 0x03, 0xC0, 0x18, 0x18,
    0x3D, 0xBC, 0x36, 0xEC, 0x27, 0x64, 0x30, 0x0C, 0x37, 0xEC, 0x04, 0x20, 0x04, 0x20, 0x00, 0x00,
    0x00, 0x00, 0x07, 0xE0, 0x0C, 0x30, 0x0A, 0x10, 0x0B, 0x10, 0x0D, 0xB0, 0x1B, 0xD8, 0x10, 0x08,
    0x03, 0xC0, 0x15, 0xAA, 0x14, 0x2A, 0x17, 0xE4, 0x17, 0xFC, 0x03, 0xFC, 0x00, 0xF8, 0x00, 0x00,
    0x00, 0x00, 0x00, 0x06, 0x00, 0x0A, 0x00, 0x14, 0x00, 0x28, 0x00, 0x50, 0x00, 0xA0, 0x01, 0x40,
    0x02, 0x80, 0x15, 0x00, 0x1A, 0x00, 0x0C, 0x00, 0x56, 0x00, 0x60, 0x00, 0x30, 0x00, 0x00, 0x00,
    0x00, 0x00, 0x00, 0x06, 0x00, 0x0A, 0x00, 0x14, 0x00, 0x28, 0x00, 0x50, 0x01, 0xA0, 0x03, 0x40,
    0x06, 0xC0, 0x35, 0x80, 0x1B, 0x00, 0x0C, 0x00, 0x56, 0x00, 0x62, 0x00, 0x30, 0x00, 0x00, 0x00,
    0x00, 0x00, 0x00, 0x06, 0x00, 0x0A, 0x00, 0x14, 0x00, 0x28, 0x00, 0x50, 0x00, 0xA0, 0x01, 0x40,
    0x1A, 0x80, 0x0D, 0x00, 0x06, 0x00, 0x1B, 0x00, 0x29, 0x00, 0x50, 0x00, 0x20, 0x00, 0x00, 0x00,
    0x00, 0x00, 0x00, 0x06, 0x00, 0x0A, 0x00, 0x14, 0x00, 0x28, 0x00, 0x50, 0x00, 0xA0, 0x01, 0x40,
    0x12, 0x80, 0x15, 0x00, 0x0A, 0x00, 0x1C, 0x00, 0x7B, 0x00, 0x50, 0x00, 0x30, 0x00, 0x00, 0x00,
    0x00, 0x00, 0x00, 0x06, 0x00, 0x0A, 0x00, 0x14, 0x00, 0x28, 0x00, 0x50, 0x00, 0xA0, 0x01, 0x40,
    0x02, 0x80, 0x1B, 0x00, 0x04, 0x00, 0x1A, 0x00, 0x5A, 0x00, 0x60, 0x00, 0x30, 0x00, 0x00, 0x00,
    0x00, 0x00, 0x00, 0x00, 0x00, 0x00, 0x00, 0x00, 0x08, 0x08, 0x3F, 0xFC, 0x3F, 0xFC, 0x3F, 0xFC,
    0x00, 0x00, 0x1F, 0x00, 0x3C, 0x00, 0x3C, 0x00, 0x00, 0x00, 0x00, 0x00, 0x00, 0x00, 0x00, 0x00,
    0x00, 0x00, 0x00, 0x00, 0x00, 0x00, 0x00, 0x00, 0x21, 0x00, 0x7F, 0x8E, 0x6B, 0xFE, 0x57, 0x8E,
    0x3D, 0x00, 0x3E, 0x00, 0x78, 0x00, 0x78, 0x00, 0x00, 0x00, 0x00, 0x00, 0x00, 0x00, 0x00, 0x00,
    0x00, 0x00, 0x00, 0x00, 0x00, 0x00, 0x00, 0x00, 0x00, 0x00, 0x0F, 0xFE, 0x1F, 0xFE, 0x3F, 0x04,
    0x75, 0x70, 0x78, 0x00, 0x60, 0x00, 0x00, 0x00, 0x00, 0x00, 0x00, 0x00, 0x00, 0x00, 0x00, 0x00,
    0x00, 0x00, 0x00, 0x00, 0x00, 0x00, 0x00, 0x00, 0x03, 0x84, 0x7F, 0xFE, 0x43, 0xFE, 0x4F, 0xB0,
    0x73, 0xF0, 0x06, 0x30, 0x06, 0x30, 0x00, 0x30, 0x00, 0x00, 0x00, 0x00, 0x00, 0x00, 0x00, 0x00,
    0x00, 0x00, 0x00, 0x00, 0x00, 0x00, 0x18, 0x10, 0x3F, 0xF8, 0x3F, 0xFC, 0x3F, 0xF8, 0x06, 0x94,
    0x07, 0x30, 0x06, 0x30, 0x06, 0x30, 0x06, 0x00, 0x06, 0x00, 0x00, 0x00, 0x00, 0x00, 0x00, 0x00,
    0x00, 0x00, 0x00, 0x00, 0x00, 0x00, 0x07, 0x00, 0x00, 0x02, 0x7F, 0xFE, 0x7F, 0xFE, 0x40, 0x00,
    0x7E, 0xC0, 0x0C, 0xC0, 0x18, 0x60, 0x00, 0x60, 0x00, 0x00, 0x00, 0x00, 0x00, 0x00, 0x00, 0x00,
    0x00, 0x00, 0x00, 0x00, 0x00, 0x00, 0x00, 0x00, 0x01, 0xC0, 0x40, 0x02, 0x5F, 0x7A, 0x5F, 0x7A,
    0x5F, 0x7A, 0x41, 0x2A, 0x01, 0x30, 0x00, 0x20, 0x00, 0x00, 0x00, 0x00, 0x00, 0x00, 0x00, 0x00,
    0x00, 0x00, 0x00, 0x00, 0x1F, 0xF0, 0x15, 0x50, 0x0A, 0xA8, 0x00, 0x00, 0x05, 0x4C, 0x15, 0x5C,
    0x20, 0x3C, 0x3F, 0xFC, 0x20, 0x3C, 0x20, 0x38, 0x20, 0x30, 0x3F, 0xE0, 0x00, 0x00, 0x00, 0x00,
    0x00, 0x00, 0x00, 0x00, 0x00, 0x70, 0x01, 0x88, 0x00, 0x40, 0x07, 0x8A, 0x09, 0xC4, 0x13, 0xEA,
    0x13, 0xE0, 0x1F, 0xE0, 0x1F, 0xE0, 0x0F, 0xC0, 0x07, 0x80, 0x00, 0x00, 0x00, 0x00, 0x00, 0x00,
    0x00, 0x00, 0x00, 0xD0, 0x01, 0x20, 0x00, 0x00, 0x0D, 0xB0, 0x0D, 0xB0, 0x0C, 0x30, 0x09, 0x90,
    0x02, 0x40, 0x02, 0x40, 0x09, 0x90, 0x0C, 0x30, 0x0D, 0xB0, 0x0D, 0xB0, 0x00, 0x00, 0x00, 0x00,
    0x00, 0x00, 0x00, 0x00, 0x03, 0xC0, 0x03, 0xE0, 0x07, 0xD0, 0x04, 0x10, 0x03, 0x50, 0x03, 0x10,
    0x03, 0xD0, 0x03, 0xD0, 0x03, 0xC0, 0x03, 0xC0, 0x04, 0x20, 0x07, 0xE0, 0x00, 0x00, 0x00, 0x00,
    0xFB, 0xDF, 0xF8, 0x1F, 0xC3, 0xC3, 0xDF, 0xFB, 0xDF, 0xFB, 0x1F, 0xF8, 0xBF, 0xFD, 0xBF, 0xFD,
    0xBF, 0xFD, 0xBF, 0xFD, 0x1F, 0xF8, 0xDF, 0xFB, 0xDF, 0xFB, 0xC3, 0xC3, 0xF8, 0x1F, 0xFB, 0xDF,
    0x00, 0x00, 0x00, 0x00, 0x0F, 0xF0, 0x1F, 0xF8, 0x18, 0x18, 0x18, 0x18, 0x00, 0x00, 0x3F, 0xFC,
    0x3E, 0x7C, 0x3C, 0x3C, 0x3C, 0x3C, 0x3E, 0x7C, 0x3E, 0x7C, 0x3F, 0xFC, 0x00, 0x00, 0x00, 0x00,
    0x00, 0x00, 0x7F, 0xFE, 0x40, 0x02, 0x5F, 0xFA, 0x50, 0x0A, 0x54, 0x2A, 0x50, 0x0A, 0x50, 0x0A,
    0x50, 0x0A, 0x54, 0x2A, 0x50, 0x0A, 0x5F, 0xFA, 0x5F, 0xFA, 0x40, 0x02, 0x7F, 0xFE, 0x00, 0x00,
    0x00, 0x00, 0x7F, 0xFE, 0x40, 0x02, 0x40, 0x02, 0x5F, 0xFA, 0x50, 0x0A, 0x54, 0x2A, 0x50, 0x0A,
    0x50, 0x0A, 0x50, 0x0A, 0x54, 0x2A, 0x50, 0x0A, 0x5F, 0xFA, 0x40, 0x02, 0x7F, 0xFE, 0x00, 0x00,
    0x00, 0x00, 0x00, 0x00, 0x00, 0x00, 0x30, 0x00, 0x48, 0x00, 0x44, 0x00, 0x24, 0x00, 0x1E, 0x00,
    0x27, 0x7C, 0x3B, 0xBC, 0x31, 0x8C, 0x3C, 0x3C, 0x3F, 0xFC, 0x3F, 0xFC, 0x00, 0x00, 0x00, 0x00,
    0x00, 0x00, 0x00, 0x00, 0x00, 0x00, 0x00, 0x0C, 0x00, 0x12, 0x00, 0x22, 0x00, 0x24, 0x00, 0x78,
    0x3E, 0xE4, 0x3D, 0xDC, 0x31, 0x8C, 0x3C, 0x3C, 0x3F, 0xFC, 0x3F, 0xFC, 0x00, 0x00, 0x00, 0x00,
    0x00, 0x00, 0x3F, 0xFC, 0x7F, 0xFE, 0x60, 0x06, 0x6F, 0xF6, 0x68, 0x16, 0x6B, 0xD6, 0x6B, 0xD6,
    0x6B, 0xD6, 0x68, 0x16, 0x6F, 0xB6, 0x68, 0x36, 0x68, 0x16, 0x68, 0x16, 0x6F, 0xF6, 0x00, 0x00,
    0x00, 0x00, 0x3F, 0xFC, 0x7F, 0xFE, 0x60, 0x06, 0x6F, 0xF6, 0x6B, 0xD6, 0x6E, 0x76, 0x6E, 0x76,
    0x6E, 0x76, 0x6F, 0xF6, 0x6B, 0xD6, 0x68, 0x16, 0x6F, 0xF6, 0x6B, 0xD6, 0x6F, 0xF6, 0x00, 0x00,
    0x00, 0x00, 0x3F, 0xFC, 0x7F, 0xFE, 0x60, 0x06, 0x6F, 0xF6, 0x6F, 0xF6, 0x60, 0x06, 0x6F, 0xF6,
    0x6F, 0xF6, 0x60, 0x06, 0x6F, 0xF6, 0x6F, 0xF6, 0x60, 0x06, 0x6E, 0x76, 0x6F, 0xF6, 0x00, 0x00,
    0x00, 0x00, 0x3F, 0xFC, 0x7F, 0xFE, 0x60, 0x06, 0x60, 0x06, 0x60, 0x06, 0x60, 0x06, 0x60, 0x06,
    0x60, 0x06, 0x60, 0x06, 0x60, 0x06, 0x60, 0x06, 0x60, 0x06, 0x60, 0x06, 0x60, 0x06, 0x00, 0x00,
    0x00, 0x00, 0x3F, 0xFE, 0x7F, 0xFE, 0x60, 0x00, 0x6F, 0xFE, 0x68, 0x02, 0x6A, 0xAA, 0x69, 0x52,
    0x6A, 0xAA, 0x68, 0x02, 0x6F, 0xF6, 0x68, 0x06, 0x68, 0x02, 0x68, 0x02, 0x6F, 0xFE, 0x00, 0x00,
    0x00, 0x00, 0x3F, 0xFE, 0x7F, 0xFE, 0x60, 0x00, 0x6F, 0xFE, 0x6F, 0xFE, 0x60, 0x00, 0x6F, 0xFE,
    0x6F, 0xFE, 0x60, 0x00, 0x6F, 0xFE, 0x6F, 0xF2, 0x60, 0x00, 0x6F, 0xFE, 0x6F, 0xFE, 0x00, 0x00,
    0x00, 0x00, 0x3F, 0xFE, 0x7F, 0xFE, 0x60, 0x00, 0x60, 0x00, 0x60, 0x00, 0x60, 0x00, 0x60, 0x00,
    0x60, 0x00, 0x60, 0x00, 0x60, 0x00, 0x60, 0x00, 0x60, 0x00, 0x60, 0x00, 0x60, 0x00, 0x00, 0x00,
    0x00, 0x00, 0x00, 0x00, 0x1C, 0x00, 0x14, 0x00, 0x14, 0x00, 0x17, 0xF0, 0x16, 0x18, 0x15, 0xE8,
    0x1D, 0xE8, 0x1E, 0x18, 0x1B, 0xF0, 0x0C, 0x00, 0x0F, 0xF0, 0x07, 0xE0, 0x00, 0x00, 0x00, 0x00,
    0x00, 0x00, 0x00, 0x00, 0x00, 0x00, 0x7F, 0xFE, 0x60, 0x06, 0x70, 0x02, 0x08, 0x02, 0x40, 0x32,
    0x60, 0x06, 0x7F, 0xFE, 0x7F, 0xFE, 0x00, 0x00, 0x7F, 0xFE, 0x7F, 0xFE, 0x00, 0x00, 0x00, 0x00,
    0x00, 0x00, 0x00, 0x80, 0x01, 0x00, 0x00, 0x80, 0x01, 0x80, 0x01, 0x80, 0x03, 0xC0, 0x03, 0x40,
    0x16, 0xE8, 0x07, 0x60, 0x36, 0xEC, 0x03, 0xC0, 0x18, 0x18, 0x39, 0x9C, 0x11, 0x88, 0x00, 0x00,
    0x00, 0x00, 0x00, 0x00, 0x01, 0x00, 0x00, 0x80, 0x01, 0xC0, 0x03, 0x80, 0x03, 0xC0, 0x07, 0xE0,
    0x06, 0xE0, 0x0F, 0x70, 0x06, 0xF0, 0x0E, 0x60, 0x0E, 0x70, 0x07, 0xE0, 0x01, 0x80, 0x00, 0x00,
    0x00, 0x00, 0x40, 0x02, 0x40, 0x02, 0x40, 0x02, 0x40, 0x02, 0x40, 0x02, 0x40, 0x02, 0x40, 0x02,
    0x40, 0x02, 0x7F, 0xFE, 0x3F, 0xFC, 0x00, 0x00, 0x37, 0xEC, 0x30, 0x0C, 0x30, 0x0C, 0x00, 0x00,
    0x00, 0x00, 0x40, 0x02, 0x40, 0x02, 0x40, 0x02, 0x40, 0x02, 0x40, 0x02, 0x40, 0x02, 0x40, 0x02,
    0x40, 0x02, 0x7F, 0xFE, 0x3F, 0xFC, 0x00, 0x00, 0x01, 0x80, 0x01, 0x80, 0x3F, 0xFC, 0x00, 0x00,
    0x00, 0x00, 0x01, 0x80, 0x06, 0xE0, 0x18, 0xF8, 0x10, 0xF8, 0x10, 0x78, 0x51, 0x9A, 0x56, 0x6A,
    0x59, 0x9A, 0x47, 0xE2, 0x68, 0x16, 0x69, 0x56, 0x6A, 0x96, 0x69, 0x56, 0x7F, 0xFE, 0x00, 0x00,
    0x00, 0x00, 0x01, 0x80, 0x02, 0xC0, 0x04, 0xE0, 0x08, 0xF0, 0x10, 0xD8, 0x20, 0xEC, 0x41, 0xFE,
    0x42, 0x6E, 0x44, 0x36, 0x49, 0x9E, 0x55, 0xAE, 0x65, 0xA6, 0x44, 0x22, 0x7F, 0xFE, 0x00, 0x00,
    0x00, 0x00, 0x00, 0x00, 0x00, 0x00, 0x00, 0x00, 0x7F, 0xFE, 0x7F, 0xFE, 0x44, 0x22, 0x5F, 0xFA,
    0x50, 0x0A, 0x70, 0x0E, 0x50, 0x0A, 0x5F, 0xFA, 0x44, 0x22, 0x7F, 0xFE, 0x10, 0x08, 0x00, 0x00,
    0x00, 0x00, 0x0F, 0xF0, 0x0C, 0x00, 0x09, 0x20, 0x0B, 0xF0, 0x0B, 0xB0, 0x0B, 0x70, 0x0B, 0xF0,
    0x0B, 0xB0, 0x0B, 0x70, 0x0B, 0xF0, 0x0B, 0xF0, 0x0A, 0x60, 0x08, 0x00, 0x08, 0x00, 0x00, 0x00,
    0x00, 0x00, 0x40, 0x02, 0x30, 0x0C, 0x0F, 0xF0, 0x30, 0x0C, 0x36, 0x6C, 0x06, 0x60, 0x00, 0x00,
    0x00, 0x00, 0x00, 0x00, 0x00, 0x00, 0x00, 0x00, 0x00, 0x00, 0x00, 0x00, 0x00, 0x00, 0x00, 0x00,
    0x00, 0x00, 0x7F, 0xFE, 0x60, 0x06, 0x63, 0xC6, 0x60, 0x06, 0x7F, 0xFE, 0x7F, 0xFE, 0x60, 0x06,
    0x67, 0xE6, 0x67, 0xE6, 0x67, 0xE6, 0x6F, 0xF6, 0x60, 0x06, 0x61, 0x86, 0x60, 0x06, 0x00, 0x00,
    0x00, 0x00, 0x03, 0xC0, 0x0F, 0xF0, 0x1F, 0xF8, 0x3F, 0xFC, 0x3F, 0xFC, 0x31, 0x8C, 0x30, 0x0C,
    0x64, 0x26, 0x64, 0x26, 0x61, 0x86, 0x30, 0x0C, 0x11, 0x88, 0x08, 0x10, 0x07, 0xE0, 0x00, 0x00,
    0x00, 0x00, 0x03, 0xC0, 0x0F, 0xF0, 0x1F, 0xF8, 0x3F, 0xFC, 0x3F, 0xFC, 0x37, 0xEC, 0x30, 0x0C,
    0x64, 0x26, 0x64, 0x26, 0x61, 0x86, 0x30, 0x0C, 0x39, 0x9C, 0x78, 0x1E, 0x67, 0xE6, 0x00, 0x00,
    0x00, 0x00, 0x03, 0xC0, 0x0F, 0xF0, 0x1F, 0xF8, 0x3F, 0xFC, 0x31, 0x8C, 0x20, 0x04, 0x20, 0x04,
    0x64, 0x26, 0x64, 0x26, 0x61, 0x86, 0x32, 0x4C, 0x0B, 0xD0, 0x0B, 0xD0, 0x07, 0xE0, 0x00, 0x00,
    0x00, 0x00, 0x03, 0xC0, 0x0C, 0x30, 0x10, 0x08, 0x20, 0x04, 0x20, 0x04, 0x30, 0x0C, 0x30, 0x0C,
    0x54, 0x2A, 0x44, 0x22, 0x50, 0x0A, 0x33, 0xCC, 0x1E, 0x78, 0x0F, 0xF0, 0x07, 0xE0, 0x00, 0x00,
    0x00, 0x00, 0x03, 0xC0, 0x0F, 0xF0, 0x1F, 0xF8, 0x3F, 0xFC, 0x31, 0x8C, 0x30, 0x0C, 0x30, 0x0C,
    0x54, 0x2A, 0x54, 0x2A, 0x41, 0x82, 0x30, 0x0C, 0x11, 0x88, 0x10, 0x08, 0x0F, 0xF0, 0x00, 0x00,
    0x00, 0x00, 0x00, 0xE0, 0x0E, 0xF0, 0x1F, 0xF8, 0x3F, 0xFC, 0x31, 0x8C, 0x30, 0x0C, 0x30, 0x0C,
    0x54, 0x2A, 0x54, 0x2A, 0x41, 0x82, 0x33, 0xCC, 0x14, 0x28, 0x10, 0x08, 0x0F, 0xF0, 0x00, 0x00,
    0x00, 0x00, 0x03, 0xC0, 0x0F, 0xF0, 0x1F, 0xF8, 0x3F, 0xFC, 0x3F, 0xEC, 0x3F, 0xCC, 0x3F, 0x8C,
    0x5B, 0x2A, 0x54, 0x2A, 0x41, 0x82, 0x30, 0x0C, 0x31, 0x8C, 0x3C, 0x3C, 0x7B, 0xDE, 0x00, 0x00,
    0x00, 0x00, 0x0E, 0x70, 0x1F, 0xF8, 0x3F, 0xFC, 0x3F, 0xFC, 0x37, 0xEC, 0x37, 0xEC, 0x30, 0x0C,
    0x64, 0x26, 0x64, 0x26, 0x61, 0x86, 0x30, 0x0C, 0x71, 0x8E, 0x78, 0x1E, 0x77, 0xEE, 0x00, 0x00,
    0x00, 0x00, 0x00, 0x00, 0x03, 0xC0, 0x07, 0xA0, 0x0F, 0x50, 0x1F, 0xA8, 0x3F, 0x54, 0x3F, 0xAC,
    0x35, 0x04, 0x2A, 0x04, 0x15, 0x08, 0x0A, 0x10, 0x05, 0x20, 0x03, 0xC0, 0x00, 0x00, 0x00, 0x00,
    0x00, 0x00, 0x00, 0x00, 0x01, 0x80, 0x03, 0x40, 0x07, 0xA0, 0x0F, 0x50, 0x1F, 0xA8, 0x3F, 0x54,
    0x2A, 0x04, 0x15, 0x08, 0x0A, 0x10, 0x05, 0x20, 0x02, 0x40, 0x01, 0x80, 0x00, 0x00, 0x00, 0x00,
    0x00, 0x00, 0x00, 0x00, 0x3E, 0x00, 0x3F, 0x00, 0x2F, 0x80, 0x24, 0x40, 0x22, 0x60, 0x11, 0x90,
    0x09, 0x88, 0x06, 0x44, 0x02, 0x24, 0x01, 0xF4, 0x00, 0xFC, 0x00, 0x7C, 0x00, 0x00, 0x00, 0x00,
    0x00, 0x00, 0x7F, 0x80, 0x7F, 0x00, 0x7E, 0x00, 0x7F, 0x00, 0x7F, 0x80, 0x7F, 0xC0, 0x6F, 0xE0,
    0x47, 0xC0, 0x03, 0x80, 0x01, 0x00, 0x00, 0x00, 0x00, 0x00, 0x00, 0x00, 0x00, 0x00, 0x00, 0x00,
    0x00, 0x00, 0x60, 0x00, 0x50, 0x00, 0x48, 0x00, 0x44, 0x00, 0x42, 0x00, 0x41, 0x00, 0x40, 0x80,
    0x40, 0x40, 0x47, 0xC0, 0x48, 0x00, 0x50, 0x00, 0x60, 0x00, 0x00, 0x00, 0x00, 0x00, 0x00, 0x00,
    0x00, 0x00, 0x7F, 0xC0, 0x40, 0x40, 0x5F, 0x40, 0x5E, 0xC0, 0x5E, 0xC0, 0x5F, 0x60, 0x53, 0xB0,
    0x4D, 0x60, 0x7E, 0xC0, 0x03, 0x80, 0x01, 0x00, 0x00, 0x00, 0x00, 0x00, 0x00, 0x00, 0x00, 0x00,
    0x00, 0x00, 0x40, 0x00, 0x60, 0x00, 0x70, 0x00, 0x78, 0x00, 0x7C, 0x00, 0x7E, 0x00, 0x7F, 0x00,
    0x70, 0x00, 0x6C, 0x00, 0x4C, 0x00, 0x06, 0x00, 0x06, 0x00, 0x00, 0x00, 0x00, 0x00, 0x00, 0x00,
    0x00, 0x00, 0x00, 0x00, 0x00, 0x00, 0x00, 0x00, 0x0C, 0x30, 0x1E, 0x78, 0x1F, 0xF8, 0x1F, 0xF8,
    0x0F, 0xF0, 0x07, 0xE0, 0x03, 0xC0, 0x01, 0x80, 0x00, 0x00, 0x00, 0x00, 0x00, 0x00, 0x00, 0x00,
    0x00, 0x00, 0x00, 0x00, 0x0C, 0x30, 0x1E, 0x78, 0x33, 0xCC, 0x61, 0x86, 0x60, 0x06, 0x60, 0x06,
    0x30, 0x0C, 0x18, 0x18, 0x0C, 0x30, 0x06, 0x60, 0x03, 0xC0, 0x01, 0x80, 0x00, 0x00, 0x00, 0x00,
    0x00, 0x00, 0x00, 0x00, 0x0C, 0x30, 0x1E, 0x78, 0x33, 0xCC, 0x6D, 0x86, 0x6E, 0x06, 0x6F, 0x06,
    0x37, 0x0C, 0x1B, 0x18, 0x0D, 0x30, 0x06, 0x60, 0x03, 0xC0, 0x01, 0x80, 0x00, 0x00, 0x00, 0x00,
    0x00, 0x00, 0x00, 0x00, 0x0C, 0x30, 0x1E, 0x78, 0x33, 0xCC, 0x6D, 0xB6, 0x6E, 0x76, 0x6F, 0xF6,
    0x37, 0xEC, 0x1B, 0xD8, 0x0D, 0xB0, 0x06, 0x60, 0x03, 0xC0, 0x01, 0x80, 0x00, 0x00, 0x00, 0x00,
    0x00, 0x00, 0x07, 0xE0, 0x04, 0x20, 0x05, 0xA0, 0x05, 0xA0, 0x7C, 0x3E, 0x40, 0x02, 0x58, 0x1A,
    0x58, 0x1A, 0x40, 0x02, 0x7C, 0x3E, 0x05, 0xA0, 0x05, 0xA0, 0x04, 0x20, 0x07, 0xE0, 0x00, 0x00,
    0x00, 0x00, 0x07, 0xE0, 0x07, 0xE0, 0x06, 0x60, 0x06, 0x60, 0x7F, 0xFE, 0x43, 0xC2, 0x59, 0x9A,
    0x58, 0x1A, 0x40, 0x02, 0x7C, 0x3E, 0x05, 0xA0, 0x05, 0xA0, 0x04, 0x20, 0x07, 0xE0, 0x00, 0x00,
    0x00, 0x00, 0x07, 0xE0, 0x04, 0x20, 0x05, 0xA0, 0x05, 0xA0, 0x7C, 0x3E, 0x40, 0x7E, 0x58, 0xE6,
    0x58, 0xE6, 0x40, 0x7E, 0x7C, 0x3E, 0x05, 0xA0, 0x05, 0xA0, 0x04, 0x20, 0x07, 0xE0, 0x00, 0x00,
    0x00, 0x00, 0x07, 0xE0, 0x04, 0x20, 0x05, 0xA0, 0x05, 0xA0, 0x7C, 0x3E, 0x40, 0x02, 0x58, 0x1A,
    0x59, 0x9A, 0x43, 0xC2, 0x7F, 0xFE, 0x06, 0x60, 0x06, 0x60, 0x07, 0xE0, 0x07, 0xE0, 0x00, 0x00,
    0x00, 0x00, 0x07, 0xE0, 0x04, 0x20, 0x05, 0xA0, 0x05, 0xA0, 0x7C, 0x3E, 0x7E, 0x02, 0x67, 0x1A,
    0x67, 0x1A, 0x7E, 0x02, 0x7C, 0x3E, 0x05, 0xA0, 0x05, 0xA0, 0x04, 0x20, 0x07, 0xE0, 0x00, 0x00,
    0x7A, 0x9E, 0xF9, 0x5F, 0xC0, 0x03, 0xDF, 0xFB, 0xDF, 0xFB, 0x1F, 0xF8, 0x9F, 0xFA, 0x5F, 0xF9,
    0x9F, 0xFA, 0x5F, 0xF9, 0x1F, 0xF8, 0xDF, 0xFB, 0xDF, 0xFB, 0xC0, 0x03, 0xFA, 0x9F, 0x79, 0x5E,
    0x00, 0x00, 0x3F, 0xFC, 0x40, 0x02, 0x5F, 0xFA, 0x5F, 0xFA, 0x5E, 0x7A, 0x5C, 0x3A, 0x5C, 0x3A,
    0x5E, 0x7A, 0x5E, 0x7A, 0x5E, 0x7A, 0x5F, 0xFA, 0x5F, 0xFA, 0x40, 0x02, 0x3F, 0xFC, 0x00, 0x00,
    0x00, 0x00, 0x00, 0x1E, 0x00, 0x1E, 0x00, 0x1E, 0x00, 0x00, 0x01, 0xBA, 0x01, 0xBA, 0x00, 0x00,
    0x01, 0xEE, 0x01, 0xEE, 0x1D, 0xE0, 0x00, 0x0A, 0x6F, 0x64, 0x6F, 0x6A, 0x6F, 0x64, 0x00, 0x00,
    0x00, 0x00, 0x00, 0x00, 0x00, 0x00, 0x00, 0x00, 0x00, 0x00, 0x00, 0x00, 0x00, 0x00, 0x78, 0x1E,
    0x4B, 0xD2, 0x7A, 0x5E, 0x7B, 0xDE, 0x7B, 0xDE, 0x08, 0x0E, 0x61, 0xE0, 0x6D, 0xEE, 0x00, 0x00,
    0x00, 0x00, 0x7F, 0xFE, 0x40, 0x02, 0x40, 0x02, 0x40, 0x02, 0x40, 0x02, 0x40, 0x02, 0x7F, 0xFE,
    0x40, 0x02, 0x3F, 0xFC, 0x3F, 0xFC, 0x30, 0x14, 0x28, 0x0C, 0x30, 0x14, 0x28, 0x0C, 0x00, 0x00,
    0x00, 0x00, 0x12, 0x48, 0x12, 0x48, 0x7F, 0xFE, 0x00, 0x00, 0x12, 0x48, 0x17, 0xE8, 0x14, 0x28,
    0x14, 0x28, 0x16, 0x68, 0x17, 0xE8, 0x12, 0x48, 0x7F, 0xFE, 0x00, 0x00, 0x12, 0x48, 0x00, 0x00,
    0x00, 0x00, 0x7F, 0xFE, 0x00, 0x00, 0x7F, 0xFE, 0x7F, 0xFE, 0x00, 0x00, 0x76, 0x76, 0x6E, 0x6E,
    0x76, 0x76, 0x6E, 0x6E, 0x76, 0x76, 0x6E, 0x6E, 0x76, 0x76, 0x7E, 0x7E, 0x3C, 0x3C, 0x00, 0x00,
    0x00, 0x00, 0x7F, 0xFE, 0x00, 0x00, 0x7F, 0xFE, 0x7F, 0xFE, 0x00, 0x00, 0x6D, 0xB6, 0x6D, 0xB6,
    0x61, 0x86, 0x0C, 0x30, 0x6D, 0xB6, 0x61, 0x86, 0x0C, 0x30, 0x6D, 0xB6, 0x6D, 0xB6, 0x00, 0x00,
    0x00, 0x00, 0x7F, 0xFE, 0x00, 0x00, 0x7F, 0xFE, 0x7F, 0xFE, 0x00, 0x00, 0x4B, 0xD2, 0x4B, 0xD2,
    0x4B, 0xD2, 0x31, 0x8C, 0x00, 0x00, 0x7A, 0x5E, 0x7A, 0x5E, 0x7A, 0x5E, 0x31, 0x8C, 0x00, 0x00,
    0x00, 0x00, 0x3F, 0xFC, 0x7F, 0xFE, 0x60, 0x06, 0x64, 0x26, 0x64, 0x26, 0x64, 0x26, 0x64, 0x26,
    0x6F, 0xF6, 0x60, 0x06, 0x64, 0x26, 0x6F, 0xF6, 0x60, 0x06, 0x64, 0x26, 0x64, 0x26, 0x00, 0x00,
    0x00, 0x00, 0x3F, 0xFC, 0x60, 0x06, 0x4F, 0xF2, 0x57, 0xEA, 0x58, 0x1A, 0x58, 0x1A, 0x58, 0x1A,
    0x5F, 0xFA, 0x50, 0x0A, 0x5F, 0xFA, 0x5F, 0xFA, 0x5F, 0xFA, 0x57, 0xEA, 0x5F, 0xFA, 0x00, 0x00,
    0x00, 0x00, 0x3F, 0xFC, 0x60, 0x06, 0x4F, 0xF2, 0x58, 0x1A, 0x50, 0x0A, 0x50, 0x0A, 0x50, 0x0A,
    0x50, 0x0A, 0x57, 0xEA, 0x50, 0x0A, 0x50, 0x0A, 0x50, 0x0A, 0x50, 0x0A, 0x5F, 0xFA, 0x00, 0x00,
    0x00, 0x00, 0x3F, 0xFC, 0x60, 0x06, 0x4F, 0xF2, 0x5F, 0xFA, 0x50, 0x0A, 0x52, 0x4A, 0x52, 0x4A,
    0x5F, 0xFA, 0x5D, 0xBA, 0x5D, 0xBA, 0x5F, 0xFA, 0x5F, 0xFA, 0x5F, 0xFA, 0x5F, 0xFA, 0x00, 0x00,
    0x00, 0x00, 0x3F, 0xFC, 0x60, 0x06, 0x40, 0x02, 0x50, 0x0A, 0x50, 0x0A, 0x50, 0x0A, 0x50, 0x0A,
    0x50, 0x0A, 0x50, 0x0A, 0x50, 0x0A, 0x50, 0x0A, 0x50, 0x0A, 0x50, 0x0A, 0x50, 0x0A, 0x00, 0x00,
    0x00, 0x00, 0x3F, 0xFC, 0x60, 0x06, 0x4A, 0x52, 0x4A, 0x52, 0x4A, 0x52, 0x5F, 0xFA, 0x40, 0x02,
    0x4A, 0x52, 0x4A, 0x52, 0x4A, 0x52, 0x5F, 0xFA, 0x40, 0x02, 0x4A, 0x52, 0x4A, 0x52, 0x00, 0x00,
    0x00, 0x00, 0x00, 0x00, 0x08, 0x10, 0x1C, 0x38, 0x08, 0x10, 0x23, 0xC4, 0x3F, 0xFC, 0x24, 0x94,
    0x32, 0x4C, 0x29, 0x24, 0x3F, 0xFC, 0x00, 0x00, 0x10, 0x08, 0x10, 0x08, 0x00, 0x00, 0x00, 0x00,
    0x00, 0x00, 0x00, 0x00, 0x00, 0x78, 0x00, 0xCC, 0x00, 0xB4, 0x00, 0xCC, 0x00, 0x78, 0x1E, 0x84,
    0x33, 0x78, 0x2D, 0x84, 0x33, 0x78, 0x1E, 0x00, 0x21, 0x00, 0x1E, 0x00, 0x00, 0x00, 0x00, 0x00,
    0x00, 0x00, 0x60, 0x00, 0x60, 0x00, 0x60, 0x00, 0x60, 0x00, 0x68, 0x00, 0x64, 0x00, 0x62, 0x00,
    0x61, 0x00, 0x60, 0x80, 0x60, 0x40, 0x6F, 0x2C, 0x60, 0x00, 0x6F, 0xFE, 0x6F, 0xFE, 0x00, 0x00,
    0x00, 0x00, 0x7F, 0xFE, 0x7F, 0xFE, 0x00, 0x02, 0x64, 0x04, 0x68, 0x02, 0x60, 0x04, 0x60, 0x00,
    0x60, 0x06, 0x68, 0x06, 0x68, 0x06, 0x64, 0x06, 0x64, 0x16, 0x62, 0x26, 0x62, 0x46, 0x00, 0x00,
    0x00, 0x00, 0x00, 0x0E, 0x40, 0x7E, 0x43, 0xFE, 0x5F, 0xFE, 0x5E, 0x7E, 0x5F, 0xFE, 0x59, 0xF2,
    0x5F, 0xFE, 0x5F, 0xFE, 0x5F, 0xF0, 0x3F, 0x82, 0x1C, 0x12, 0x00, 0x92, 0x1F, 0xFE, 0x00, 0x00,
    0x00, 0x00, 0x7F, 0xFE, 0x00, 0x00, 0x3F, 0xFC, 0x7E, 0x7E, 0x7E, 0x7E, 0x73, 0xFA, 0x73, 0xFA,
    0x7F, 0xFE, 0x7F, 0xFE, 0x5F, 0xFE, 0x5F, 0xF2, 0x7F, 0x92, 0x7F, 0x9E, 0x7F, 0xFE, 0x00, 0x00,
    0x00, 0x00, 0x70, 0x00, 0x7E, 0x02, 0x7F, 0xC2, 0x67, 0xFA, 0x7F, 0xFA, 0x73, 0xFA, 0x7F, 0x9A,
    0x7F, 0xFA, 0x7F, 0x3A, 0x0F, 0xFA, 0x41, 0xFC, 0x48, 0x38, 0x49, 0x00, 0x7F, 0xF8, 0x00, 0x00,
    0x00, 0x00, 0x40, 0x02, 0x7F, 0xFE, 0x7F, 0xFE, 0x3F, 0xFC, 0x00, 0x00, 0x11, 0x88, 0x3F, 0xFC,
    0x00, 0x00, 0x10, 0x08, 0x10, 0x08, 0x30, 0x0C, 0x30, 0x0C, 0x30, 0x0C, 0x30, 0x0C, 0x00, 0x00,
    0x00, 0x00, 0x40, 0x02, 0x7F, 0xFE, 0x3F, 0xFC, 0x00, 0x00, 0x11, 0x88, 0x3F, 0xFC, 0x00, 0x00,
    0x14, 0x28, 0x13, 0xC8, 0x10, 0x08, 0x30, 0x0C, 0x30, 0x0C, 0x30, 0x0C, 0x30, 0x0C, 0x00, 0x00,
    0x00, 0x00, 0x60, 0x06, 0x7F, 0xFE, 0x7F, 0xFE, 0x02, 0x40, 0x67, 0xE6, 0x68, 0x16, 0x6B, 0xD6,
    0x6B, 0xD6, 0x6B, 0xD6, 0x6B, 0xD6, 0x68, 0x16, 0x67, 0xE6, 0x60, 0x06, 0x60, 0x06, 0x00, 0x00,
    0x00, 0x00, 0x00, 0x00, 0x20, 0x00, 0x18, 0x00, 0x1C, 0x00, 0x0F, 0x00, 0x07, 0x80, 0x07, 0xC0,
    0x03, 0xE0, 0x01, 0xE0, 0x00, 0xF0, 0x00, 0x38, 0x00, 0x18, 0x00, 0x04, 0x00, 0x00, 0x00, 0x00,
    0x00, 0x00, 0x00, 0x00, 0x1F, 0x00, 0x2F, 0xC0, 0x03, 0xE0, 0x00, 0xF0, 0x00, 0x78, 0x00, 0x38,
    0x00, 0x1C, 0x00, 0x1C, 0x00, 0x0C, 0x00, 0x0C, 0x00, 0x04, 0x00, 0x08, 0x00, 0x00, 0x00, 0x00,
    0x00, 0x00, 0x01, 0x00, 0x20, 0xC0, 0x18, 0xE0, 0x1C, 0x70, 0x0E, 0x38, 0x07, 0x1C, 0x43, 0x8C,
    0x31, 0xC2, 0x38, 0xE0, 0x1C, 0x70, 0x0E, 0x38, 0x07, 0x18, 0x03, 0x04, 0x00, 0x80, 0x00, 0x00,
    0x00, 0x00, 0x30, 0x10, 0x78, 0x40, 0x78, 0x18, 0x33, 0xDA, 0x07, 0xE0, 0x0F, 0xF4, 0x0F, 0xF0,
    0x0F, 0xF0, 0x2F, 0xF0, 0x07, 0xE0, 0x5B, 0xCC, 0x18, 0x1E, 0x02, 0x1E, 0x08, 0x0C, 0x00, 0x00,
    0x00, 0x00, 0x00, 0x00, 0x01, 0x00, 0x00, 0x80, 0x01, 0x80, 0x03, 0xC0, 0x03, 0xC0, 0x0B, 0xD0,
    0x07, 0xE0, 0x0F, 0xF0, 0x0D, 0xB0, 0x0C, 0x30, 0x06, 0x60, 0x03, 0xC0, 0x00, 0x00, 0x00, 0x00,
    0x00, 0x00, 0x00, 0x00, 0x0F, 0x00, 0x1F, 0x80, 0x3F, 0xC0, 0x3B, 0xE0, 0x3C, 0xE0, 0x3C, 0x68,
    0x1E, 0x20, 0x0F, 0x34, 0x07, 0xF0, 0x00, 0x78, 0x01, 0x18, 0x00, 0x44, 0x00, 0x00, 0x00, 0x00,
    0x00, 0x00, 0x00, 0x00, 0x20, 0x04, 0x18, 0x18, 0x1C, 0x38, 0x0E, 0x70, 0x05, 0xE0, 0x03, 0xC0,
    0x03, 0xC0, 0x07, 0xA0, 0x0E, 0x70, 0x1C, 0x38, 0x18, 0x18, 0x20, 0x04, 0x00, 0x00, 0x00, 0x00,
    0x00, 0x00, 0x00, 0x00, 0x01, 0x00, 0x00, 0x80, 0x01, 0x00, 0x03, 0xC0, 0x02, 0xC0, 0x07, 0x60,
    0x36, 0xEC, 0x46, 0x62, 0x46, 0x62, 0x43, 0xC2, 0x30, 0x0C, 0x0F, 0xF0, 0x00, 0x00, 0x00, 0x00,
    0x00, 0x00, 0x00, 0x00, 0x00, 0x00, 0x00, 0x00, 0x00, 0x00, 0x3C, 0x00, 0x7E, 0x00, 0x66, 0xFE,
    0x66, 0xFE, 0x7E, 0x00, 0x3C, 0x3C, 0x00, 0x2C, 0x00, 0x00, 0x00, 0x00, 0x00, 0x00, 0x00, 0x00,
    0x00, 0x00, 0x00, 0x00, 0x00, 0x00, 0x00, 0x00, 0x3C, 0x00, 0x7E, 0x00, 0x66, 0x00, 0x67, 0xFE,
    0x67, 0xFE, 0x66, 0x00, 0x7E, 0x3C, 0x3C, 0x24, 0x00, 0x00, 0x00, 0x00, 0x00, 0x00, 0x00, 0x00,
    0x00, 0x00, 0x00, 0x00, 0x00, 0x00, 0x00, 0x00, 0x0C, 0x00, 0x12, 0x00, 0x32, 0x00, 0x4F, 0xFE,
    0x4F, 0xFE, 0x32, 0x00, 0x12, 0x3C, 0x0C, 0x24, 0x00, 0x00, 0x00, 0x00, 0x00, 0x00, 0x00, 0x00,
    0x00, 0x00, 0x00, 0x38, 0x00, 0x44, 0x00, 0x82, 0x00, 0x82, 0x38, 0x82, 0x44, 0x44, 0x44, 0x38,
    0x44, 0x00, 0x38, 0xC0, 0x01, 0x20, 0x01, 0x20, 0x00, 0xC0, 0x0C, 0x00, 0x0C, 0x00, 0x00, 0x00,
    0x00, 0x00, 0x00, 0x00, 0x00, 0x92, 0x00, 0x54, 0x0A, 0x38, 0x04, 0xEE, 0x0A, 0x38, 0x00, 0x54,
    0x00, 0x92, 0x54, 0x00, 0x10, 0x28, 0x6C, 0x10, 0x10, 0x28, 0x54, 0x00, 0x00, 0x00, 0x00, 0x00,
    0x00, 0x00, 0x40, 0x02, 0x2B, 0xD4, 0x16, 0x68, 0x20, 0x04, 0x13, 0xC8, 0x37, 0xEC, 0x26, 0x64,
    0x26, 0x64, 0x37, 0xEC, 0x13, 0xC8, 0x20, 0x04, 0x16, 0x68, 0x2B, 0xD4, 0x40, 0x02, 0x00, 0x00,
    0x00, 0x00, 0x00, 0x00, 0x03, 0xC0, 0x0F, 0xF0, 0x1F, 0xF8, 0x19, 0x98, 0x11, 0x88, 0x11, 0x88,
    0x0F, 0xF0, 0x03, 0xC0, 0x0A, 0x50, 0x09, 0x90, 0x0F, 0xF0, 0x07, 0xE0, 0x00, 0x00, 0x00, 0x00,
    0x00, 0x00, 0x00, 0x00, 0x00, 0x00, 0x07, 0xE0, 0x07, 0xE0, 0x03, 0xC0, 0x03, 0xC0, 0x03, 0xC0,
    0x07, 0xE0, 0x0F, 0xF0, 0x0F, 0xF0, 0x0F, 0xF0, 0x07, 0xE0, 0x00, 0x00, 0x00, 0x00, 0x00, 0x00,
    0x00, 0x00, 0x0F, 0xF0, 0x08, 0x10, 0x08, 0x10, 0x0C, 0x30, 0x04, 0x20, 0x04, 0x20, 0x0C, 0x30,
    0x18, 0x18, 0x30, 0x0C, 0x20, 0x04, 0x20, 0x04, 0x20, 0x04, 0x30, 0x0C, 0x1F, 0xF8, 0x00, 0x00,
    0x00, 0x00, 0x0F, 0xF0, 0x08, 0x10, 0x08, 0x10, 0x0C, 0x30, 0x04, 0x20, 0x04, 0x20, 0x0C, 0x30,
    0x1B, 0xD8, 0x37, 0xEC, 0x2F, 0xF4, 0x2F, 0xF4, 0x2F, 0xF4, 0x30, 0x0C, 0x1F, 0xF8, 0x00, 0x00,
    0x00, 0x00, 0x0F, 0xF0, 0x08, 0x10, 0x0B, 0xD0, 0x0D, 0xB0, 0x05, 0xA0, 0x05, 0xA0, 0x0D, 0xB0,
    0x1B, 0xD8, 0x37, 0xEC, 0x2F, 0xF4, 0x2F, 0xF4, 0x2F, 0xF4, 0x30, 0x0C, 0x1F, 0xF8, 0x00, 0x00,
    0x00, 0x00, 0x07, 0xE0, 0x1C, 0x38, 0x3C, 0x3C, 0x3C, 0x3C, 0x7C, 0x3E, 0x40, 0x02, 0x40, 0x02,
    0x40, 0x02, 0x40, 0x02, 0x7C, 0x3E, 0x3C, 0x3C, 0x3C, 0x3C, 0x1C, 0x38, 0x07, 0xE0, 0x00, 0x00,
    0x00, 0x00, 0x07, 0xE0, 0x1C, 0x38, 0x3D, 0xBC, 0x3D, 0xBC, 0x7D, 0xBE, 0x40, 0x02, 0x40, 0x02,
    0x40, 0x02, 0x40, 0x02, 0x7C, 0x3E, 0x3C, 0x3C, 0x3C, 0x3C, 0x1C, 0x38, 0x07, 0xE0, 0x00, 0x00,
    0x00, 0x00, 0x07, 0xE0, 0x1C, 0x38, 0x3C, 0x3C, 0x3C, 0x3C, 0x7C, 0x3E, 0x40, 0x02, 0x40, 0x3A,
    0x40, 0x3A, 0x40, 0x02, 0x7C, 0x3E, 0x3C, 0x3C, 0x3C, 0x3C, 0x1C, 0x38, 0x07, 0xE0, 0x00, 0x00,
    0x00, 0x00, 0x07, 0xE0, 0x1C, 0x38, 0x3C, 0x3C, 0x3C, 0x3C, 0x7C, 0x3E, 0x40, 0x02, 0x40, 0x02,
    0x40, 0x02, 0x40, 0x02, 0x7D, 0xBE, 0x3D, 0xBC, 0x3D, 0xBC, 0x1C, 0x38, 0x07, 0xE0, 0x00, 0x00,
    0x00, 0x00, 0x07, 0xE0, 0x1C, 0x38, 0x3C, 0x3C, 0x3C, 0x3C, 0x7C, 0x3E, 0x40, 0x02, 0x5C, 0x02,
    0x5C, 0x02, 0x40, 0x02, 0x7C, 0x3E, 0x3C, 0x3C, 0x3C, 0x3C, 0x1C, 0x38, 0x07, 0xE0, 0x00, 0x00,
    0x7F, 0xFE, 0x80, 0x01, 0xBF, 0xFD, 0xBF, 0xFD, 0xBF, 0xFD, 0xBF, 0xFD, 0xBF, 0xFD, 0xBF, 0xFD,
    0xBF, 0xFD, 0xBF, 0xFD, 0xBF, 0xFD, 0xBF, 0xFD, 0xBF, 0xFD, 0xBF, 0xFD, 0x80, 0x01, 0x7F, 0xFE,
    0x00, 0x00, 0x7F, 0xFE, 0x40, 0x02, 0x5F, 0xFA, 0x5F, 0xFA, 0x50, 0x0A, 0x50, 0x0A, 0x50, 0x0A,
    0x50, 0x0A, 0x50, 0x0A, 0x40, 0x02, 0x7F, 0xFE, 0x0C, 0x0E, 0x61, 0xE0, 0x6D, 0xEE, 0x00, 0x00,
    0x00, 0x00, 0x07, 0xE0, 0x0C, 0x30, 0x18, 0x18, 0x38, 0x1C, 0x70, 0x0E, 0x70, 0x0E, 0x60, 0x06,
    0x60, 0x06, 0x40, 0x02, 0x40, 0x02, 0x7F, 0xFE, 0x0C, 0x0E, 0x61, 0xE0, 0x6D, 0xEE, 0x00, 0x00,
    0x00, 0x00, 0x7A, 0xBE, 0x79, 0x00, 0x78, 0x1E, 0x03, 0xDE, 0x42, 0x46, 0x4E, 0x70, 0x08, 0x12,
    0x68, 0x12, 0x6E, 0x72, 0x02, 0x42, 0x53, 0xC0, 0x20, 0x16, 0x56, 0xF6, 0x26, 0xF6, 0x00, 0x00,
    0x00, 0x00, 0x30, 0x14, 0x28, 0x0C, 0x30, 0x14, 0x28, 0x0C, 0x30, 0x14, 0x28, 0x0C, 0x30, 0x14,
    0x28, 0x0C, 0x30, 0x14, 0x28, 0x0C, 0x30, 0x14, 0x28, 0x0C, 0x30, 0x14, 0x28, 0x0C, 0x00, 0x00,
    0x00, 0x00, 0x00, 0x00, 0x7F, 0xFE, 0x4E, 0x72, 0x5C, 0x3A, 0x7E, 0x7E, 0x5E, 0x7A, 0x4E, 0x72,
    0x7F, 0xFE, 0x00, 0x00, 0x7F, 0xFE, 0x60, 0x06, 0x6F, 0xF6, 0x60, 0x06, 0x00, 0x00, 0x00, 0x00,
    0x00, 0x00, 0x00, 0x06, 0x00, 0x1E, 0x00, 0x7E, 0x01, 0xE6, 0x07, 0x86, 0x1F, 0x9E, 0x5F, 0xFE,
    0x5E, 0x7E, 0x58, 0x78, 0x59, 0xE6, 0x5F, 0x9E, 0x5E, 0x00, 0x59, 0xCE, 0x47, 0xCE, 0x00, 0x00,
    0x00, 0x00, 0x7F, 0xFE, 0x7F, 0xFE, 0x63, 0xFE, 0x62, 0x3E, 0x7E, 0x3E, 0x7F, 0xFE, 0x7F, 0xFE,
    0x00, 0x00, 0x00, 0x00, 0x7E, 0x54, 0x7E, 0x2A, 0x00, 0x00, 0x53, 0xCE, 0x23, 0xCE, 0x00, 0x00,
    0x00, 0x00, 0x60, 0x00, 0x78, 0x00, 0x7E, 0x00, 0x7F, 0x80, 0x7F, 0xE0, 0x7F, 0xF8, 0x7F, 0xFA,
    0x7E, 0x7A, 0x1E, 0x1A, 0x67, 0x9A, 0x79, 0xFA, 0x00, 0x7A, 0x29, 0x9A, 0x51, 0xE2, 0x00, 0x00,
    0x00, 0x00, 0x00, 0x7E, 0x01, 0xFE, 0x03, 0xFE, 0x03, 0x7E, 0x07, 0xEA, 0x07, 0xF4, 0x07, 0xE0,
    0x07, 0xE0, 0x17, 0xE8, 0x17, 0xE8, 0x15, 0xA8, 0x17, 0xE8, 0x18, 0x18, 0x0F, 0xF0, 0x00, 0x00,
    0x00, 0x00, 0x7F, 0xFE, 0x6F, 0xF6, 0x7F, 0xFE, 0x7F, 0xFE, 0x2A, 0xAA, 0x55, 0x54, 0x00, 0x00,
    0x00, 0x00, 0x00, 0x00, 0x00, 0x00, 0x00, 0x00, 0x00, 0x00, 0x00, 0x00, 0x00, 0x00, 0x00, 0x00,
    0x00, 0x00, 0x7F, 0xFE, 0x6F, 0xF6, 0x7F, 0xFE, 0x7F, 0xFE, 0x2F, 0xEA, 0x50, 0x14, 0x03, 0xC0,
    0x06, 0x60, 0x14, 0xA8, 0x15, 0x28, 0x16, 0x68, 0x13, 0xC8, 0x18, 0x18, 0x0F, 0xF0, 0x00, 0x00,
    0x00, 0x00, 0x7F, 0xFE, 0x6F, 0xF6, 0x7F, 0xFE, 0x7F, 0xFE, 0x2A, 0xAA, 0x55, 0x54, 0x01, 0x80,
    0x01, 0x80, 0x01, 0x80, 0x01, 0x80, 0x05, 0xA0, 0x05, 0xA0, 0x06, 0x60, 0x03, 0xC0, 0x00, 0x00,
    0x00, 0x00, 0x00, 0x80, 0x01, 0x00, 0x01, 0x80, 0x00, 0x80, 0x01, 0x00, 0x01, 0x80, 0x00, 0x80,
    0x01, 0x00, 0x01, 0x80, 0x00, 0x80, 0x01, 0x00, 0x01, 0x80, 0x00, 0x80, 0x01, 0x00, 0x00, 0x00,
    0x00, 0x00, 0x00, 0x00, 0x03, 0xC0, 0x05, 0xA0, 0x04, 0x20, 0x04, 0x20, 0x13, 0xC8, 0x14, 0x28,
    0x17, 0xE8, 0x07, 0xE0, 0x0B, 0xD0, 0x0B, 0xD0, 0x08, 0x10, 0x0F, 0xF0, 0x00, 0x00, 0x00, 0x00,
    0x00, 0x00, 0x44, 0x0A, 0x34, 0x0C, 0x0E, 0x78, 0x01, 0x80, 0x04, 0x08, 0x04, 0x08, 0x02, 0x10,
    0x02, 0x10, 0x01, 0x20, 0x00, 0xC0, 0x00, 0x00, 0x00, 0x00, 0x00, 0x00, 0x00, 0x00, 0x00, 0x00,
    0x00, 0x00, 0x03, 0xC0, 0x0F, 0xF0, 0x1F, 0xF8, 0x3C, 0x3C, 0x30, 0x0C, 0x33, 0xCC, 0x25, 0xA4,
    0x27, 0xE4, 0x27, 0xE4, 0x25, 0xA4, 0x13, 0xC8, 0x10, 0x08, 0x0C, 0x30, 0x03, 0xC0, 0x00, 0x00,
    0x00, 0x00, 0x00, 0x00, 0x00, 0x00, 0x00, 0x00, 0x00, 0x00, 0x02, 0x00, 0x04, 0x10, 0x09, 0x88,
    0x11, 0xA4, 0x20, 0x00, 0x0F, 0xF6, 0x2F, 0xF6, 0x00, 0x00, 0x7D, 0x94, 0x7D, 0xAA, 0x00, 0x00,
    0x00, 0x00, 0x00, 0x04, 0x00, 0x00, 0x00, 0x78, 0x04, 0xBC, 0x01, 0x7E, 0x01, 0x7E, 0x0D, 0x3E,
    0x0D, 0x1A, 0x20, 0x84, 0x07, 0x7A, 0x6F, 0x80, 0x6B, 0xB4, 0x09, 0xB0, 0x27, 0x00, 0x00, 0x00,
    0x00, 0x00, 0x7D, 0xFE, 0x7D, 0xFE, 0x7C, 0x00, 0x7D, 0xFE, 0x7C, 0x00, 0x7C, 0x00, 0x7C, 0x00,
    0x38, 0x00, 0x00, 0x00, 0x44, 0x00, 0x38, 0x00, 0x44, 0x00, 0x7C, 0x00, 0x38, 0x00, 0x00, 0x00,
    0x00, 0x00, 0x7F, 0xFE, 0x52, 0x4A, 0x52, 0x4A, 0x7F, 0xFE, 0x52, 0x4A, 0x52, 0x4A, 0x7F, 0xFE,
    0x52, 0x4A, 0x52, 0x4A, 0x40, 0x02, 0x7F, 0xFE, 0x55, 0x56, 0x6A, 0xAA, 0x7F, 0xFE, 0x00, 0x00,
    0x00, 0x00, 0x7F, 0xFE, 0x44, 0x02, 0x55, 0xFA, 0x55, 0xFA, 0x55, 0xFA, 0x55, 0xFA, 0x55, 0xFA,
    0x54, 0x7A, 0x54, 0x7A, 0x55, 0xFA, 0x55, 0xFA, 0x55, 0xFA, 0x55, 0xFA, 0x44, 0x02, 0x00, 0x00,
    0x00, 0x00, 0x7F, 0xFE, 0x44, 0x22, 0x5F, 0xFA, 0x51, 0x0A, 0x71, 0x0E, 0x53, 0xCA, 0x52, 0x7A,
    0x5E, 0x4A, 0x53, 0xCA, 0x70, 0x8E, 0x50, 0x8A, 0x5F, 0xFA, 0x44, 0x22, 0x7F, 0xFE, 0x00, 0x00,
    0x00, 0x00, 0x7F, 0xFE, 0x00, 0x00, 0x48, 0x12, 0x48, 0x12, 0x7F, 0xFE, 0x40, 0x02, 0x48, 0x12,
    0x48, 0x12, 0x48, 0x12, 0x48, 0x12, 0x48, 0x12, 0x7F, 0xFE, 0x40, 0x02, 0x48, 0x12, 0x00, 0x00,
    0x00, 0x00, 0x7F, 0xFE, 0x00, 0x00, 0x00, 0x00, 0x7F, 0xFE, 0x7F, 0xFE, 0x7F, 0xFE, 0x00, 0x00,
    0x00, 0x00, 0x7F, 0xFE, 0x00, 0x00, 0x00, 0x00, 0x7F, 0xFE, 0x7F, 0xFE, 0x7F, 0xFE, 0x00, 0x00,
    0x00, 0x00, 0x01, 0x80, 0x03, 0xC0, 0x07, 0xE0, 0x0F, 0xF0, 0x1F, 0xF8, 0x3F, 0xFC, 0x3F, 0xFC,
    0x07, 0xE0, 0x07, 0xE0, 0x07, 0xE0, 0x07, 0xE0, 0x07, 0xE0, 0x07, 0xE0, 0x07, 0xE0, 0x07, 0xE0,
    0x07, 0xE0, 0x07, 0xE0, 0x07, 0xE0, 0x07, 0xE0, 0x07, 0xE0, 0xFF, 0xFF, 0xFF, 0xFF, 0xFF, 0xFF,
    0xFF, 0xFF, 0xFF, 0xFF, 0xFF, 0xFF, 0x07, 0xE0, 0x07, 0xE0, 0x07, 0xE0, 0x07, 0xE0, 0x07, 0xE0,
    0x07, 0xE0, 0x07, 0xE0, 0x07, 0xE0, 0x07, 0xE0, 0x07, 0xE0, 0xFB, 0xDF, 0xFD, 0xBF, 0xFE, 0x7F,
    0xFE, 0x7F, 0xFD, 0xBF, 0xFB, 0xDF, 0x07, 0xE0, 0x07, 0xE0, 0x07, 0xE0, 0x07, 0xE0, 0x07, 0xE0,
    0x00, 0x00, 0x00, 0x00, 0x02, 0x40, 0x09, 0x90, 0x01, 0x80, 0x2D, 0xB4, 0x0E, 0x70, 0x07, 0xE0,
    0x11, 0x88, 0x25, 0xA4, 0x23, 0xC4, 0x21, 0x84, 0x18, 0x18, 0x07, 0xE0, 0x00, 0x00, 0x00, 0x00,
    0x00, 0x00, 0x04, 0x20, 0x01, 0x80, 0x19, 0x98, 0x1D, 0xB8, 0x4C, 0x32, 0x02, 0x40, 0x39, 0x9C,
    0x39, 0x9C, 0x02, 0x40, 0x4C, 0x32, 0x1D, 0xB8, 0x19, 0x98, 0x01, 0x80, 0x04, 0x20, 0x00, 0x00,
    0x00, 0x00, 0x00, 0x00, 0x02, 0x40, 0x00, 0x00, 0x09, 0x90, 0x05, 0xA0, 0x22, 0x44, 0x0C, 0x30,
    0x0C, 0x30, 0x22, 0x44, 0x05, 0xA0, 0x09, 0x90, 0x00, 0x00, 0x02, 0x40, 0x00, 0x00, 0x00, 0x00,
    0x00, 0x00, 0x00, 0x00, 0x0A, 0x10, 0x04, 0x00, 0x2A, 0x54, 0x00, 0x08, 0x0A, 0x54, 0x01, 0x80,
    0x01, 0x80, 0x2A, 0x50, 0x10, 0x00, 0x2A, 0x54, 0x00, 0x20, 0x08, 0x50, 0x00, 0x00, 0x00, 0x00,
    0x00, 0x00, 0x00, 0x00, 0x22, 0x44, 0x18, 0x18, 0x18, 0x18, 0x03, 0xC0, 0x24, 0x24, 0x04, 0x20,
    0x04, 0x20, 0x24, 0x24, 0x03, 0xC0, 0x18, 0x18, 0x18, 0x18, 0x22, 0x44, 0x00, 0x00, 0x00, 0x00,
    0x00, 0x00, 0x00, 0x00, 0x00, 0x30, 0x00, 0x30, 0x00, 0x3C, 0x00, 0x7C, 0x00, 0xE0, 0x01, 0xC0,
    0x03, 0x80, 0x07, 0x00, 0x3E, 0x00, 0x3C, 0x00, 0x0C, 0x00, 0x0C, 0x00, 0x00, 0x00, 0x00, 0x00,
    0x00, 0x00, 0x00, 0x00, 0x00, 0x00, 0x1F, 0x80, 0x39, 0xC0, 0x38, 0xF8, 0x3C, 0xEC, 0x1F, 0xFC,
    0x21, 0xFC, 0x1D, 0x54, 0x1C, 0xA8, 0x0F, 0xFC, 0x03, 0xF8, 0x00, 0x00, 0x00, 0x00, 0x00, 0x00,
    0x00, 0x00, 0x00, 0x00, 0x07, 0xC0, 0x1F, 0xF0, 0x3F, 0xF8, 0x3F, 0xF8, 0x3C, 0xC8, 0x3C, 0xC8,
    0x1F, 0xF8, 0x01, 0xF0, 0x0D, 0x50, 0x0C, 0xA0, 0x0F, 0xF0, 0x07, 0xE0, 0x00, 0x00, 0x00, 0x00,
    0x00, 0x00, 0x7C, 0x3E, 0x44, 0x22, 0x5C, 0x3A, 0x50, 0x0A, 0x70, 0x0E, 0x00, 0x00, 0x00, 0x00,
    0x00, 0x00, 0x00, 0x00, 0x70, 0x0E, 0x50, 0x0A, 0x5C, 0x3A, 0x44, 0x22, 0x7C, 0x3E, 0x00, 0x00,
    0x00, 0x00, 0x70, 0x0E, 0x40, 0x02, 0x40, 0x02, 0x00, 0x00, 0x00, 0x00, 0x00, 0x00, 0x00, 0x00,
    0x00, 0x00, 0x00, 0x00, 0x00, 0x00, 0x00, 0x00, 0x40, 0x02, 0x40, 0x02, 0x70, 0x0E, 0x00, 0x00,
    0x00, 0x00, 0x7C, 0x3E, 0x50, 0x0A, 0x70, 0x0E, 0x40, 0x02, 0x40, 0x02, 0x00, 0x00, 0x00, 0x00,
    0x00, 0x00, 0x00, 0x00, 0x40, 0x02, 0x40, 0x02, 0x70, 0x0E, 0x50, 0x0A, 0x7C, 0x3E, 0x00, 0x00,
    0x00, 0x00, 0x38, 0x1C, 0x60, 0x06, 0x40, 0x02, 0x40, 0x02, 0x00, 0x00, 0x00, 0x00, 0x00, 0x00,
    0x00, 0x00, 0x00, 0x00, 0x00, 0x00, 0x40, 0x02, 0x40, 0x02, 0x60, 0x06, 0x38, 0x1C, 0x00, 0x00,
    0x00, 0x00, 0x00, 0x00, 0x00, 0x00, 0x0F, 0xF0, 0x0F, 0xF0, 0x07, 0xE0, 0x03, 0xC0, 0x01, 0x80,
    0x01, 0x80, 0x03, 0xC0, 0x07, 0xE0, 0x0F, 0xF0, 0x0F, 0xF0, 0x00, 0x00, 0x00, 0x00, 0x00, 0x00,
    0x00, 0x00, 0x00, 0x00, 0x1F, 0xF8, 0x10, 0x08, 0x10, 0x08, 0x18, 0x18, 0x0C, 0x30, 0x06, 0x60,
    0x06, 0x60, 0x0C, 0x30, 0x18, 0x18, 0x10, 0x08, 0x10, 0x08, 0x1F, 0xF8, 0x00, 0x00, 0x00, 0x00,
    0x00, 0x00, 0x00, 0x00, 0x1F, 0xF8, 0x10, 0x08, 0x10, 0x08, 0x18, 0x18, 0x0C, 0x30, 0x06, 0x60,
    0x06, 0x60, 0x0D, 0xB0, 0x1B, 0xD8, 0x17, 0xE8, 0x10, 0x08, 0x1F, 0xF8, 0x00, 0x00, 0x00, 0x00,
    0x00, 0x00, 0x00, 0x00, 0x1F, 0xF8, 0x10, 0x08, 0x17, 0xE8, 0x1B, 0xD8, 0x0D, 0xB0, 0x06, 0x60,
    0x06, 0x60, 0x0D, 0xB0, 0x1B, 0xD8, 0x17, 0xE8, 0x10, 0x08, 0x1F, 0xF8, 0x00, 0x00, 0x00, 0x00,
    0x00, 0x00, 0x07, 0xE0, 0x1C, 0x38, 0x30, 0x0C, 0x20, 0x04, 0x63, 0xC6, 0x47, 0xE2, 0x47, 0xE2,
    0x47, 0xE2, 0x47, 0xE2, 0x63, 0xC6, 0x20, 0x04, 0x30, 0x0C, 0x1C, 0x38, 0x07, 0xE0, 0x00, 0x00,
    0x00, 0x00, 0x03, 0xC0, 0x17, 0xE8, 0x37, 0xEC, 0x27, 0xE4, 0x67, 0xE6, 0x43, 0xC2, 0x40, 0x02,
    0x41, 0x82, 0x40, 0x02, 0x60, 0x06, 0x20, 0x04, 0x30, 0x0C, 0x1C, 0x38, 0x07, 0xE0, 0x00, 0x00,
    0x00, 0x00, 0x07, 0xE0, 0x1C, 0x38, 0x30, 0x0C, 0x20, 0x00, 0x60, 0x3C, 0x40, 0x7E, 0x41, 0x7E,
    0x41, 0x7E, 0x40, 0x7E, 0x60, 0x3C, 0x20, 0x00, 0x30, 0x0C, 0x1C, 0x38, 0x07, 0xE0, 0x00, 0x00,
    0x00, 0x00, 0x07, 0xE0, 0x1C, 0x38, 0x30, 0x0C, 0x20, 0x04, 0x60, 0x06, 0x40, 0x02, 0x41, 0x82,
    0x40, 0x02, 0x43, 0xC2, 0x67, 0xE6, 0x27, 0xE4, 0x37, 0xEC, 0x17, 0xE8, 0x03, 0xC0, 0x00, 0x00,
    0x00, 0x00, 0x07, 0xE0, 0x1C, 0x38, 0x30, 0x0C, 0x00, 0x04, 0x3C, 0x06, 0x7E, 0x02, 0x7E, 0x82,
    0x7E, 0x82, 0x7E, 0x02, 0x3C, 0x06, 0x00, 0x04, 0x30, 0x0C, 0x1C, 0x38, 0x07, 0xE0, 0x00, 0x00,
    0x7B, 0xDE, 0xA3, 0xC5, 0xE0, 0x07, 0x8F, 0xF1, 0x9F, 0xF9, 0x1F, 0xF8, 0xDF, 0xFB, 0xDF, 0xFB,
    0xDF, 0xFB, 0xDF, 0xFB, 0x1F, 0xF8, 0x9F, 0xF9, 0x8F, 0xF1, 0xE0, 0x07, 0xA3, 0xC5, 0x7B, 0xDE,
    0x00, 0x00, 0x7A, 0xBE, 0x79, 0x00, 0x7A, 0xBE, 0x00, 0x3E, 0x5D, 0xBE, 0x5D, 0x80, 0x00, 0x12,
    0x77, 0xAA, 0x77, 0x82, 0x07, 0xBA, 0x50, 0x00, 0x26, 0xF6, 0x56, 0xF6, 0x26, 0xF6, 0x00, 0x00,
    0x00, 0x00, 0x7A, 0xBE, 0x40, 0x00, 0x4F, 0xF2, 0x18, 0x1A, 0x52, 0x4A, 0x52, 0x48, 0x12, 0x4A,
    0x52, 0x4A, 0x52, 0x4A, 0x12, 0x4A, 0x50, 0x08, 0x1F, 0xFA, 0x40, 0x02, 0x26, 0xF6, 0x00, 0x00,
    0x00, 0x00, 0x7A, 0xBE, 0x60, 0x00, 0x67, 0xE6, 0x0C, 0x36, 0x48, 0x16, 0x48, 0x10, 0x08, 0x12,
    0x6B, 0xD2, 0x68, 0x12, 0x08, 0x12, 0x48, 0x10, 0x2F, 0xF6, 0x40, 0x06, 0x26, 0xF6, 0x00, 0x00,
    0x00, 0x00, 0x30, 0x14, 0x28, 0x0C, 0x30, 0x14, 0x28, 0x0C, 0x30, 0x14, 0x68, 0x0E, 0x70, 0x16,
    0x68, 0x0E, 0x70, 0x16, 0x60, 0x06, 0x5F, 0xFA, 0x40, 0x02, 0x40, 0x02, 0x7F, 0xFE, 0x00, 0x00,
    0x00, 0x00, 0x6E, 0xB6, 0x6E, 0xB0, 0x00, 0x02, 0x6C, 0x34, 0x68, 0x12, 0x00, 0x04, 0x20, 0x02,
    0x40, 0x00, 0x20, 0x06, 0x40, 0x06, 0x20, 0x00, 0x00, 0x06, 0x60, 0x06, 0x60, 0x06, 0x00, 0x00,
    0x00, 0x00, 0x73, 0xC4, 0x60, 0x02, 0x07, 0xE0, 0x2B, 0xD6, 0x4C, 0x36, 0x0C, 0x30, 0x6C, 0x36,
    0x6D, 0xB6, 0x0C, 0x30, 0x6C, 0x34, 0x6B, 0xD2, 0x07, 0xE0, 0x40, 0x06, 0x23, 0xCE, 0x00, 0x00,
    0x00, 0x00, 0x73, 0xC4, 0x73, 0xCA, 0x00, 0x00, 0x2A, 0x7E, 0x54, 0x7E, 0x00, 0x00, 0x73, 0xCE,
    0x73, 0xCE, 0x00, 0x00, 0x7E, 0x54, 0x7E, 0x2A, 0x00, 0x00, 0x53, 0xCE, 0x23, 0xCE, 0x00, 0x00,
    0x00, 0x00, 0x73, 0xC4, 0x40, 0x02, 0x0F, 0xF0, 0x1F, 0xFA, 0x58, 0x1A, 0x18, 0x18, 0x58, 0x1A,
    0x5B, 0xDA, 0x18, 0x18, 0x58, 0x18, 0x5F, 0xFA, 0x0F, 0xF0, 0x40, 0x02, 0x23, 0xCE, 0x00, 0x00,
    0x00, 0x00, 0x7F, 0xFE, 0x7F, 0xFE, 0x00, 0x00, 0x31, 0x8C, 0x19, 0x98, 0x0D, 0xB0, 0x05, 0xA0,
    0x01, 0x80, 0x01, 0x80, 0x01, 0x80, 0x05, 0xA0, 0x05, 0xA0, 0x04, 0x20, 0x07, 0xE0, 0x00, 0x00,
    0x00, 0x00, 0x7F, 0xFE, 0x7F, 0xFE, 0x00, 0x00, 0x18, 0x18, 0x18, 0x18, 0x5B, 0xDA, 0x5B, 0xDA,
    0x18, 0x18, 0x18, 0x18, 0x18, 0x18, 0x5A, 0x5A, 0x5A, 0x5A, 0x66, 0x66, 0x3C, 0x3C, 0x00, 0x00,
    0x00, 0x00, 0x7F, 0xFE, 0x00, 0x00, 0x40, 0x02, 0x00, 0x00, 0x40, 0x02, 0x00, 0x00, 0x7F, 0xFE,
    0x7F, 0xFE, 0x00, 0x00, 0x63, 0x18, 0x31, 0x8C, 0x18, 0xC6, 0x00, 0x00, 0x7F, 0xFE, 0x00, 0x00,
    0x00, 0x00, 0x28, 0xD4, 0x2A, 0x54, 0x2B, 0x14, 0x29, 0x94, 0x28, 0xD4, 0x2A, 0x54, 0x2B, 0x14,
    0x29, 0x94, 0x28, 0xD4, 0x2A, 0x54, 0x2B, 0x14, 0x29, 0x94, 0x28, 0xD4, 0x2A, 0x54, 0x00, 0x00,
    0x00, 0x00, 0x01, 0x80, 0x00, 0x00, 0x03, 0xC0, 0x02, 0x40, 0x02, 0x40, 0x03, 0xC0, 0x00, 0x00,
    0x01, 0xC0, 0x01, 0xE0, 0x04, 0x60, 0x06, 0x60, 0x03, 0xE0, 0x03, 0xC0, 0x00, 0x00, 0x00, 0x00,
    0x00, 0x00, 0x00, 0x00, 0x07, 0xE0, 0x08, 0x10, 0x08, 0x50, 0x08, 0x10, 0x07, 0xE0, 0x08, 0x10,
    0x0F, 0xF0, 0x07, 0xE0, 0x08, 0x10, 0x0F, 0xF0, 0x0F, 0xF0, 0x07, 0xE0, 0x00, 0x00, 0x00, 0x00,
    0x00, 0x00, 0x00, 0x80, 0x01, 0x00, 0x05, 0xA0, 0x0A, 0x50, 0x0B, 0xD0, 0x08, 0x10, 0x07, 0xE0,
    0x08, 0x10, 0x0F, 0xF0, 0x07, 0xE0, 0x08, 0x10, 0x0F, 0xF0, 0x07, 0xE0, 0x00, 0x00, 0x00, 0x00,
    0x00, 0x00, 0x7F, 0xFE, 0x40, 0x02, 0x40, 0x02, 0x40, 0x02, 0x40, 0x02, 0x7F, 0xFE, 0x00, 0x00,
    0x7F, 0xFE, 0x63, 0xC6, 0x5D, 0xBA, 0x22, 0x44, 0x6B, 0xD6, 0x22, 0x44, 0x1C, 0x38, 0x00, 0x00,
    0x00, 0x00, 0x66, 0x66, 0x7F, 0xFE, 0x1F, 0xFE, 0x70, 0x00, 0x77, 0xFE, 0x16, 0xAA, 0x75, 0x54,
    0x76, 0x00, 0x15, 0x00, 0x76, 0x00, 0x75, 0x00, 0x16, 0x00, 0x75, 0x00, 0x76, 0x00, 0x00, 0x00,
    0x00, 0x00, 0x66, 0x66, 0x7F, 0xFE, 0x7F, 0xFE, 0x00, 0x00, 0x7F, 0xFE, 0x2A, 0xAA, 0x55, 0x54,
    0x00, 0x00, 0x00, 0x00, 0x00, 0x00, 0x00, 0x00, 0x00, 0x00, 0x00, 0x00, 0x00, 0x00, 0x00, 0x00,
    0x00, 0x00, 0x66, 0x66, 0x7F, 0xFE, 0x7F, 0xF8, 0x00, 0x0E, 0x7F, 0xEE, 0x55, 0x68, 0x2A, 0xAE,
    0x00, 0x6E, 0x00, 0xA8, 0x00, 0x6E, 0x00, 0xAE, 0x00, 0x68, 0x00, 0xAE, 0x00, 0x6E, 0x00, 0x00,
    0x00, 0x00, 0x66, 0x66, 0x7F, 0xFE, 0x7F, 0xFE, 0x60, 0x00, 0x6F, 0xFE, 0x6A, 0xAA, 0x65, 0x54,
    0x60, 0x00, 0x60, 0x00, 0x66, 0x66, 0x7F, 0xFE, 0x00, 0x00, 0x7F, 0xFE, 0x7F, 0xFE, 0x00, 0x00,
    0x00, 0x00, 0x66, 0x66, 0x7F, 0xFE, 0x7F, 0xFE, 0x00, 0x00, 0x7F, 0xFE, 0x2A, 0xAA, 0x55, 0x54,
    0x00, 0x00, 0x00, 0x00, 0x66, 0x66, 0x7F, 0xFE, 0x00, 0x00, 0x7F, 0xFE, 0x7F, 0xFE, 0x00, 0x00,
    0x00, 0x00, 0x7F, 0xFE, 0x40, 0x00, 0x5F, 0xFE, 0x5F, 0xFE, 0x5F, 0xFE, 0x50, 0x00, 0x50, 0x00,
    0x50, 0x00, 0x50, 0x00, 0x5F, 0xFE, 0x40, 0x00, 0x7F, 0xFE, 0x7F, 0xFE, 0x7F, 0xFE, 0x00, 0x00,
    0x00, 0x00, 0x7F, 0xFE, 0x00, 0x00, 0x7F, 0xFE, 0x7F, 0xFE, 0x7F, 0xFE, 0x00, 0x00, 0x00, 0x00,
    0x00, 0x00, 0x00, 0x00, 0x7F, 0xFE, 0x00, 0x00, 0x7F, 0xFE, 0x7F, 0xFE, 0x7F, 0xFE, 0x00, 0x00,
    0x00, 0x00, 0x03, 0xFE, 0x0C, 0x00, 0x10, 0x00, 0x21, 0xFE, 0x27, 0xFE, 0x4F, 0xFE, 0x4E, 0x00,
    0x46, 0x00, 0x61, 0xFE, 0x30, 0x00, 0x3C, 0x00, 0x1F, 0xFE, 0x0F, 0xFE, 0x03, 0xFE, 0x00, 0x00,
    0x00, 0x00, 0x01, 0x80, 0x03, 0xC0, 0x07, 0xE0, 0x0E, 0x70, 0x1D, 0xB8, 0x3B, 0xDC, 0x37, 0xEC,
    0x07, 0xE0, 0x07, 0xE0, 0x07, 0xE0, 0x07, 0xE0, 0x07, 0xE0, 0x07, 0xE0, 0x07, 0xE0, 0x07, 0xE0,
    0x07, 0xE0, 0x07, 0xE0, 0x07, 0xE0, 0x07, 0xE0, 0x07, 0xE0, 0x07, 0xE0, 0x07, 0xE0, 0x07, 0xE0,
    0x07, 0xE0, 0x07, 0xE0, 0x07, 0xE0, 0x07, 0xE0, 0x07, 0xE0, 0x07, 0xE0, 0x07, 0xE0, 0x07, 0xE0,
    0x07, 0xE0, 0x07, 0xE0, 0x07, 0xE0, 0x07, 0xE0, 0x07, 0xE0, 0x07, 0xE0, 0x07, 0xE0, 0x07, 0xE0,
    0x03, 0xC0, 0x00, 0x00, 0x00, 0x00, 0x00, 0x00, 0x00, 0x00, 0x00, 0x00, 0x00, 0x00, 0x00, 0x00,
    0x07, 0xE0, 0x07, 0xE0, 0x07, 0xE0, 0x07, 0xE0, 0x07, 0xE0, 0x07, 0xE0, 0x07, 0xE0, 0x07, 0xE0,
    0x02, 0xA0, 0x05, 0x40, 0x02, 0xA0, 0x00, 0x00, 0x02, 0xA0, 0x00, 0x00, 0x05, 0x40, 0x00, 0x00,
    0x00, 0x00, 0x00, 0x00, 0x00, 0x00, 0x00, 0x00, 0x00, 0x00, 0x00, 0xFF, 0x03, 0xFF, 0x03, 0xFF,
    0x07, 0xFF, 0x07, 0xFF, 0x07, 0xFF, 0x07, 0xE0, 0x07, 0xE0, 0x07, 0xE0, 0x07, 0xE0, 0x07, 0xE0,
    0x00, 0x00, 0x00, 0x00, 0x00, 0x00, 0x00, 0x00, 0x00, 0x00, 0xF8, 0x1F, 0xFE, 0x7F, 0xFF, 0xFF,
    0xFF, 0xFF, 0xFF, 0xFF, 0xFF, 0xFF, 0x0F, 0xF0, 0x07, 0xE0, 0x07, 0xE0, 0x07, 0xE0, 0x07, 0xE0,
    0x00, 0x00, 0x00, 0x00, 0x00, 0x00, 0x00, 0x00, 0x00, 0x00, 0x07, 0xFF, 0x07, 0xFF, 0x07, 0xFF,
    0x07, 0xFF, 0x07, 0xFF, 0x07, 0xFF, 0x07, 0xE0, 0x07, 0xE0, 0x07, 0xE0, 0x07, 0xE0, 0x07, 0xE0,
    0x00, 0x00, 0x00, 0x00, 0x00, 0x00, 0x00, 0x00, 0x00, 0x00, 0xFF, 0xFF, 0xFF, 0xFF, 0xFF, 0xFF,
    0xFF, 0xFF, 0xFF, 0xFF, 0xFF, 0xFF, 0x07, 0xE0, 0x07, 0xE0, 0x07, 0xE0, 0x07, 0xE0, 0x07, 0xE0,
    0x00, 0x00, 0x00, 0x00, 0x07, 0xE0, 0x04, 0x20, 0x06, 0x60, 0x02, 0x40, 0x02, 0x40, 0x06, 0x60,
    0x08, 0x10, 0x13, 0xC8, 0x17, 0xE8, 0x17, 0xE8, 0x17, 0xE8, 0x08, 0x10, 0x07, 0xE0, 0x00, 0x00,
    0x00, 0x00, 0x01, 0x80, 0x07, 0xE0, 0x04, 0x20, 0x06, 0x60, 0x02, 0x40, 0x02, 0x40, 0x02, 0x40,
    0x04, 0x20, 0x0B, 0xD0, 0x17, 0xE8, 0x17, 0xE8, 0x17, 0xE8, 0x08, 0x10, 0x07, 0xE0, 0x00, 0x00,
    0x00, 0x00, 0x00, 0x00, 0x00, 0x00, 0x03, 0xC0, 0x00, 0x00, 0x07, 0xE0, 0x04, 0x20, 0x06, 0x60,
    0x08, 0x10, 0x13, 0xC8, 0x17, 0xE8, 0x17, 0xE8, 0x17, 0xE8, 0x08, 0x10, 0x07, 0xE0, 0x00, 0x00,
    0x00, 0x00, 0x00, 0x00, 0x00, 0x00, 0x01, 0x80, 0x03, 0xC0, 0x03, 0xC0, 0x03, 0xC0, 0x01, 0x80,
    0x01, 0x80, 0x00, 0x00, 0x00, 0x00, 0x01, 0x80, 0x01, 0x80, 0x00, 0x00, 0x00, 0x00, 0x00, 0x00,
    0x00, 0x00, 0x00, 0x00, 0x00, 0x00, 0x1F, 0xF8, 0x3F, 0xFC, 0x3E, 0x7C, 0x3E, 0x7C, 0x3E, 0x7C,
    0x3E, 0x7C, 0x3F, 0xFC, 0x3E, 0x7C, 0x3F, 0xFC, 0x1F, 0xF8, 0x01, 0x80, 0x00, 0x00, 0x00, 0x00,
    0x00, 0x00, 0x00, 0x00, 0x00, 0x00, 0x03, 0xC0, 0x07, 0xE0, 0x06, 0x60, 0x00, 0x60, 0x01, 0xE0,
    0x01, 0xC0, 0x01, 0x80, 0x00, 0x00, 0x01, 0x80, 0x01, 0x80, 0x00, 0x00, 0x00, 0x00, 0x00, 0x00,
    0x00, 0x00, 0x00, 0x00, 0x00, 0x00, 0x1F, 0xF8, 0x3F, 0xFC, 0x3E, 0x7C, 0x3D, 0x3C, 0x3F, 0x3C,
    0x3E, 0x7C, 0x3F, 0xFC, 0x3E, 0x7C, 0x3F, 0xFC, 0x1F, 0xF8, 0x01, 0x80, 0x00, 0x00, 0x00, 0x00,
    0x00, 0x00, 0x00, 0x00, 0x03, 0xC0, 0x0F, 0xF0, 0x1C, 0x38, 0x18, 0x18, 0x30, 0x0C, 0x30, 0x0C,
    0x30, 0x0C, 0x30, 0x0C, 0x18, 0x18, 0x1C, 0x38, 0x0F, 0xF0, 0x03, 0xC0, 0x00, 0x00, 0x00, 0x00,
    0x00, 0x00, 0x00, 0x00, 0x18, 0x18, 0x3C, 0x3C, 0x3E, 0x7C, 0x1F, 0xF8, 0x0F, 0xF0, 0x07, 0xE0,
    0x07, 0xE0, 0x0F, 0xF0, 0x1F, 0xF8, 0x3E, 0x7C, 0x3C, 0x3C, 0x18, 0x18, 0x00, 0x00, 0x00, 0x00,
    0x00, 0x00, 0x00, 0x00, 0x1F, 0xF8, 0x30, 0x0C, 0x20, 0x04, 0x20, 0x04, 0x20, 0x04, 0x20, 0x04,
    0x20, 0x04, 0x20, 0x04, 0x20, 0x04, 0x20, 0x04, 0x30, 0x0C, 0x1F, 0xF8, 0x00, 0x00, 0x00, 0x00,
    0x00, 0x00, 0x00, 0x00, 0x17, 0xE8, 0x38, 0x1C, 0x1C, 0x38, 0x2E, 0x74, 0x27, 0xE4, 0x23, 0xC4,
    0x23, 0xC4, 0x27, 0xE4, 0x2E, 0x74, 0x1C, 0x38, 0x38, 0x1C, 0x17, 0xE8, 0x00, 0x00, 0x00, 0x00,
    0x00, 0x00, 0x03, 0xC0, 0x06, 0x60, 0x04, 0x20, 0x04, 0x20, 0x3E, 0x7C, 0x67, 0xE6, 0x43, 0xC2,
    0x43, 0xC2, 0x67, 0xE6, 0x3E, 0x7C, 0x04, 0x20, 0x04, 0x20, 0x06, 0x60, 0x03, 0xC0, 0x00, 0x00,
    0x00, 0x00, 0x03, 0xC0, 0x06, 0x60, 0x05, 0xA0, 0x05, 0xA0, 0x3E, 0x7C, 0x67, 0xE6, 0x43, 0xC2,
    0x43, 0xC2, 0x67, 0xE6, 0x3E, 0x7C, 0x04, 0x20, 0x04, 0x20, 0x06, 0x60, 0x03, 0xC0, 0x00, 0x00,
    0x00, 0x00, 0x03, 0xC0, 0x06, 0x60, 0x04, 0x20, 0x04, 0x20, 0x3E, 0x7C, 0x67, 0xE6, 0x43, 0xDA,
    0x43, 0xDA, 0x67, 0xE6, 0x3E, 0x7C, 0x04, 0x20, 0x04, 0x20, 0x06, 0x60, 0x03, 0xC0, 0x00, 0x00,
    0x00, 0x00, 0x03, 0xC0, 0x06, 0x60, 0x04, 0x20, 0x04, 0x20, 0x3E, 0x7C, 0x67, 0xE6, 0x43, 0xC2,
    0x43, 0xC2, 0x67, 0xE6, 0x3E, 0x7C, 0x05, 0xA0, 0x05, 0xA0, 0x06, 0x60, 0x03, 0xC0, 0x00, 0x00,
    0x00, 0x00, 0x03, 0xC0, 0x06, 0x60, 0x04, 0x20, 0x04, 0x20, 0x3E, 0x7C, 0x67, 0xE6, 0x5B, 0xC2,
    0x5B, 0xC2, 0x67, 0xE6, 0x3E, 0x7C, 0x04, 0x20, 0x04, 0x20, 0x06, 0x60, 0x03, 0xC0, 0x00, 0x00,
    0x6F, 0xF6, 0xEF, 0xF7, 0xC0, 0x03, 0x1F, 0xF8, 0xDF, 0xFB, 0xDF, 0xFB, 0xDF, 0xFB, 0xDF, 0xFB,
    0xDF, 0xFB, 0xDF, 0xFB, 0xDF, 0xFB, 0xDF, 0xFB, 0x1F, 0xF8, 0xC0, 0x03, 0xEF, 0xF7, 0x6F, 0xF6,
    0x00, 0x00, 0x00, 0x00, 0x0F, 0xF0, 0x18, 0x18, 0x17, 0xE8, 0x16, 0x68, 0x14, 0x28, 0x14, 0x28,
    0x16, 0x68, 0x16, 0x68, 0x17, 0xE8, 0x17, 0xE8, 0x17, 0xE8, 0x47, 0xE2, 0x00, 0x00, 0x00, 0x00,
    0x00, 0x00, 0x00, 0x00, 0x01, 0x80, 0x01, 0x80, 0x07, 0xE0, 0x07, 0xE0, 0x00, 0x00, 0x01, 0x80,
    0x01, 0x80, 0x01, 0x80, 0x0F, 0xF0, 0x1F, 0xF8, 0x18, 0x18, 0x4B, 0xD2, 0x00, 0x00, 0x00, 0x00,
    0x00, 0x00, 0x01, 0x80, 0x01, 0x80, 0x07, 0xE0, 0x07, 0xE0, 0x01, 0x80, 0x7F, 0xFE, 0x41, 0x82,
    0x40, 0x02, 0x5E, 0x7A, 0x5E, 0x7A, 0x5F, 0xFA, 0x5F, 0xFA, 0x40, 0x02, 0x7F, 0xFE, 0x00, 0x00,
    0x00, 0x00, 0x3F, 0xFC, 0x7F, 0xFE, 0x40, 0x02, 0x44, 0x22, 0x44, 0x22, 0x5F, 0xFA, 0x40, 0x02,
    0x44, 0x22, 0x5F, 0xFA, 0x40, 0x02, 0x44, 0x22, 0x40, 0x02, 0x7F, 0xFE, 0x3F, 0xFC, 0x00, 0x00,
    0x00, 0x00, 0x00, 0x00, 0x00, 0x00, 0x07, 0xE0, 0x18, 0x18, 0x20, 0x04, 0x22, 0xA4, 0x25, 0x44,
    0x38, 0x1C, 0x3F, 0xFC, 0x3B, 0xE4, 0x2F, 0xFC, 0x39, 0xCC, 0x1F, 0xF8, 0x07, 0xE0, 0x00, 0x00,
    0x00, 0x00, 0x00, 0x00, 0x07, 0xE0, 0x08, 0x10, 0x08, 0x10, 0x18, 0x18, 0x77, 0xEE, 0x58, 0x1A,
    0x5F, 0xFA, 0x3F, 0xFC, 0x1F, 0xF8, 0x1F, 0xF8, 0x0F, 0xF0, 0x13, 0xC8, 0x00, 0x00, 0x00, 0x00,
    0x00, 0x00, 0x7F, 0xFE, 0x40, 0x02, 0x7F, 0xFE, 0x00, 0x00, 0x7F, 0xFE, 0x00, 0x00, 0x73, 0xCE,
    0x73, 0xCE, 0x00, 0x00, 0x2A, 0x7E, 0x54, 0x7E, 0x00, 0x00, 0x73, 0xCA, 0x73, 0xC4, 0x00, 0x00,
    0x00, 0x00, 0x00, 0x00, 0x00, 0x00, 0x00, 0x00, 0x00, 0x00, 0x00, 0x00, 0x7F, 0xFE, 0x40, 0x02,
    0x40, 0x02, 0x40, 0x02, 0x7F, 0xFE, 0x31, 0x8C, 0x4E, 0x72, 0x4E, 0x72, 0x7F, 0xFE, 0x00, 0x00,
    0x00, 0x00, 0x3F, 0xFC, 0x3F, 0xFC, 0x3F, 0xFC, 0x00, 0x00, 0x3F, 0xFC, 0x20, 0x04, 0x2F, 0xF4,
    0x28, 0x14, 0x29, 0x94, 0x2F, 0xF4, 0x2D, 0x54, 0x2A, 0xD4, 0x2F, 0xF4, 0x20, 0x04, 0x00, 0x00,
    0x00, 0x00, 0x3F, 0xFC, 0x3F, 0xFC, 0x3F, 0xFC, 0x00, 0x00, 0x3F, 0xFC, 0x20, 0x04, 0x29, 0x74,
    0x2C, 0xB4, 0x2E, 0x54, 0x20, 0x04, 0x25, 0x04, 0x2A, 0xF4, 0x2F, 0xF4, 0x20, 0x04, 0x00, 0x00,
    0x00, 0x00, 0x3F, 0xFC, 0x3F, 0xFC, 0x3F, 0xFC, 0x00, 0x00, 0x2E, 0x74, 0x2E, 0x74, 0x20, 0x04,
    0x28, 0x14, 0x37, 0xEC, 0x35, 0xAC, 0x3F, 0xFC, 0x20, 0x04, 0x2F, 0xF4, 0x20, 0x04, 0x00, 0x00,
    0x00, 0x00, 0x00, 0x00, 0x01, 0xE0, 0x02, 0x10, 0x4C, 0x08, 0x30, 0x08, 0x00, 0x10, 0x00, 0x10,
    0x00, 0x60, 0x07, 0x80, 0x08, 0x00, 0x08, 0x02, 0x06, 0x0C, 0x01, 0xF0, 0x00, 0x00, 0x00, 0x00,
    0x00, 0x00, 0x2D, 0xB4, 0x6D, 0xB6, 0x6D, 0xB6, 0x6D, 0xB6, 0x6D, 0xB6, 0x6D, 0xB6, 0x6D, 0xB6,
    0x6D, 0xB6, 0x40, 0x02, 0x3F, 0xFC, 0x40, 0x02, 0x52, 0x4A, 0x40, 0x02, 0x3F, 0xFC, 0x00, 0x00,
    0x00, 0x00, 0x7F, 0xFE, 0x7F, 0xFE, 0x00, 0x00, 0x7F, 0xFE, 0x7F, 0xFE, 0x00, 0x00, 0x7F, 0xFE,
    0x7F, 0xFE, 0x00, 0x00, 0x7F, 0xFE, 0x7F, 0xFE, 0x00, 0x00, 0x7F, 0xFE, 0x7F, 0xFE, 0x00, 0x00,
    0x00, 0x00, 0x3F, 0xFC, 0x20, 0x04, 0x20, 0x04, 0x27, 0xE4, 0x27, 0xE4, 0x27, 0xE4, 0x20, 0x04,
    0x3F, 0xFC, 0x00, 0x00, 0x2F, 0xF4, 0x2F, 0xF4, 0x2F, 0xF4, 0x2F, 0xF4, 0x20, 0x04, 0x00, 0x00,
    0x00, 0x00, 0x00, 0x00, 0x1F, 0xF8, 0x10, 0x08, 0x17, 0xE8, 0x17, 0xE8, 0x10, 0x08, 0x1F, 0xF8,
    0x00, 0x00, 0x17, 0xE8, 0x17, 0xE8, 0x17, 0xE8, 0x10, 0x08, 0x1F, 0xF8, 0x00, 0x00, 0x00, 0x00,
    0x00, 0x00, 0x75, 0x00, 0x76, 0x00, 0x15, 0x00, 0x76, 0x00, 0x75, 0x00, 0x16, 0x00, 0x75, 0x00,
    0x76, 0x00, 0x15, 0x00, 0x76, 0x00, 0x75, 0x00, 0x16, 0x00, 0x75, 0x00, 0x76, 0x00, 0x00, 0x00,
    0x00, 0x00, 0x66, 0x66, 0x7F, 0xFE, 0x7F, 0xFE, 0x40, 0x02, 0x55, 0x52, 0x4A, 0xAA, 0x40, 0x02,
    0x40, 0x02, 0x00, 0x00, 0x66, 0x66, 0x7F, 0xFE, 0x00, 0x00, 0x7F, 0xFE, 0x7F, 0xFE, 0x00, 0x00,
    0x00, 0x00, 0x00, 0xAE, 0x00, 0x6E, 0x00, 0xA8, 0x00, 0x6E, 0x00, 0xAE, 0x00, 0x68, 0x00, 0xAE,
    0x00, 0x6E, 0x00, 0xA8, 0x00, 0x6E, 0x00, 0xAE, 0x00, 0x68, 0x00, 0xAE, 0x00, 0x6E, 0x00, 0x00,
    0x00, 0x00, 0x03, 0xC0, 0x0D, 0xB0, 0x11, 0x88, 0x20, 0x04, 0x20, 0x04, 0x40, 0x02, 0x70, 0x0E,
    0x70, 0x0E, 0x40, 0x02, 0x20, 0x04, 0x20, 0x04, 0x11, 0x88, 0x0D, 0xB0, 0x03, 0xC0, 0x00, 0x00,
    0x00, 0x00, 0x01, 0x80, 0x0D, 0xB0, 0x11, 0x88, 0x20, 0x04, 0x20, 0x04, 0x00, 0x00, 0x70, 0x0E,
    0x70, 0x0E, 0x00, 0x00, 0x20, 0x04, 0x20, 0x04, 0x11, 0x88, 0x0D, 0xB0, 0x01, 0x80, 0x00, 0x00,
    0x00, 0x00, 0x01, 0x80, 0x0D, 0xB0, 0x01, 0x80, 0x21, 0x84, 0x20, 0x04, 0x00, 0x00, 0x79, 0x9E,
    0x79, 0x9E, 0x00, 0x00, 0x20, 0x04, 0x21, 0x84, 0x01, 0x80, 0x0D, 0xB0, 0x01, 0x80, 0x00, 0x00,
    0x00, 0x00, 0x01, 0x80, 0x0D, 0xB0, 0x11, 0x88, 0x21, 0x84, 0x20, 0x04, 0x02, 0x40, 0x79, 0x9E,
    0x79, 0x9E, 0x02, 0x40, 0x20, 0x04, 0x21, 0x84, 0x11, 0x88, 0x0D, 0xB0, 0x01, 0x80, 0x00, 0x00,
    0x00, 0x00, 0x03, 0xC0, 0x0C, 0x30, 0x10, 0x08, 0x21, 0x84, 0x20, 0x04, 0x40, 0x02, 0x49, 0x92,
    0x49, 0x92, 0x40, 0x02, 0x20, 0x04, 0x21, 0x84, 0x10, 0x08, 0x0C, 0x30, 0x03, 0xC0, 0x00, 0x00,
    0x00, 0x00, 0x02, 0x40, 0x0C, 0x30, 0x11, 0x88, 0x20, 0x04, 0x20, 0x04, 0x40, 0x02, 0x11, 0x88,
    0x11, 0x88, 0x40, 0x02, 0x20, 0x04, 0x20, 0x04, 0x11, 0x88, 0x0C, 0x30, 0x02, 0x40, 0x00, 0x00,
    0x00, 0x00, 0x00, 0x00, 0x38, 0x1C, 0x20, 0x04, 0x20, 0x04, 0x00, 0x00, 0x00, 0x00, 0x01, 0x80,
    0x01, 0x80, 0x00, 0x00, 0x00, 0x00, 0x20, 0x04, 0x20, 0x04, 0x38, 0x1C, 0x00, 0x00, 0x00, 0x00,
    0x00, 0x00, 0x01, 0x80, 0x39, 0x9C, 0x21, 0x84, 0x20, 0x04, 0x00, 0x00, 0x00, 0x00, 0x71, 0x8E,
    0x71, 0x8E, 0x00, 0x00, 0x00, 0x00, 0x20, 0x04, 0x21, 0x84, 0x39, 0x9C, 0x01, 0x80, 0x00, 0x00,
    0x00, 0x00, 0x01, 0x80, 0x39, 0x9C, 0x21, 0x84, 0x21, 0x84, 0x00, 0x00, 0x00, 0x00, 0x78, 0x1E,
    0x78, 0x1E, 0x00, 0x00, 0x00, 0x00, 0x21, 0x84, 0x21, 0x84, 0x39, 0x9C, 0x01, 0x80, 0x00, 0x00,
    0x00, 0x00, 0x00, 0x00, 0x18, 0x18, 0x20, 0x04, 0x28, 0x14, 0x04, 0x20, 0x00, 0x00, 0x00, 0x00,
    0x00, 0x00, 0x00, 0x00, 0x04, 0x20, 0x28, 0x14, 0x20, 0x04, 0x18, 0x18, 0x00, 0x00, 0x00, 0x00,
    0x00, 0x00, 0x60, 0x06, 0x7C, 0x3E, 0x20, 0x04, 0x20, 0x04, 0x20, 0x04, 0x00, 0x00, 0x00, 0x00,
    0x00, 0x00, 0x00, 0x00, 0x20, 0x04, 0x20, 0x04, 0x20, 0x04, 0x7C, 0x3E, 0x60, 0x06, 0x00, 0x00,
    0x00, 0x00, 0x41, 0x82, 0x21, 0x84, 0x11, 0x88, 0x01, 0x80, 0x00, 0x00, 0x00, 0x00, 0x78, 0x1E,
    0x78, 0x1E, 0x00, 0x00, 0x00, 0x00, 0x01, 0x80, 0x11, 0x88, 0x21, 0x84, 0x41, 0x82, 0x00, 0x00,
    0x00, 0x00, 0x70, 0x0E, 0x40, 0x02, 0x50, 0x0A, 0x08, 0x10, 0x04, 0x20, 0x00, 0x00, 0x01, 0x80,
    0x01, 0x80, 0x00, 0x00, 0x04, 0x20, 0x08, 0x10, 0x50, 0x0A, 0x40, 0x02, 0x70, 0x0E, 0x00, 0x00,
    0x00, 0x00, 0x00, 0x00, 0x07, 0xE0, 0x04, 0x20, 0x06, 0x60, 0x02, 0x40, 0x02, 0x40, 0x06, 0x60,
    0x08, 0x10, 0x10, 0x08, 0x10, 0x08, 0x10, 0x08, 0x10, 0x08, 0x08, 0x10, 0x07, 0xE0, 0x00, 0x00,
    0x00, 0x00, 0x01, 0x80, 0x07, 0xE0, 0x04, 0x20, 0x06, 0x60, 0x02, 0x40, 0x02, 0x40, 0x02, 0x40,
    0x04, 0x20, 0x08, 0x10, 0x10, 0x08, 0x10, 0x08, 0x10, 0x08, 0x08, 0x10, 0x07, 0xE0, 0x00, 0x00,
    0x00, 0x00, 0x00, 0x00, 0x00, 0x00, 0x03, 0xC0, 0x00, 0x00, 0x07, 0xE0, 0x04, 0x20, 0x06, 0x60,
    0x08, 0x10, 0x10, 0x08, 0x10, 0x08, 0x10, 0x08, 0x10, 0x08, 0x08, 0x10, 0x07, 0xE0, 0x00, 0x00,
    0x00, 0x00, 0x03, 0xC0, 0x0F, 0xF0, 0x1F, 0xF8, 0x3F, 0xFC, 0x3F, 0xFC, 0x73, 0xCE, 0x73, 0xCE,
    0x73, 0xCE, 0x7F, 0xFE, 0x37, 0xEC, 0x38, 0x1C, 0x1F, 0xF8, 0x0F, 0xF0, 0x03, 0xC0, 0x00, 0x00,
    0x00, 0x00, 0x03, 0xC0, 0x0F, 0xF0, 0x1F, 0xF8, 0x3F, 0xFC, 0x3F, 0xFC, 0x7F, 0xFE, 0x63, 0xC6,
    0x71, 0x8E, 0x73, 0xCE, 0x3F, 0xFC, 0x3C, 0x3C, 0x1B, 0xD8, 0x0F, 0xF0, 0x03, 0xC0, 0x00, 0x00,
    0x00, 0x00, 0x03, 0xC0, 0x0F, 0xF0, 0x1F, 0xF8, 0x3F, 0xFC, 0x33, 0xCC, 0x63, 0xC6, 0x7F, 0xFE,
    0x70, 0x0E, 0x70, 0x0E, 0x33, 0xCC, 0x38, 0x1C, 0x1F, 0xF8, 0x0F, 0xF0, 0x03, 0xC0, 0x00, 0x00,
    0x00, 0x00, 0x03, 0xC0, 0x0F, 0xF0, 0x1F, 0xF8, 0x3F, 0xFC, 0x3D, 0xBC, 0x63, 0xC6, 0x73, 0xCE,
    0x7F, 0xFE, 0x78, 0x1E, 0x37, 0xEC, 0x3F, 0xFC, 0x1F, 0xF8, 0x0F, 0xF0, 0x03, 0xC0, 0x00, 0x00,
    0x00, 0x00, 0x3F, 0xFC, 0x60, 0x06, 0x40, 0x02, 0x40, 0x02, 0x40, 0x02, 0x40, 0x02, 0x40, 0x02,
    0x40, 0x02, 0x40, 0x02, 0x40, 0x02, 0x40, 0x02, 0x40, 0x02, 0x60, 0x06, 0x3F, 0xFC, 0x00, 0x00,
    0x00, 0x00, 0x3F, 0xFC, 0x60, 0x06, 0x40, 0x02, 0x44, 0x22, 0x4E, 0x72, 0x47, 0xE2, 0x43, 0xC2,
    0x43, 0xC2, 0x47, 0xE2, 0x4E, 0x72, 0x44, 0x22, 0x40, 0x02, 0x60, 0x06, 0x3F, 0xFC, 0x00, 0x00,
    0x00, 0x00, 0x3F, 0xFC, 0x60, 0x06, 0x40, 0x02, 0x40, 0x02, 0x43, 0xC2, 0x47, 0xE2, 0x45, 0xA2,
    0x47, 0xE2, 0x41, 0x82, 0x41, 0x82, 0x40, 0x02, 0x40, 0x02, 0x60, 0x06, 0x3F, 0xFC, 0x00, 0x00,
    0x00, 0x00, 0x3F, 0xFC, 0x60, 0x06, 0x40, 0x02, 0x40, 0x02, 0x40, 0x02, 0x40, 0x02, 0x41, 0x82,
    0x41, 0x82, 0x40, 0x02, 0x40, 0x02, 0x40, 0x02, 0x40, 0x02, 0x60, 0x06, 0x3F, 0xFC, 0x00, 0x00,
    0x00, 0x00, 0x3F, 0xFC, 0x60, 0x06, 0x40, 0x02, 0x4C, 0x02, 0x4C, 0x02, 0x40, 0x02, 0x40, 0x02,
    0x40, 0x02, 0x40, 0x02, 0x40, 0x32, 0x40, 0x32, 0x40, 0x02, 0x60, 0x06, 0x3F, 0xFC, 0x00, 0x00,
    0x00, 0x00, 0x3F, 0xFC, 0x60, 0x06, 0x40, 0x02, 0x4C, 0x02, 0x4C, 0x02, 0x40, 0x02, 0x41, 0x82,
    0x41, 0x82, 0x40, 0x02, 0x40, 0x32, 0x40, 0x32, 0x40, 0x02, 0x60, 0x06, 0x3F, 0xFC, 0x00, 0x00,
    0x00, 0x00, 0x3F, 0xFC, 0x60, 0x06, 0x40, 0x02, 0x4C, 0x32, 0x4C, 0x32, 0x40, 0x02, 0x40, 0x02,
    0x40, 0x02, 0x40, 0x02, 0x4C, 0x32, 0x4C, 0x32, 0x40, 0x02, 0x60, 0x06, 0x3F, 0xFC, 0x00, 0x00,
    0x00, 0x00, 0x3F, 0xFC, 0x60, 0x06, 0x40, 0x02, 0x4C, 0x32, 0x4C, 0x32, 0x40, 0x02, 0x41, 0x82,
    0x41, 0x82, 0x40, 0x02, 0x4C, 0x32, 0x4C, 0x32, 0x40, 0x02, 0x60, 0x06, 0x3F, 0xFC, 0x00, 0x00,
    0x00, 0x00, 0x3F, 0xFC, 0x60, 0x06, 0x40, 0x02, 0x4C, 0x32, 0x4C, 0x32, 0x40, 0x02, 0x4C, 0x32,
    0x4C, 0x32, 0x40, 0x02, 0x4C, 0x32, 0x4C, 0x32, 0x40, 0x02, 0x60, 0x06, 0x3F, 0xFC, 0x00, 0x00,
    0xE0, 0x07, 0xB7, 0xED, 0xE0, 0x07, 0x5F, 0xFA, 0x1F, 0xF8, 0x5F, 0xFA, 0x5F, 0xFA, 0x5F, 0xFA,
    0x5F, 0xFA, 0x5F, 0xFA, 0x5F, 0xFA, 0x1F, 0xF8, 0x5F, 0xFA, 0xE0, 0x07, 0xB7, 0xED, 0xE0, 0x07,
    0x00, 0x00, 0x08, 0x00, 0x0C, 0x00, 0x10, 0x00, 0x60, 0x00, 0x23, 0xE0, 0x07, 0xF0, 0x03, 0x30,
    0x03, 0x30, 0x0D, 0xF4, 0x0F, 0xE6, 0x0F, 0x18, 0x00, 0x60, 0x01, 0x80, 0x00, 0x80, 0x00, 0x00,
    0x00, 0x00, 0x00, 0x00, 0x00, 0x00, 0x43, 0xC2, 0x77, 0xFE, 0x77, 0xFE, 0x37, 0x3C, 0x0E, 0x20,
    0x1F, 0xE0, 0x3F, 0xC0, 0x6F, 0x00, 0x7C, 0x00, 0x70, 0x00, 0x00, 0x00, 0x00, 0x00, 0x00, 0x00,
    0x00, 0x00, 0x41, 0x02, 0x2F, 0xF4, 0x11, 0x08, 0x2B, 0xD4, 0x24, 0x24, 0x2B, 0xD4, 0x2A, 0x5E,
    0x7A, 0x54, 0x2B, 0xD4, 0x24, 0x24, 0x2B, 0xD4, 0x10, 0x88, 0x2F, 0xF4, 0x40, 0x82, 0x00, 0x00,
    0x00, 0x00, 0x01, 0x00, 0x00, 0x80, 0x01, 0x80, 0x03, 0xC0, 0x02, 0x40, 0x00, 0x00, 0x03, 0xC0,
    0x00, 0x00, 0x01, 0x80, 0x01, 0x80, 0x01, 0x80, 0x05, 0xA0, 0x04, 0x20, 0x03, 0xC0, 0x00, 0x00,
    0x00, 0x00, 0x01, 0x00, 0x00, 0x80, 0x01, 0x80, 0x03, 0xC0, 0x02, 0x40, 0x00, 0x00, 0x03, 0xC0,
    0x00, 0x00, 0x01, 0x00, 0x00, 0x80, 0x05, 0x20, 0x04, 0xA0, 0x04, 0x20, 0x03, 0xC0, 0x00, 0x00,
    0x00, 0x00, 0x02, 0x40, 0x08, 0x10, 0x02, 0x40, 0x0A, 0x50, 0x0A, 0x50, 0x08, 0x10, 0x07, 0xE0,
    0x00, 0x00, 0x01, 0x80, 0x00, 0x80, 0x05, 0x20, 0x05, 0xA0, 0x04, 0x20, 0x03, 0xC0, 0x00, 0x00,
    0x00, 0x00, 0x7C, 0x00, 0x7D, 0x00, 0x00, 0x00, 0x6F, 0xC0, 0x6F, 0xC0, 0x00, 0x00, 0x29, 0x80,
    0x55, 0x80, 0x00, 0x00, 0x6E, 0x00, 0x6E, 0x00, 0x00, 0x00, 0x79, 0x76, 0x7A, 0x76, 0x00, 0x00,
    0x00, 0x00, 0x7D, 0x94, 0x7D, 0xAA, 0x00, 0x00, 0x6F, 0xF6, 0x6F, 0xF6, 0x00, 0x00, 0x29, 0xBE,
    0x55, 0xBE, 0x00, 0x00, 0x6F, 0xF6, 0x6F, 0xF6, 0x00, 0x00, 0x7D, 0x94, 0x7D, 0xAA, 0x00, 0x00,
    0x00, 0x00, 0x68, 0x16, 0x68, 0x16, 0x28, 0x14, 0x68, 0x16, 0x68, 0x16, 0x28, 0x14, 0x68, 0x16,
    0x68, 0x16, 0x28, 0x14, 0x68, 0x16, 0x68, 0x16, 0x28, 0x14, 0x68, 0x16, 0x68, 0x16, 0x00, 0x00,
    0x00, 0x00, 0x68, 0x16, 0x68, 0x16, 0x28, 0x14, 0x68, 0x16, 0x68, 0x16, 0x28, 0x14, 0x7F, 0xFE,
    0x7F, 0xFE, 0x00, 0x00, 0x68, 0x16, 0x68, 0x16, 0x28, 0x14, 0x68, 0x16, 0x68, 0x16, 0x00, 0x00,
    0x00, 0x00, 0x00, 0x0E, 0x00, 0x7E, 0x03, 0xFE, 0x1F, 0xAE, 0x5F, 0x5E, 0x5F, 0xFE, 0x5F, 0xFE,
    0x5D, 0x7E, 0x5A, 0xFE, 0x5F, 0xF0, 0x5F, 0x82, 0x5C, 0x22, 0x40, 0x02, 0x5F, 0xFE, 0x00, 0x00,
    0x00, 0x00, 0x7F, 0xFE, 0x7F, 0xD6, 0x7F, 0xAE, 0x7F, 0xFE, 0x6B, 0xFE, 0x57, 0xFE, 0x7F, 0xFE,
    0x7F, 0xFE, 0x7F, 0xFE, 0x00, 0x00, 0x44, 0x22, 0x44, 0x22, 0x40, 0x02, 0x7F, 0xFE, 0x00, 0x00,
    0x00, 0x00, 0x70, 0x00, 0x7E, 0x00, 0x7F, 0xC0, 0x7F, 0xF8, 0x7F, 0x5A, 0x7F, 0xAA, 0x6B, 0xFA,
    0x75, 0xFA, 0x7F, 0xFA, 0x0F, 0xFA, 0x41, 0xFA, 0x44, 0x3A, 0x40, 0x02, 0x7F, 0xFA, 0x00, 0x00,
    0x00, 0x00, 0x6D, 0xB6, 0x6D, 0xB6, 0x60, 0x06, 0x6F, 0xF6, 0x08, 0x10, 0x68, 0x16, 0x68, 0x16,
    0x68, 0x16, 0x68, 0x16, 0x68, 0x16, 0x0F, 0xF0, 0x60, 0x06, 0x6D, 0xB6, 0x6D, 0xB6, 0x00, 0x00,
    0x00, 0x00, 0x3F, 0xFC, 0x2F, 0xF4, 0x3F, 0xFC, 0x3F, 0xFC, 0x3F, 0xFC, 0x3F, 0xFC, 0x2F, 0xF4,
    0x3F, 0xFC, 0x00, 0x00, 0x2F, 0xF4, 0x2B, 0xD4, 0x2F, 0xF4, 0x20, 0x04, 0x3F, 0xFC, 0x00, 0x00,
    0x00, 0x00, 0x00, 0x00, 0x1F, 0xF8, 0x17, 0xE8, 0x1F, 0xF8, 0x1F, 0xF8, 0x17, 0xE8, 0x1F, 0xF8,
    0x00, 0x00, 0x17, 0xE8, 0x15, 0xA8, 0x17, 0xE8, 0x10, 0x08, 0x1F, 0xF8, 0x00, 0x00, 0x00, 0x00,
    0x00, 0x00, 0x75, 0x00, 0x76, 0x00, 0x15, 0x00, 0x76, 0x00, 0x75, 0x00, 0x16, 0x00, 0x75, 0x00,
    0x76, 0xAA, 0x10, 0x00, 0x76, 0x66, 0x7F, 0xFE, 0x00, 0x00, 0x7F, 0xFE, 0x7F, 0xFE, 0x00, 0x00,
    0x00, 0x00, 0x00, 0x00, 0x00, 0x00, 0x00, 0x00, 0x00, 0x00, 0x00, 0x00, 0x00, 0x00, 0x00, 0x00,
    0x55, 0x55, 0x00, 0x00, 0x66, 0x66, 0x7F, 0xFE, 0x00, 0x00, 0x7F, 0xFE, 0x7F, 0xFE, 0x00, 0x00,
    0x00, 0x00, 0x00, 0xAE, 0x00, 0x6E, 0x00, 0xA8, 0x00, 0x6E, 0x00, 0xAE, 0x00, 0x68, 0x00, 0xAE,
    0x55, 0x6E, 0x00, 0x08, 0x66, 0x6E, 0x7F, 0xFE, 0x00, 0x00, 0x7F, 0xFE, 0x7F, 0xFE, 0x00, 0x00,
    0x00, 0x00, 0x00, 0x00, 0x00, 0x00, 0x00, 0x00, 0x00, 0x00, 0x1F, 0xFF, 0x20, 0x00, 0x2F, 0xFF,
    0x2F, 0xFF, 0x1F, 0xFF, 0x00, 0x00, 0x00, 0x00, 0x00, 0x00, 0x00, 0x00, 0x00, 0x00, 0x00, 0x00,
    0x00, 0x00, 0x00, 0x00, 0x00, 0x00, 0x00, 0x00, 0x00, 0x00, 0xFF, 0xFF, 0x00, 0x00, 0xFF, 0xFF,
    0xFF, 0xFF, 0xFF, 0xFF, 0x00, 0x00, 0x00, 0x00, 0x00, 0x00, 0x00, 0x00, 0x00, 0x00, 0x00, 0x00,
    0x00, 0x00, 0x00, 0x00, 0x03, 0xC0, 0x04, 0x20, 0x04, 0x20, 0xF5, 0x2F, 0x04, 0xA0, 0xF5, 0x2F,
    0xF4, 0xAF, 0xF5, 0x2F, 0x04, 0xA0, 0x04, 0x20, 0x04, 0x20, 0x03, 0xC0, 0x00, 0x00, 0x00, 0x00,
    0x00, 0x00, 0x00, 0x00, 0x00, 0x00, 0x00, 0x00, 0x03, 0xC0, 0xF7, 0xEF, 0x05, 0x60, 0xF6, 0xAF,
    0xF5, 0x6F, 0xF6, 0xAF, 0x07, 0xE0, 0x03, 0xC0, 0x00, 0x00, 0x00, 0x00, 0x00, 0x00, 0x00, 0x00,
    0x00, 0x00, 0x00, 0x00, 0x00, 0x00, 0x00, 0x00, 0x3F, 0xFC, 0x40, 0x02, 0x40, 0xFA, 0x40, 0xFA,
    0x40, 0xFA, 0x40, 0x02, 0x3F, 0xFC, 0x00, 0x00, 0x00, 0x00, 0x00, 0x00, 0x00, 0x00, 0x00, 0x00,
    0x00, 0x00, 0x00, 0x00, 0x00, 0x00, 0x00, 0x00, 0x3F, 0xFC, 0x40, 0x02, 0x55, 0x02, 0x4A, 0x02,
    0x55, 0x02, 0x40, 0x02, 0x3F, 0xFC, 0x00, 0x00, 0x00, 0x00, 0x00, 0x00, 0x00, 0x00, 0x00, 0x00,
    0x00, 0x00, 0x3F, 0xFC, 0x40, 0x02, 0x5F, 0xFA, 0x5F, 0xFA, 0x5F, 0xFA, 0x5F, 0xFA, 0x5F, 0xFA,
    0x5F, 0xFA, 0x5F, 0xFA, 0x5F, 0xFA, 0x5F, 0xFA, 0x40, 0x02, 0x40, 0x02, 0x3F, 0xFC, 0x00, 0x00,
    0x00, 0x00, 0x3F, 0xFC, 0x40, 0x02, 0x5F, 0xFA, 0x50, 0x0A, 0x50, 0x0A, 0x50, 0x0A, 0x50, 0x0A,
    0x50, 0x0A, 0x50, 0x0A, 0x50, 0x0A, 0x5F, 0xFA, 0x40, 0x02, 0x7F, 0xFE, 0x3F, 0xFC, 0x00, 0x00,
    0x00, 0x00, 0x3F, 0xFC, 0x7F, 0xFE, 0x60, 0x06, 0x6F, 0xF6, 0x6F, 0xF6, 0x6F, 0xF6, 0x6F, 0xF6,
    0x6F, 0xF6, 0x6F, 0xF6, 0x6F, 0xF6, 0x6F, 0xF6, 0x60, 0x06, 0x7F, 0xFE, 0x3F, 0xFC, 0x00, 0x00,
    0x00, 0x00, 0x0F, 0xF0, 0x10, 0x08, 0x11, 0x88, 0x12, 0x48, 0x1E, 0x78, 0x12, 0x48, 0x11, 0x88,
    0x10, 0x08, 0x10, 0x08, 0x10, 0x08, 0x10, 0x08, 0x18, 0x18, 0x0F, 0xF0, 0x07, 0xE0, 0x00, 0x00,
    0x00, 0x00, 0x0F, 0xF0, 0x1F, 0x08, 0x1F, 0x88, 0x1E, 0x48, 0x1E, 0x78, 0x12, 0x48, 0x11, 0x88,
    0x10, 0x08, 0x10, 0x08, 0x10, 0x08, 0x10, 0x08, 0x18, 0x18, 0x0F, 0xF0, 0x07, 0xE0, 0x00, 0x00,
    0x00, 0x00, 0x0F, 0xF0, 0x10, 0xF8, 0x11, 0xF8, 0x12, 0x78, 0x1E, 0x78, 0x12, 0x48, 0x11, 0x88,
    0x10, 0x08, 0x10, 0x08, 0x10, 0x08, 0x10, 0x08, 0x18, 0x18, 0x0F, 0xF0, 0x07, 0xE0, 0x00, 0x00,
    0x00, 0x00, 0x00, 0xE2, 0x01, 0x1C, 0x00, 0x00, 0x7F, 0xFE, 0x41, 0x82, 0x49, 0x92, 0x5D, 0xAA,
    0x49, 0x92, 0x40, 0x02, 0x7F, 0xFE, 0x7F, 0xFE, 0x00, 0x00, 0x00, 0x00, 0x00, 0x00, 0x00, 0x00,
    0x00, 0x00, 0x00, 0x00, 0x3B, 0xDC, 0x3F, 0xFC, 0x3D, 0x5C, 0x1F, 0xF8, 0x38, 0xEC, 0x3A, 0xFC,
    0x3F, 0xEC, 0x35, 0xFC, 0x1B, 0x58, 0x35, 0xFC, 0x3F, 0xFC, 0x3B, 0xDC, 0x00, 0x00, 0x00, 0x00,
    0x00, 0x00, 0x5F, 0xFC, 0x4F, 0xFE, 0x2F, 0xFE, 0x29, 0x06, 0x0F, 0xFE, 0x18, 0x14, 0x1F, 0xFC,
    0x14, 0x0C, 0x3F, 0xF8, 0x3F, 0xF8, 0x20, 0x00, 0x17, 0xFE, 0x17, 0xFE, 0x2F, 0xFC, 0x00, 0x00,
    0x00, 0x00, 0x5F, 0xFC, 0x4F, 0xFE, 0x2C, 0xA6, 0x2C, 0xA6, 0x0F, 0xFE, 0x1A, 0x94, 0x1A, 0x94,
    0x1F, 0xFC, 0x32, 0xA8, 0x3F, 0xF8, 0x20, 0x00, 0x17, 0xFE, 0x17, 0xFE, 0x2F, 0xFC, 0x00, 0x00,
    0x00, 0x00, 0x00, 0x00, 0x1F, 0xF8, 0x3F, 0xFC, 0x39, 0x9C, 0x30, 0x0C, 0x30, 0x0C, 0x38, 0x1C,
    0x3C, 0x3C, 0x3E, 0x7C, 0x3F, 0xFC, 0x1F, 0xF8, 0x03, 0xC0, 0x01, 0x80, 0x00, 0x00, 0x00, 0x00,
    0x00, 0x00, 0x00, 0x00, 0x1F, 0xF8, 0x3F, 0xFC, 0x38, 0x1C, 0x30, 0x0C, 0x30, 0x0C, 0x32, 0x4C,
    0x30, 0x0C, 0x3C, 0x3C, 0x3C, 0x3C, 0x1F, 0xF8, 0x03, 0xC0, 0x01, 0x80, 0x00, 0x00, 0x00, 0x00,
    0x00, 0x00, 0x00, 0x00, 0x1F, 0xF8, 0x3F, 0xFC, 0x39, 0x9C, 0x38, 0x1C, 0x3C, 0x3C, 0x3C, 0x3C,
    0x38, 0x1C, 0x39, 0x9C, 0x3F, 0xFC, 0x1F, 0xF8, 0x03, 0xC0, 0x01, 0x80, 0x00, 0x00, 0x00, 0x00,
    0x00, 0x00, 0x00, 0x00, 0x1F, 0xF8, 0x3C, 0x3C, 0x38, 0x1C, 0x30, 0x0C, 0x32, 0x4C, 0x30, 0x0C,
    0x32, 0x4C, 0x39, 0x9C, 0x3C, 0x3C, 0x1F, 0xF8, 0x03, 0xC0, 0x01, 0x80, 0x00, 0x00, 0x00, 0x00,
    0x00, 0x00, 0x3F, 0xFC, 0x60, 0x06, 0x5F, 0xFA, 0x5F, 0xFA, 0x5F, 0xFA, 0x5F, 0xFA, 0x5F, 0xFA,
    0x5F, 0xFA, 0x5F, 0xFA, 0x5F, 0xFA, 0x5F, 0xFA, 0x5F, 0xFA, 0x60, 0x06, 0x3F, 0xFC, 0x00, 0x00,
    0x00, 0x00, 0x3F, 0xFC, 0x60, 0x06, 0x5F, 0xFA, 0x5B, 0xDA, 0x51, 0x8A, 0x58, 0x1A, 0x5C, 0x3A,
    0x5C, 0x3A, 0x58, 0x1A, 0x51, 0x8A, 0x5B, 0xDA, 0x5F, 0xFA, 0x60, 0x06, 0x3F, 0xFC, 0x00, 0x00,
    0x00, 0x00, 0x3F, 0xFC, 0x60, 0x06, 0x5F, 0xFA, 0x5F, 0xFA, 0x5C, 0x3A, 0x58, 0x1A, 0x5A, 0x5A,
    0x58, 0x1A, 0x5E, 0x7A, 0x5E, 0x7A, 0x5F, 0xFA, 0x5F, 0xFA, 0x60, 0x06, 0x3F, 0xFC, 0x00, 0x00,
    0x00, 0x00, 0x3F, 0xFC, 0x60, 0x06, 0x5F, 0xFA, 0x5F, 0xFA, 0x5F, 0xFA, 0x5F, 0xFA, 0x5E, 0x7A,
    0x5E, 0x7A, 0x5F, 0xFA, 0x5F, 0xFA, 0x5F, 0xFA, 0x5F, 0xFA, 0x60, 0x06, 0x3F, 0xFC, 0x00, 0x00,
    0x00, 0x00, 0x3F, 0xFC, 0x60, 0x06, 0x5F, 0xFA, 0x53, 0xFA, 0x53, 0xFA, 0x5F, 0xFA, 0x5F, 0xFA,
    0x5F, 0xFA, 0x5F, 0xFA, 0x5F, 0xCA, 0x5F, 0xCA, 0x5F, 0xFA, 0x60, 0x06, 0x3F, 0xFC, 0x00, 0x00,
    0x00, 0x00, 0x3F, 0xFC, 0x60, 0x06, 0x5F, 0xFA, 0x53, 0xFA, 0x53, 0xFA, 0x5F, 0xFA, 0x5E, 0x7A,
    0x5E, 0x7A, 0x5F, 0xFA, 0x5F, 0xCA, 0x5F, 0xCA, 0x5F, 0xFA, 0x60, 0x06, 0x3F, 0xFC, 0x00, 0x00,
    0x00, 0x00, 0x3F, 0xFC, 0x60, 0x06, 0x5F, 0xFA, 0x53, 0xCA, 0x53, 0xCA, 0x5F, 0xFA, 0x5F, 0xFA,
    0x5F, 0xFA, 0x5F, 0xFA, 0x53, 0xCA, 0x53, 0xCA, 0x5F, 0xFA, 0x60, 0x06, 0x3F, 0xFC, 0x00, 0x00,
    0x00, 0x00, 0x3F, 0xFC, 0x60, 0x06, 0x5F, 0xFA, 0x53, 0xCA, 0x53, 0xCA, 0x5F, 0xFA, 0x5E, 0x7A,
    0x5E, 0x7A, 0x5F, 0xFA, 0x53, 0xCA, 0x53, 0xCA, 0x5F, 0xFA, 0x60, 0x06, 0x3F, 0xFC, 0x00, 0x00,
    0x00, 0x00, 0x3F, 0xFC, 0x60, 0x06, 0x5F, 0xFA, 0x53, 0xCA, 0x53, 0xCA, 0x5F, 0xFA, 0x53, 0xCA,
    0x53, 0xCA, 0x5F, 0xFA, 0x53, 0xCA, 0x53, 0xCA, 0x5F, 0xFA, 0x60, 0x06, 0x3F, 0xFC, 0x00, 0x00,
    0xE0, 0x07, 0xEF, 0xF7, 0xE0, 0x07, 0x0F, 0xF0, 0x50, 0x0A, 0x50, 0x0A, 0x50, 0x0A, 0x50, 0x0A,
    0x50, 0x0A, 0x50, 0x0A, 0x50, 0x0A, 0x50, 0x0A, 0x0F, 0xF0, 0xE0, 0x07, 0xEF, 0xF7, 0xE0, 0x07,
    0x00, 0x00, 0x3F, 0xFE, 0x60, 0x00, 0x50, 0x00, 0x48, 0x00, 0x44, 0x00, 0x42, 0x00, 0x41, 0x00,
    0x40, 0x80, 0x40, 0x40, 0x40, 0x20, 0x40, 0x1E, 0x40, 0x10, 0x40, 0x10, 0x40, 0x12, 0x00, 0x00,
    0x00, 0x00, 0x7F, 0xFE, 0x00, 0x00, 0x00, 0x00, 0x00, 0x00, 0x00, 0x00, 0x00, 0x00, 0x00, 0x00,
    0x00, 0x00, 0x00, 0x00, 0x00, 0x00, 0x7F, 0xFE, 0x00, 0x00, 0x00, 0x00, 0x7F, 0xFE, 0x00, 0x00,
    0x00, 0x00, 0x7F, 0xFC, 0x00, 0x06, 0x00, 0x0A, 0x00, 0x16, 0x00, 0x2A, 0x00, 0x56, 0x00, 0xAA,
    0x01, 0x56, 0x02, 0xAA, 0x05, 0x56, 0x7A, 0xAA, 0x0D, 0x56, 0x0A, 0xAA, 0x4D, 0x56, 0x00, 0x00,
    0x00, 0x00, 0x7F, 0xFE, 0x40, 0x00, 0x40, 0x00, 0x4F, 0xFE, 0x4F, 0xFE, 0x4B, 0xFE, 0x4D, 0xFE,
    0x4A, 0xFE, 0x4D, 0x7E, 0x4A, 0xBE, 0x4D, 0x5E, 0x4A, 0xAE, 0x4D, 0x56, 0x4A, 0xAA, 0x00, 0x00,
    0x00, 0x00, 0x7F, 0xFE, 0x00, 0x02, 0x00, 0x02, 0x7F, 0xF2, 0x7F, 0xF2, 0x7F, 0xD2, 0x7F, 0x92,
    0x7F, 0x12, 0x7E, 0x12, 0x7C, 0x12, 0x78, 0x12, 0x70, 0x12, 0x60, 0x12, 0x40, 0x12, 0x00, 0x00,
    0x00, 0x00, 0x7F, 0xFE, 0x00, 0x00, 0x00, 0x00, 0x7F, 0xFE, 0x7E, 0x7E, 0x78, 0x1E, 0x70, 0x0E,
    0x60, 0x06, 0x60, 0x06, 0x40, 0x02, 0x40, 0x02, 0x40, 0x02, 0x55, 0x52, 0x4A, 0xAA, 0x00, 0x00,
    0x00, 0x00, 0x7F, 0xFE, 0x00, 0x00, 0x00, 0x00, 0x7F, 0xFE, 0x70, 0x0E, 0x77, 0xEE, 0x74, 0x2E,
    0x74, 0x2E, 0x74, 0x2E, 0x77, 0xEE, 0x77, 0xAE, 0x77, 0xEE, 0x77, 0xEE, 0x77, 0xEE, 0x00, 0x00,
    0x00, 0x00, 0x7F, 0xFE, 0x40, 0x00, 0x5F, 0xFE, 0x5F, 0xFE, 0x50, 0x00, 0x50, 0x00, 0x50, 0x00,
    0x50, 0x00, 0x50, 0x00, 0x50, 0x00, 0x50, 0x00, 0x50, 0x00, 0x40, 0x00, 0x7F, 0xFE, 0x00, 0x00,
    0x00, 0x00, 0x7F, 0xFE, 0x00, 0x00, 0x7F, 0xFE, 0x7F, 0xFE, 0x00, 0x00, 0x00, 0x00, 0x00, 0x00,
    0x00, 0x00, 0x00, 0x00, 0x00, 0x00, 0x00, 0x00, 0x00, 0x00, 0x00, 0x00, 0x7F, 0xFE, 0x00, 0x00,
    0x00, 0x00, 0x7F, 0xFE, 0x40, 0x02, 0x5F, 0xFA, 0x5F, 0xFA, 0x50, 0x0A, 0x50, 0x0A, 0x50, 0x0A,
    0x50, 0x0A, 0x50, 0x0A, 0x50, 0x0A, 0x50, 0x0A, 0x50, 0x0A, 0x50, 0x0A, 0x50, 0x0A, 0x00, 0x00,
    0x00, 0x00, 0x40, 0x06, 0x7F, 0xFE, 0x40, 0x06, 0x46, 0x06, 0x4C, 0x06, 0x58, 0x06, 0x50, 0x06,
    0x40, 0x06, 0x40, 0x06, 0x40, 0x06, 0x5F, 0xF6, 0x00, 0x06, 0x6D, 0xB6, 0x6D, 0xB6, 0x00, 0x00,
    0x00, 0x00, 0x66, 0x66, 0x6C, 0x36, 0x68, 0x16, 0x60, 0x06, 0x60, 0x06, 0x60, 0x06, 0x60, 0x06,
    0x60, 0x06, 0x60, 0x06, 0x60, 0x06, 0x6D, 0xB6, 0x00, 0x00, 0x6D, 0xB6, 0x6D, 0xB6, 0x00, 0x00,
    0x00, 0x00, 0x60, 0x02, 0x7F, 0xFE, 0x60, 0x02, 0x60, 0x62, 0x60, 0x32, 0x60, 0x1A, 0x60, 0x0A,
    0x60, 0x02, 0x60, 0x02, 0x60, 0x02, 0x6F, 0xFA, 0x60, 0x00, 0x6D, 0xB6, 0x6D, 0xB6, 0x00, 0x00,
    0x00, 0x00, 0x6D, 0xB6, 0x6D, 0xB6, 0x6D, 0xB6, 0x7F, 0xFE, 0x00, 0x00, 0x6D, 0xB6, 0x6D, 0xB6,
    0x6D, 0xB6, 0x6D, 0xB6, 0x7F, 0xFE, 0x00, 0x00, 0x6D, 0xB6, 0x6D, 0xB6, 0x6D, 0xB6, 0x00, 0x00,
    0x00, 0x00, 0x6D, 0xB6, 0x6D, 0xB6, 0x6D, 0xB6, 0x7F, 0xFE, 0x00, 0x00, 0x64, 0x26, 0x64, 0x26,
    0x64, 0x26, 0x60, 0x06, 0x7F, 0xFE, 0x00, 0x00, 0x6D, 0xB6, 0x6D, 0xB6, 0x6D, 0xB6, 0x00, 0x00,
    0x00, 0x00, 0x6D, 0xB6, 0x40, 0x02, 0x5F, 0xFA, 0x50, 0x0A, 0x17, 0xE8, 0x57, 0xEA, 0x57, 0xCA,
    0x57, 0xCA, 0x57, 0xEA, 0x57, 0xEA, 0x10, 0x08, 0x5F, 0xFA, 0x40, 0x02, 0x6D, 0xB6, 0x00, 0x00,
    0x00, 0x00, 0x7F, 0xFE, 0x40, 0x00, 0x5F, 0xFE, 0x5F, 0xFE, 0x5F, 0xFE, 0x50, 0x00, 0x54, 0x00,
    0x51, 0x80, 0x51, 0x80, 0x50, 0x00, 0x50, 0x00, 0x50, 0x00, 0x50, 0x00, 0x50, 0x00, 0x00, 0x00,
    0x00, 0x00, 0x7F, 0xFE, 0x00, 0x00, 0x7F, 0xFE, 0x7F, 0xFE, 0x7F, 0xFE, 0x00, 0x00, 0x00, 0x00,
    0x00, 0x00, 0x20, 0x00, 0x00, 0x00, 0x00, 0x00, 0x00, 0x40, 0x02, 0x00, 0x00, 0x00, 0x00, 0x00,
    0x00, 0x00, 0x7F, 0xFE, 0x00, 0x02, 0x7F, 0xFA, 0x7F, 0xFA, 0x7F, 0xFA, 0x00, 0x0A, 0x08, 0x2A,
    0x00, 0x0A, 0x01, 0x8A, 0x01, 0x8A, 0x00, 0x0A, 0x00, 0x0A, 0x00, 0x0A, 0x00, 0x0A, 0x00, 0x00,
    0x00, 0x00, 0x1F, 0xF8, 0x20, 0x04, 0x2D, 0xB4, 0x28, 0x14, 0x20, 0x04, 0x28, 0x14, 0x28, 0x14,
    0x28, 0x14, 0x28, 0x14, 0x20, 0x04, 0x28, 0x14, 0x2D, 0xB4, 0x20, 0x04, 0x1F, 0xF8, 0x00, 0x00,
    0x00, 0x00, 0x1F, 0xF8, 0x20, 0x04, 0x2E, 0x04, 0x2A, 0x04, 0x2E, 0x04, 0x2A, 0x04, 0x2A, 0x04,
    0x20, 0x04, 0x21, 0xB4, 0x21, 0xF4, 0x20, 0xE4, 0x20, 0x44, 0x20, 0x04, 0x1F, 0xF8, 0x00, 0x00,
    0x00, 0x00, 0x1F, 0xF8, 0x20, 0x04, 0x2E, 0x04, 0x22, 0x04, 0x2E, 0x04, 0x28, 0x04, 0x2E, 0x04,
    0x20, 0x04, 0x21, 0xB4, 0x21, 0xF4, 0x20, 0xE4, 0x20, 0x44, 0x20, 0x04, 0x1F, 0xF8, 0x00, 0x00,
    0x00, 0x00, 0x1F, 0xF8, 0x20, 0x04, 0x2E, 0x04, 0x22, 0x04, 0x2E, 0x04, 0x22, 0x04, 0x2E, 0x04,
    0x20, 0x04, 0x21, 0xB4, 0x21, 0xF4, 0x20, 0xE4, 0x20, 0x44, 0x20, 0x04, 0x1F, 0xF8, 0x00, 0x00,
    0x00, 0x00, 0x1F, 0xF8, 0x20, 0x04, 0x2A, 0x04, 0x2A, 0x04, 0x2E, 0x04, 0x22, 0x04, 0x22, 0x04,
    0x20, 0x04, 0x21, 0xB4, 0x21, 0xF4, 0x20, 0xE4, 0x20, 0x44, 0x20, 0x04, 0x1F, 0xF8, 0x00, 0x00,
    0x00, 0x00, 0x1F, 0xF8, 0x20, 0x04, 0x2E, 0x04, 0x28, 0x04, 0x2E, 0x04, 0x22, 0x04, 0x2E, 0x04,
    0x20, 0x04, 0x21, 0xB4, 0x21, 0xF4, 0x20, 0xE4, 0x20, 0x44, 0x20, 0x04, 0x1F, 0xF8, 0x00, 0x00,
    0x00, 0x00, 0x1F, 0xF8, 0x20, 0x04, 0x2E, 0x04, 0x28, 0x04, 0x2E, 0x04, 0x2A, 0x04, 0x2E, 0x04,
    0x20, 0x04, 0x21, 0xB4, 0x21, 0xF4, 0x20, 0xE4, 0x20, 0x44, 0x20, 0x04, 0x1F, 0xF8, 0x00, 0x00,
    0x00, 0x00, 0x1F, 0xF8, 0x20, 0x04, 0x2E, 0x04, 0x22, 0x04, 0x22, 0x04, 0x22, 0x04, 0x22, 0x04,
    0x20, 0x04, 0x21, 0xB4, 0x21, 0xF4, 0x20, 0xE4, 0x20, 0x44, 0x20, 0x04, 0x1F, 0xF8, 0x00, 0x00,
    0x00, 0x00, 0x1F, 0xF8, 0x20, 0x04, 0x2E, 0x04, 0x2A, 0x04, 0x2E, 0x04, 0x2A, 0x04, 0x2E, 0x04,
    0x20, 0x04, 0x21, 0xB4, 0x21, 0xF4, 0x20, 0xE4, 0x20, 0x44, 0x20, 0x04, 0x1F, 0xF8, 0x00, 0x00,
    0x00, 0x00, 0x1F, 0xF8, 0x20, 0x04, 0x2E, 0x04, 0x2A, 0x04, 0x2E, 0x04, 0x22, 0x04, 0x22, 0x04,
    0x20, 0x04, 0x21, 0xB4, 0x21, 0xF4, 0x20, 0xE4, 0x20, 0x44, 0x20, 0x04, 0x1F, 0xF8, 0x00, 0x00,
    0x00, 0x00, 0x1F, 0xF8, 0x20, 0x04, 0x2B, 0x84, 0x2A, 0x84, 0x2A, 0x84, 0x2B, 0x84, 0x20, 0x04,
    0x20, 0x04, 0x21, 0xB4, 0x21, 0xF4, 0x20, 0xE4, 0x20, 0x44, 0x20, 0x04, 0x1F, 0xF8, 0x00, 0x00,
    0x00, 0x00, 0x1F, 0xF8, 0x20, 0x04, 0x2E, 0x04, 0x22, 0x04, 0x22, 0x04, 0x22, 0x04, 0x2C, 0x04,
    0x20, 0x04, 0x21, 0xB4, 0x21, 0xF4, 0x20, 0xE4, 0x20, 0x44, 0x20, 0x04, 0x1F, 0xF8, 0x00, 0x00,
    0x00, 0x00, 0x1F, 0xF8, 0x20, 0x04, 0x2E, 0x04, 0x2A, 0x04, 0x2A, 0x04, 0x2A, 0x04, 0x2E, 0x04,
    0x24, 0x04, 0x21, 0xB4, 0x21, 0xF4, 0x20, 0xE4, 0x20, 0x44, 0x20, 0x04, 0x1F, 0xF8, 0x00, 0x00,
    0x00, 0x00, 0x1F, 0xF8, 0x20, 0x04, 0x2A, 0x04, 0x2A, 0x04, 0x2C, 0x04, 0x2A, 0x04, 0x2A, 0x04,
    0x20, 0x04, 0x21, 0xB4, 0x21, 0xF4, 0x20, 0xE4, 0x20, 0x44, 0x20, 0x04, 0x1F, 0xF8, 0x00, 0x00,
    0x00, 0x00, 0x00, 0x00, 0x00, 0x00, 0x1F, 0x00, 0x27, 0xC0, 0x43, 0xE6, 0x43, 0xE6, 0x5B, 0xEC,
    0x5B, 0xEC, 0x43, 0xE6, 0x43, 0xE6, 0x27, 0xC0, 0x1F, 0x00, 0x00, 0x00, 0x00, 0x00, 0x00, 0x00,
    0x00, 0x00, 0x00, 0x00, 0x00, 0x30, 0x00, 0xC8, 0x03, 0x04, 0x0C, 0x34, 0x30, 0xB2, 0x40, 0x02,
    0x7F, 0xFE, 0x6F, 0x66, 0x79, 0xE6, 0x79, 0xBE, 0x3F, 0xFC, 0x00, 0x00, 0x00, 0x00, 0x00, 0x00,
    0x00, 0x00, 0x01, 0x80, 0x01, 0x80, 0x07, 0xE0, 0x0F, 0xF0, 0x0C, 0x30, 0x0C, 0x00, 0x0F, 0xE0,
    0x07, 0xF0, 0x00, 0x30, 0x0C, 0x30, 0x0F, 0xF0, 0x07, 0xE0, 0x01, 0x80, 0x01, 0x80, 0x00, 0x00,
    0x00, 0x00, 0x00, 0x00, 0x01, 0x80, 0x01, 0x80, 0x07, 0xE0, 0x0F, 0xF0, 0x0C, 0x30, 0x0C, 0x00,
    0x0C, 0x00, 0x0C, 0x30, 0x0F, 0xF0, 0x07, 0xE0, 0x01, 0x80, 0x01, 0x80, 0x00, 0x00, 0x00, 0x00,
    0x00, 0x00, 0x00, 0x00, 0x00, 0x00, 0x01, 0x80, 0x07, 0xC0, 0x0E, 0x40, 0x3E, 0x40, 0x3E, 0xC0,
    0x3E, 0xC0, 0x3E, 0x40, 0x0E, 0x40, 0x07, 0xC0, 0x01, 0x80, 0x00, 0x00, 0x00, 0x00, 0x00, 0x00,
    0x00, 0x00, 0x00, 0x00, 0x00, 0x00, 0x01, 0x80, 0x07, 0xC8, 0x0E, 0x44, 0x3E, 0x54, 0x3E, 0xD4,
    0x3E, 0xD4, 0x3E, 0x54, 0x0E, 0x44, 0x07, 0xC8, 0x01, 0x80, 0x00, 0x00, 0x00, 0x00, 0x00, 0x00,
    0x00, 0x00, 0x00, 0x00, 0x07, 0xFC, 0x07, 0xFC, 0x06, 0x0C, 0x06, 0xEC, 0x06, 0x0C, 0x06, 0x0C,
    0x06, 0x0C, 0x06, 0x3C, 0x1E, 0x7C, 0x3E, 0x78, 0x3C, 0x30, 0x18, 0x00, 0x00, 0x00, 0x00, 0x00,
    0x00, 0x00, 0x00, 0x00, 0x0F, 0xF0, 0x0F, 0xF0, 0x7F, 0xFE, 0x4F, 0xF2, 0x4F, 0xF2, 0x4F, 0xF2,
    0x4F, 0xF2, 0x3F, 0xFC, 0x07, 0xE0, 0x01, 0x80, 0x07, 0xE0, 0x0F, 0xF0, 0x00, 0x00, 0x00, 0x00,
    0x00, 0x00, 0x00, 0x00, 0x01, 0x80, 0x03, 0xC0, 0x07, 0xE0, 0x0F, 0xF0, 0x1F, 0xF8, 0x3F, 0xFC,
    0x3F, 0xFC, 0x3F, 0xFC, 0x0E, 0x70, 0x0E, 0x70, 0x0E, 0x70, 0x0E, 0x70, 0x00, 0x00, 0x00, 0x00,
    0x00, 0x00, 0x00, 0x00, 0x3F, 0xE0, 0x3F, 0xF0, 0x38, 0x18, 0x38, 0xDC, 0x38, 0xDC, 0x3F, 0xFC,
    0x30, 0x0C, 0x35, 0x4C, 0x32, 0xAC, 0x30, 0x0C, 0x3F, 0xFC, 0x3F, 0xFC, 0x00, 0x00, 0x00, 0x00,
    0x00, 0x00, 0x00, 0x00, 0x03, 0xC0, 0x07, 0xE0, 0x07, 0xE0, 0x07, 0xE0, 0x07, 0xE0, 0x03, 0xC0,
    0x07, 0xE0, 0x0F, 0xF0, 0x0F, 0xF0, 0x0F, 0xF0, 0x0F, 0xF0, 0x07, 0xE0, 0x00, 0x00, 0x00, 0x00,
    0x00, 0x00, 0x00, 0x00, 0x03, 0xC0, 0x37, 0xEC, 0x77, 0xEE, 0x77, 0xEE, 0x77, 0xEE, 0x33, 0xCC,
    0x67, 0xE6, 0x6F, 0xF6, 0x6F, 0xF6, 0x6F, 0xF6, 0x2F, 0xF4, 0x07, 0xE0, 0x00, 0x00, 0x00, 0x00,
    0x00, 0x00, 0x00, 0x00, 0x19, 0x98, 0x3F, 0xFC, 0x3F, 0xFC, 0x1C, 0x38, 0x18, 0x18, 0x39, 0x9C,
    0x39, 0x9C, 0x18, 0x18, 0x1C, 0x38, 0x3F, 0xFC, 0x3F, 0xFC, 0x19, 0x98, 0x00, 0x00, 0x00, 0x00,
    0x00, 0x00, 0x7C, 0x3E, 0x78, 0x1E, 0x7C, 0x3E, 0x7E, 0x7E, 0x5E, 0x7A, 0x0C, 0x30, 0x00, 0x00,
    0x00, 0x00, 0x0C, 0x30, 0x5E, 0x7A, 0x7E, 0x7E, 0x7C, 0x3E, 0x78, 0x1E, 0x7C, 0x3E, 0x00, 0x00,
    0x00, 0x00, 0x30, 0x0C, 0x7A, 0x5E, 0x7E, 0x7E, 0x3E, 0x7C, 0x1E, 0x78, 0x3E, 0x7C, 0x00, 0x00,
    0x00, 0x00, 0x3E, 0x7C, 0x1E, 0x78, 0x3E, 0x7C, 0x7E, 0x7E, 0x7A, 0x5E, 0x30, 0x0C, 0x00, 0x00,
    0xFB, 0xDF, 0xF8, 0x1F, 0xC3, 0xC3, 0xDF, 0xFB, 0xD0, 0x0B, 0x10, 0x08, 0xB0, 0x0D, 0xB0, 0x0D,
    0xB0, 0x0D, 0xB0, 0x0D, 0x10, 0x08, 0xD0, 0x0B, 0xDF, 0xFB, 0xC3, 0xC3, 0xF8, 0x1F, 0xFB, 0xDF,
    0x00, 0x00, 0x40, 0x12, 0x40, 0x12, 0x40, 0x12, 0x40, 0x12, 0x40, 0x12, 0x40, 0x12, 0x40, 0x12,
    0x40, 0x12, 0x40, 0x12, 0x40, 0x12, 0x40, 0x12, 0x40, 0x12, 0x40, 0x12, 0x40, 0x12, 0x00, 0x00,
    0x00, 0x00, 0x2A, 0xAA, 0x55, 0x54, 0x2A, 0xAA, 0x55, 0x54, 0x2A, 0xAA, 0x55, 0x54, 0x2A, 0xAA,
    0x55, 0x54, 0x2A, 0xAA, 0x55, 0x54, 0x2A, 0xAA, 0x55, 0x54, 0x2A, 0xAA, 0x55, 0x54, 0x00, 0x00,
    0x00, 0x00, 0x4D, 0x56, 0x4A, 0xAA, 0x4D, 0x56, 0x4A, 0xAA, 0x4D, 0x56, 0x4A, 0xAA, 0x4D, 0x56,
    0x4A, 0xAA, 0x4D, 0x56, 0x4A, 0xAA, 0x4D, 0x56, 0x4A, 0xAA, 0x4D, 0x56, 0x4A, 0xAA, 0x00, 0x00,
    0x00, 0x00, 0x4A, 0xAA, 0x4D, 0x54, 0x4A, 0xA8, 0x4D, 0x50, 0x4A, 0xA0, 0x4D, 0x40, 0x4A, 0x80,
    0x4D, 0x00, 0x4A, 0x00, 0x4C, 0x00, 0x4F, 0xFE, 0x40, 0x00, 0x40, 0x00, 0x7F, 0xFE, 0x00, 0x00,
    0x00, 0x00, 0x40, 0x12, 0x20, 0x12, 0x10, 0x12, 0x08, 0x12, 0x04, 0x12, 0x02, 0x12, 0x01, 0x12,
    0x00, 0x92, 0x00, 0x52, 0x00, 0x32, 0x7F, 0xF2, 0x00, 0x02, 0x00, 0x02, 0x7F, 0xFE, 0x00, 0x00,
    0x00, 0x00, 0x7F, 0xFE, 0x00, 0x00, 0x00, 0x00, 0x7F, 0xFE, 0x2E, 0x74, 0x58, 0x1A, 0x30, 0x0C,
    0x60, 0x06, 0x60, 0x06, 0x40, 0x02, 0x40, 0x02, 0x40, 0x02, 0x55, 0x52, 0x4A, 0xAA, 0x00, 0x00,
    0x00, 0x00, 0x7F, 0xFE, 0x00, 0x00, 0x00, 0x00, 0x7F, 0xFE, 0x30, 0x0C, 0x57, 0xEA, 0x34, 0x2C,
    0x54, 0x2A, 0x34, 0x2C, 0x57, 0xEA, 0x37, 0xAC, 0x57, 0xEA, 0x37, 0xEC, 0x77, 0xEE, 0x00, 0x00,
    0x00, 0x00, 0x7F, 0xFE, 0x40, 0x02, 0x5F, 0xFA, 0x5F, 0xFA, 0x50, 0x0A, 0x50, 0x0A, 0x50, 0x0A,
    0x50, 0x0A, 0x50, 0x0A, 0x50, 0x0A, 0x50, 0x0A, 0x50, 0x0A, 0x40, 0x02, 0x7F, 0xFE, 0x00, 0x00,
    0x00, 0x00, 0x7F, 0xFE, 0x7F, 0xFE, 0x5F, 0xFA, 0x7F, 0xFE, 0x70, 0x0E, 0x57, 0xEA, 0x74, 0x2E,
    0x44, 0x22, 0x74, 0x2E, 0x47, 0xA2, 0x44, 0x22, 0x74, 0x2E, 0x54, 0x2A, 0x77, 0xEE, 0x00, 0x00,
    0x00, 0x00, 0x50, 0x0A, 0x50, 0x0A, 0x50, 0x0A, 0x50, 0x0A, 0x50, 0x0A, 0x50, 0x0A, 0x50, 0x0A,
    0x50, 0x0A, 0x50, 0x0A, 0x50, 0x0A, 0x50, 0x0A, 0x50, 0x0A, 0x50, 0x0A, 0x50, 0x0A, 0x00, 0x00,
    0x00, 0x00, 0x7D, 0xBE, 0x7D, 0xBE, 0x00, 0x00, 0x6F, 0xF6, 0x6F, 0xF6, 0x00, 0x00, 0x7D, 0xBE,
    0x7D, 0xBE, 0x00, 0x00, 0x6F, 0xF6, 0x6F, 0xF6, 0x00, 0x00, 0x7D, 0xBE, 0x7D, 0xBE, 0x00, 0x00,
    0x00, 0x00, 0x7D, 0xBE, 0x7D, 0xBE, 0x00, 0x00, 0x6F, 0xF6, 0x68, 0x16, 0x08, 0x10, 0x68, 0x16,
    0x6B, 0xD6, 0x08, 0x10, 0x68, 0x16, 0x6F, 0xF6, 0x00, 0x00, 0x7D, 0xBE, 0x7D, 0xBE, 0x00, 0x00,
    0x00, 0x00, 0x7D, 0xBE, 0x7D, 0xBE, 0x00, 0x00, 0x5F, 0xFA, 0x50, 0x0A, 0x12, 0x48, 0x52, 0x4A,
    0x52, 0x4A, 0x12, 0x48, 0x50, 0x0A, 0x5F, 0xFA, 0x00, 0x00, 0x7D, 0xBE, 0x7D, 0xBE, 0x00, 0x00,
    0x00, 0x00, 0x7D, 0xBE, 0x7D, 0xBE, 0x00, 0x00, 0x60, 0x06, 0x60, 0x06, 0x00, 0x00, 0x40, 0x02,
    0x40, 0x02, 0x00, 0x00, 0x60, 0x06, 0x60, 0x06, 0x00, 0x00, 0x7D, 0xBE, 0x7D, 0xBE, 0x00, 0x00,
    0x00, 0x00, 0x7D, 0xBE, 0x7D, 0xBE, 0x00, 0x00, 0x6F, 0xF6, 0x68, 0x16, 0x08, 0x10, 0x68, 0x16,
    0x69, 0x96, 0x0F, 0xF0, 0x68, 0x16, 0x6F, 0xF6, 0x00, 0x00, 0x7D, 0xBE, 0x7D, 0xBE, 0x00, 0x00,
    0x00, 0x00, 0x7D, 0xBE, 0x7D, 0xBE, 0x00, 0x00, 0x5F, 0xFA, 0x50, 0x0A, 0x10, 0x08, 0x57, 0xEA,
    0x50, 0x0A, 0x10, 0x08, 0x50, 0x0A, 0x5F, 0xFA, 0x00, 0x00, 0x7D, 0xBE, 0x7D, 0xBE, 0x00, 0x00,
    0x00, 0x00, 0x50, 0x00, 0x50, 0x00, 0x50, 0x00, 0x50, 0x08, 0x50, 0x00, 0x50, 0x06, 0x50, 0x06,
    0x50, 0x10, 0x50, 0x00, 0x50, 0x04, 0x50, 0x00, 0x50, 0x00, 0x50, 0x00, 0x50, 0x00, 0x00, 0x00,
    0x00, 0x00, 0x7F, 0xFE, 0x40, 0x02, 0x5F, 0xFA, 0x5F, 0xFA, 0x5F, 0xFA, 0x50, 0x0A, 0x50, 0x0A,
    0x50, 0x0A, 0x50, 0x0A, 0x5F, 0xFA, 0x40, 0x02, 0x7F, 0xFE, 0x7F, 0xFE, 0x7F, 0xFE, 0x00, 0x00,
    0x00, 0x00, 0x00, 0x0A, 0x00, 0x0A, 0x00, 0x0A, 0x02, 0x0A, 0x00, 0x4A, 0x00, 0x0A, 0x00, 0x0A,
    0x00, 0x0A, 0x20, 0x0A, 0x00, 0x0A, 0x0C, 0x0A, 0x0C, 0x0A, 0x00, 0x0A, 0x00, 0x0A, 0x00, 0x00,
    0x00, 0x00, 0x1F, 0xF8, 0x20, 0x04, 0x2A, 0xA4, 0x25, 0x54, 0x2A, 0xA4, 0x25, 0x54, 0x2A, 0xA4,
    0x25, 0x54, 0x2A, 0xA4, 0x25, 0x54, 0x2A, 0xA4, 0x25, 0x54, 0x20, 0x04, 0x1F, 0xF8, 0x00, 0x00,
    0x00, 0x00, 0x1F, 0xF8, 0x20, 0x04, 0x2E, 0x04, 0x2A, 0x04, 0x2E, 0x04, 0x2A, 0x04, 0x2A, 0x04,
    0x20, 0x44, 0x20, 0xE4, 0x21, 0xF4, 0x20, 0xE4, 0x20, 0x44, 0x20, 0x04, 0x1F, 0xF8, 0x00, 0x00,
    0x00, 0x00, 0x1F, 0xF8, 0x20, 0x04, 0x2E, 0x04, 0x22, 0x04, 0x2E, 0x04, 0x28, 0x04, 0x2E, 0x04,
    0x20, 0x44, 0x20, 0xE4, 0x21, 0xF4, 0x20, 0xE4, 0x20, 0x44, 0x20, 0x04, 0x1F, 0xF8, 0x00, 0x00,
    0x00, 0x00, 0x1F, 0xF8, 0x20, 0x04, 0x2E, 0x04, 0x22, 0x04, 0x2E, 0x04, 0x22, 0x04, 0x2E, 0x04,
    0x20, 0x44, 0x20, 0xE4, 0x21, 0xF4, 0x20, 0xE4, 0x20, 0x44, 0x20, 0x04, 0x1F, 0xF8, 0x00, 0x00,
    0x00, 0x00, 0x1F, 0xF8, 0x20, 0x04, 0x2A, 0x04, 0x2A, 0x04, 0x2E, 0x04, 0x22, 0x04, 0x22, 0x04,
    0x20, 0x44, 0x20, 0xE4, 0x21, 0xF4, 0x20, 0xE4, 0x20, 0x44, 0x20, 0x04, 0x1F, 0xF8, 0x00, 0x00,
    0x00, 0x00, 0x1F, 0xF8, 0x20, 0x04, 0x2E, 0x04, 0x28, 0x04, 0x2E, 0x04, 0x22, 0x04, 0x2E, 0x04,
    0x20, 0x44, 0x20, 0xE4, 0x21, 0xF4, 0x20, 0xE4, 0x20, 0x44, 0x20, 0x04, 0x1F, 0xF8, 0x00, 0x00,
    0x00, 0x00, 0x1F, 0xF8, 0x20, 0x04, 0x2E, 0x04, 0x28, 0x04, 0x2E, 0x04, 0x2A, 0x04, 0x2E, 0x04,
    0x20, 0x44, 0x20, 0xE4, 0x21, 0xF4, 0x20, 0xE4, 0x20, 0x44, 0x20, 0x04, 0x1F, 0xF8, 0x00, 0x00,
    0x00, 0x00, 0x1F, 0xF8, 0x20, 0x04, 0x2E, 0x04, 0x22, 0x04, 0x22, 0x04, 0x22, 0x04, 0x22, 0x04,
    0x20, 0x44, 0x20, 0xE4, 0x21, 0xF4, 0x20, 0xE4, 0x20, 0x44, 0x20, 0x04, 0x1F, 0xF8, 0x00, 0x00,
    0x00, 0x00, 0x1F, 0xF8, 0x20, 0x04, 0x2E, 0x04, 0x2A, 0x04, 0x2E, 0x04, 0x2A, 0x04, 0x2E, 0x04,
    0x20, 0x44, 0x20, 0xE4, 0x21, 0xF4, 0x20, 0xE4, 0x20, 0x44, 0x20, 0x04, 0x1F, 0xF8, 0x00, 0x00,
    0x00, 0x00, 0x1F, 0xF8, 0x20, 0x04, 0x2E, 0x04, 0x2A, 0x04, 0x2E, 0x04, 0x22, 0x04, 0x22, 0x04,
    0x20, 0x44, 0x20, 0xE4, 0x21, 0xF4, 0x20, 0xE4, 0x20, 0x44, 0x20, 0x04, 0x1F, 0xF8, 0x00, 0x00,
    0x00, 0x00, 0x1F, 0xF8, 0x20, 0x04, 0x2B, 0x84, 0x2A, 0x84, 0x2A, 0x84, 0x2B, 0x84, 0x20, 0x04,
    0x20, 0x44, 0x20, 0xE4, 0x21, 0xF4, 0x20, 0xE4, 0x20, 0x44, 0x20, 0x04, 0x1F, 0xF8, 0x00, 0x00,
    0x00, 0x00, 0x1F, 0xF8, 0x20, 0x04, 0x2E, 0x04, 0x22, 0x04, 0x22, 0x04, 0x22, 0x04, 0x2C, 0x04,
    0x20, 0x44, 0x20, 0xE4, 0x21, 0xF4, 0x20, 0xE4, 0x20, 0x44, 0x20, 0x04, 0x1F, 0xF8, 0x00, 0x00,
    0x00, 0x00, 0x1F, 0xF8, 0x20, 0x04, 0x2E, 0x04, 0x2A, 0x04, 0x2A, 0x04, 0x2A, 0x04, 0x2E, 0x04,
    0x24, 0x44, 0x20, 0xE4, 0x21, 0xF4, 0x20, 0xE4, 0x20, 0x44, 0x20, 0x04, 0x1F, 0xF8, 0x00, 0x00,
    0x00, 0x00, 0x1F, 0xF8, 0x20, 0x04, 0x2A, 0x04, 0x2A, 0x04, 0x2C, 0x04, 0x2A, 0x04, 0x2A, 0x04,
    0x20, 0x44, 0x20, 0xE4, 0x21, 0xF4, 0x20, 0xE4, 0x20, 0x44, 0x20, 0x04, 0x1F, 0xF8, 0x00, 0x00,
    0x00, 0x00, 0x00, 0x00, 0x00, 0x78, 0x03, 0xFC, 0x05, 0x5C, 0x0A, 0x7C, 0x14, 0x3C, 0x08, 0x88,
    0x09, 0x10, 0x0A, 0x30, 0x38, 0x50, 0x37, 0xA0, 0x1C, 0x00, 0x0C, 0x00, 0x00, 0x00, 0x00, 0x00,
    0x00, 0x00, 0x00, 0x00, 0x03, 0xC0, 0x07, 0xE0, 0x0F, 0xF0, 0x0F, 0x90, 0x0F, 0x90, 0x1F, 0xF8,
    0x1F, 0xF8, 0x1F, 0xF8, 0x1F, 0xF8, 0x0F, 0xF0, 0x0F, 0xF0, 0x03, 0xC0, 0x00, 0x00, 0x00, 0x00,
    0x00, 0x00, 0x00, 0x00, 0x00, 0x00, 0x07, 0xE0, 0x0F, 0xF0, 0x0C, 0x30, 0x0C, 0x30, 0x0C, 0x30,
    0x0C, 0x30, 0x0C, 0x30, 0x0C, 0x30, 0x0F, 0xF0, 0x07, 0xE0, 0x00, 0x00, 0x00, 0x00, 0x00, 0x00,
    0x00, 0x00, 0x00, 0x00, 0x00, 0x00, 0x07, 0x00, 0x07, 0x80, 0x01, 0x80, 0x01, 0x80, 0x01, 0x80,
    0x01, 0x80, 0x01, 0x80, 0x01, 0x80, 0x01, 0x80, 0x01, 0x80, 0x00, 0x00, 0x00, 0x00, 0x00, 0x00,
    0x00, 0x00, 0x00, 0x00, 0x00, 0x00, 0x07, 0xE0, 0x0F, 0xF0, 0x0C, 0x30, 0x00, 0x30, 0x07, 0xF0,
    0x0F, 0xE0, 0x0C, 0x00, 0x0C, 0x00, 0x0F, 0xF0, 0x0F, 0xF0, 0x00, 0x00, 0x00, 0x00, 0x00, 0x00,
    0x00, 0x00, 0x00, 0x00, 0x00, 0x00, 0x07, 0xE0, 0x0F, 0xF0, 0x0C, 0x30, 0x00, 0x30, 0x03, 0xE0,
    0x03, 0xE0, 0x00, 0x30, 0x0C, 0x30, 0x0F, 0xF0, 0x07, 0xE0, 0x00, 0x00, 0x00, 0x00, 0x00, 0x00,
    0x00, 0x00, 0x00, 0x00, 0x00, 0x00, 0x0C, 0x30, 0x0C, 0x30, 0x0C, 0x30, 0x0C, 0x30, 0x0F, 0xF0,
    0x07, 0xF0, 0x00, 0x30, 0x00, 0x30, 0x00, 0x30, 0x00, 0x30, 0x00, 0x00, 0x00, 0x00, 0x00, 0x00,
    0x00, 0x00, 0x00, 0x00, 0x00, 0x00, 0x0F, 0xF0, 0x0F, 0xF0, 0x0C, 0x00, 0x0C, 0x00, 0x0F, 0xE0,
    0x07, 0xF0, 0x00, 0x30, 0x0C, 0x30, 0x0F, 0xF0, 0x07, 0xE0, 0x00, 0x00, 0x00, 0x00, 0x00, 0x00,
    0x00, 0x00, 0x00, 0x00, 0x00, 0x00, 0x07, 0xE0, 0x0F, 0xF0, 0x0C, 0x30, 0x0C, 0x00, 0x0F, 0xE0,
    0x0F, 0xF0, 0x0C, 0x30, 0x0C, 0x30, 0x0F, 0xF0, 0x07, 0xE0, 0x00, 0x00, 0x00, 0x00, 0x00, 0x00,
    0x00, 0x00, 0x00, 0x00, 0x00, 0x00, 0x0F, 0xF0, 0x0F, 0xF0, 0x00, 0x30, 0x00, 0x70, 0x00, 0xE0,
    0x01, 0xC0, 0x01, 0x80, 0x01, 0x80, 0x01, 0x80, 0x01, 0x80, 0x00, 0x00, 0x00, 0x00, 0x00, 0x00,
    0x00, 0x00, 0x00, 0x00, 0x00, 0x00, 0x07, 0xE0, 0x0F, 0xF0, 0x0C, 0x30, 0x0C, 0x30, 0x07, 0xE0,
    0x07, 0xE0, 0x0C, 0x30, 0x0C, 0x30, 0x0F, 0xF0, 0x07, 0xE0, 0x00, 0x00, 0x00, 0x00, 0x00, 0x00,
    0x00, 0x00, 0x00, 0x00, 0x00, 0x00, 0x07, 0xE0, 0x0F, 0xF0, 0x0C, 0x30, 0x0C, 0x30, 0x0F, 0xF0,
    0x07, 0xF0, 0x00, 0x30, 0x0C, 0x30, 0x0F, 0xF0, 0x07, 0xE0, 0x00, 0x00, 0x00, 0x00, 0x00, 0x00,
    0x00, 0x00, 0x00, 0x00, 0x00, 0x00, 0x00, 0x00, 0x01, 0x80, 0x01, 0x80, 0x00, 0x00, 0x00, 0x00,
    0x00, 0x00, 0x00, 0x00, 0x01, 0x80, 0x01, 0x80, 0x00, 0x00, 0x00, 0x00, 0x00, 0x00, 0x00, 0x00,
    0x00, 0x00, 0x00, 0x00, 0x00, 0x00, 0x00, 0x00, 0x00, 0x00, 0x00, 0x00, 0x00, 0x00, 0x00, 0x00,
    0x00, 0x00, 0x00, 0x00, 0x00, 0x00, 0x01, 0x80, 0x01, 0x80, 0x00, 0x00, 0x00, 0x00, 0x00, 0x00,
    0x00, 0x00, 0x00, 0x00, 0x00, 0x00, 0x0C, 0x18, 0x1E, 0x38, 0x1E, 0x70, 0x0C, 0xE0, 0x01, 0xC0,
    0x03, 0x80, 0x07, 0x30, 0x0E, 0x78, 0x1C, 0x78, 0x18, 0x30, 0x00, 0x00, 0x00, 0x00, 0x00, 0x00,
    0x7A, 0x9E, 0xF9, 0x5F, 0xC0, 0x03, 0xDF, 0xFB, 0xD0, 0x0B, 0x10, 0x08, 0x90, 0x0A, 0x50, 0x09,
    0x90, 0x0A, 0x50, 0x09, 0x10, 0x08, 0xD0, 0x0B, 0xDF, 0xFB, 0xC0, 0x03, 0xFA, 0x9F, 0x79, 0x5E,
    0x00, 0x00, 0x40, 0x12, 0x40, 0x10, 0x40, 0x10, 0x40, 0x1E, 0x40, 0x3E, 0x40, 0x7E, 0x40, 0xFE,
    0x41, 0xFE, 0x43, 0xFE, 0x47, 0xFE, 0x4F, 0xFE, 0x5F, 0xFE, 0x7F, 0xFE, 0x3F, 0xFE, 0x00, 0x00,
    0x00, 0x00, 0x7F, 0xFE, 0x00, 0x00, 0x00, 0x00, 0x7F, 0xFE, 0x7F, 0xFE, 0x7F, 0xFE, 0x7F, 0xFE,
    0x7F, 0xFE, 0x7F, 0xFE, 0x7F, 0xFE, 0x7F, 0xFE, 0x7F, 0xFE, 0x7F, 0xFE, 0x7F, 0xFE, 0x00, 0x00,
    0x00, 0x00, 0x4D, 0x56, 0x0A, 0xAA, 0x0D, 0x56, 0x7A, 0xAA, 0x7D, 0x56, 0x7E, 0xAA, 0x7F, 0x56,
    0x7F, 0xAA, 0x7F, 0xD6, 0x7F, 0xEA, 0x7F, 0xF6, 0x7F, 0xFA, 0x7F, 0xFE, 0x7F, 0xFC, 0x00, 0x00,
    0x00, 0x00, 0x3F, 0xFC, 0x60, 0x06, 0x50, 0x0A, 0x48, 0x16, 0x47, 0xEA, 0x46, 0xB6, 0x45, 0x6A,
    0x46, 0xB6, 0x45, 0x6A, 0x47, 0xF6, 0x4F, 0xFA, 0x5F, 0xFE, 0x7F, 0xFE, 0x3F, 0xFC, 0x00, 0x00,
    0x00, 0x00, 0x3F, 0xFC, 0x60, 0x06, 0x50, 0x0E, 0x48, 0x1A, 0x44, 0x36, 0x43, 0xEA, 0x43, 0xD6,
    0x43, 0xEA, 0x43, 0xD6, 0x47, 0xEA, 0x4F, 0xF6, 0x5F, 0xFA, 0x7F, 0xFE, 0x3F, 0xFC, 0x00, 0x00,
    0x00, 0x00, 0x7F, 0xFE, 0x00, 0x00, 0x00, 0x00, 0x7F, 0xFE, 0x0E, 0x70, 0x18, 0x18, 0x30, 0x0C,
    0x60, 0x06, 0x60, 0x06, 0x40, 0x02, 0x40, 0x02, 0x40, 0x02, 0x55, 0x52, 0x4A, 0xAA, 0x00, 0x00,
    0x00, 0x00, 0x7F, 0xFE, 0x00, 0x00, 0x00, 0x00, 0x7F, 0xFE, 0x10, 0x08, 0x17, 0xE8, 0x14, 0x28,
    0x14, 0x28, 0x14, 0x28, 0x17, 0xE8, 0x17, 0xA8, 0x17, 0xE8, 0x17, 0xE8, 0x77, 0xEE, 0x00, 0x00,
    0x00, 0x00, 0x7F, 0xFE, 0x7F, 0xFE, 0x5F, 0xFA, 0x7F, 0xFE, 0x7F, 0xFE, 0x5F, 0xFA, 0x7F, 0xFE,
    0x40, 0x02, 0x7F, 0xFE, 0x40, 0x02, 0x40, 0x02, 0x7F, 0xFE, 0x5F, 0xFA, 0x7F, 0xFE, 0x00, 0x00,
    0x00, 0x00, 0x7F, 0xFE, 0x7F, 0xFE, 0x50, 0x0A, 0x77, 0xEE, 0x74, 0x2E, 0x54, 0x2A, 0x75, 0xAE,
    0x44, 0x22, 0x74, 0x2E, 0x47, 0xE2, 0x40, 0x02, 0x7F, 0xFE, 0x5F, 0xFA, 0x7F, 0xFE, 0x00, 0x00,
    0x00, 0x00, 0x50, 0x0A, 0x50, 0x0A, 0x50, 0x0A, 0x50, 0x0A, 0x50, 0x0A, 0x50, 0x0A, 0x50, 0x0A,
    0x50, 0x0A, 0x50, 0x0A, 0x50, 0x0A, 0x50, 0x0A, 0x50, 0x0A, 0x40, 0x02, 0x7F, 0xFE, 0x00, 0x00,
    0x00, 0x00, 0x7B, 0xDE, 0x7B, 0xDE, 0x00, 0x00, 0x6D, 0xB6, 0x6D, 0xB6, 0x01, 0x80, 0x5D, 0xBA,
    0x5D, 0xBA, 0x01, 0x80, 0x6D, 0xB6, 0x6D, 0xB6, 0x01, 0x80, 0x7B, 0xDE, 0x7B, 0xDE, 0x00, 0x00,
    0x00, 0x00, 0x75, 0xAE, 0x75, 0xAE, 0x00, 0x00, 0x5B, 0xDA, 0x5B, 0xDA, 0x40, 0x02, 0x5D, 0xBA,
    0x5D, 0xBA, 0x40, 0x02, 0x5B, 0xDA, 0x5B, 0xDA, 0x40, 0x02, 0x6D, 0xB6, 0x6D, 0xB6, 0x00, 0x00,
    0x00, 0x00, 0x7F, 0xFE, 0x60, 0x06, 0x5F, 0xFA, 0x5A, 0xAA, 0x55, 0x5A, 0x5A, 0xAA, 0x55, 0x5A,
    0x5A, 0xAA, 0x55, 0x5A, 0x5A, 0xAA, 0x55, 0x5A, 0x5F, 0xFA, 0x60, 0x06, 0x7F, 0xFE, 0x00, 0x00,
    0x00, 0x00, 0x7F, 0xFE, 0x00, 0x00, 0x60, 0x06, 0x68, 0x16, 0x6C, 0x36, 0x66, 0x66, 0x63, 0xC6,
    0x61, 0x86, 0x63, 0xC6, 0x66, 0x66, 0x6C, 0x36, 0x68, 0x16, 0x60, 0x06, 0x7F, 0xFE, 0x00, 0x00,
    0x00, 0x00, 0x01, 0x80, 0x01, 0x80, 0x03, 0xC0, 0x03, 0xC0, 0x07, 0xE0, 0x07, 0xE0, 0x0F, 0xF0,
    0x0F, 0xF0, 0x1F, 0xF8, 0x18, 0x18, 0x10, 0x08, 0x10, 0x08, 0x0C, 0x30, 0x03, 0xC0, 0x00, 0x00,
    0x00, 0x00, 0x01, 0x80, 0x01, 0x80, 0x01, 0x80, 0x01, 0x80, 0x01, 0x80, 0x01, 0x80, 0x01, 0x80,
    0x02, 0x40, 0x0A, 0x50, 0x06, 0x60, 0x06, 0x60, 0x06, 0x60, 0x07, 0xE0, 0x0B, 0xD0, 0x00, 0x00,
    0x00, 0x00, 0x50, 0x00, 0x50, 0x00, 0x50, 0x00, 0x52, 0x00, 0x50, 0x20, 0x51, 0x80, 0x51, 0x80,
    0x50, 0x00, 0x50, 0x00, 0x5F, 0xFE, 0x40, 0x00, 0x7F, 0xFE, 0x7F, 0xFE, 0x7F, 0xFE, 0x00, 0x00,
    0x00, 0x00, 0x00, 0x20, 0x00, 0x04, 0x00, 0x00, 0x00, 0x10, 0x00, 0x00, 0x00, 0x00, 0x00, 0x00,
    0x00, 0x00, 0x00, 0x00, 0x7F, 0xFE, 0x00, 0x00, 0x7F, 0xFE, 0x7F, 0xFE, 0x7F, 0xFE, 0x00, 0x00,
    0x00, 0x00, 0x00, 0x0A, 0x00, 0x0A, 0x00, 0x0A, 0x08, 0x0A, 0x00, 0x0A, 0x1A, 0x0A, 0x18, 0x0A,
    0x00, 0x0A, 0x00, 0x0A, 0x7F, 0xFA, 0x00, 0x02, 0x7F, 0xFE, 0x7F, 0xFE, 0x7F, 0xFE, 0x00, 0x00,
    0x00, 0x00, 0x1F, 0xF8, 0x20, 0x04, 0x2F, 0xF4, 0x2F, 0xF4, 0x2F, 0xF4, 0x2F, 0xF4, 0x2F, 0xF4,
    0x2F, 0xF4, 0x2F, 0xF4, 0x2F, 0xF4, 0x2F, 0xF4, 0x2F, 0xF4, 0x20, 0x04, 0x1F, 0xF8, 0x00, 0x00,
    0x00, 0x00, 0x1F, 0xF8, 0x20, 0x04, 0x2E, 0x04, 0x2A, 0x04, 0x2E, 0x04, 0x2A, 0x04, 0x2A, 0x04,
    0x20, 0xC4, 0x20, 0xC4, 0x23, 0x34, 0x23, 0x34, 0x20, 0xC4, 0x20, 0x04, 0x1F, 0xF8, 0x00, 0x00,
    0x00, 0x00, 0x1F, 0xF8, 0x20, 0x04, 0x2E, 0x04, 0x22, 0x04, 0x2E, 0x04, 0x28, 0x04, 0x2E, 0x04,
    0x20, 0xC4, 0x20, 0xC4, 0x23, 0x34, 0x23, 0x34, 0x20, 0xC4, 0x20, 0x04, 0x1F, 0xF8, 0x00, 0x00,
    0x00, 0x00, 0x1F, 0xF8, 0x20, 0x04, 0x2E, 0x04, 0x22, 0x04, 0x2E, 0x04, 0x22, 0x04, 0x2E, 0x04,
    0x20, 0xC4, 0x20, 0xC4, 0x23, 0x34, 0x23, 0x34, 0x20, 0xC4, 0x20, 0x04, 0x1F, 0xF8, 0x00, 0x00,
    0x00, 0x00, 0x1F, 0xF8, 0x20, 0x04, 0x2A, 0x04, 0x2A, 0x04, 0x2E, 0x04, 0x22, 0x04, 0x22, 0x04,
    0x20, 0xC4, 0x20, 0xC4, 0x23, 0x34, 0x23, 0x34, 0x20, 0xC4, 0x20, 0x04, 0x1F, 0xF8, 0x00, 0x00,
    0x00, 0x00, 0x1F, 0xF8, 0x20, 0x04, 0x2E, 0x04, 0x28, 0x04, 0x2E, 0x04, 0x22, 0x04, 0x2E, 0x04,
    0x20, 0xC4, 0x20, 0xC4, 0x23, 0x34, 0x23, 0x34, 0x20, 0xC4, 0x20, 0x04, 0x1F, 0xF8, 0x00, 0x00,
    0x00, 0x00, 0x1F, 0xF8, 0x20, 0x04, 0x2E, 0x04, 0x28, 0x04, 0x2E, 0x04, 0x2A, 0x04, 0x2E, 0x04,
    0x20, 0xC4, 0x20, 0xC4, 0x23, 0x34, 0x23, 0x34, 0x20, 0xC4, 0x20, 0x04, 0x1F, 0xF8, 0x00, 0x00,
    0x00, 0x00, 0x1F, 0xF8, 0x20, 0x04, 0x2E, 0x04, 0x22, 0x04, 0x22, 0x04, 0x22, 0x04, 0x22, 0x04,
    0x20, 0xC4, 0x20, 0xC4, 0x23, 0x34, 0x23, 0x34, 0x20, 0xC4, 0x20, 0x04, 0x1F, 0xF8, 0x00, 0x00,
    0x00, 0x00, 0x1F, 0xF8, 0x20, 0x04, 0x2E, 0x04, 0x2A, 0x04, 0x2E, 0x04, 0x2A, 0x04, 0x2E, 0x04,
    0x20, 0xC4, 0x20, 0xC4, 0x23, 0x34, 0x23, 0x34, 0x20, 0xC4, 0x20, 0x04, 0x1F, 0xF8, 0x00, 0x00,
    0x00, 0x00, 0x1F, 0xF8, 0x20, 0x04, 0x2E, 0x04, 0x2A, 0x04, 0x2E, 0x04, 0x22, 0x04, 0x22, 0x04,
    0x20, 0xC4, 0x20, 0xC4, 0x23, 0x34, 0x23, 0x34, 0x20, 0xC4, 0x20, 0x04, 0x1F, 0xF8, 0x00, 0x00,
    0x00, 0x00, 0x1F, 0xF8, 0x20, 0x04, 0x2B, 0x84, 0x2A, 0x84, 0x2A, 0x84, 0x2B, 0x84, 0x20, 0x04,
    0x20, 0xC4, 0x20, 0xC4, 0x23, 0x34, 0x23, 0x34, 0x20, 0xC4, 0x20, 0x04, 0x1F, 0xF8, 0x00, 0x00,
    0x00, 0x00, 0x1F, 0xF8, 0x20, 0x04, 0x2E, 0x04, 0x22, 0x04, 0x22, 0x04, 0x22, 0x04, 0x2C, 0x04,
    0x20, 0xC4, 0x20, 0xC4, 0x23, 0x34, 0x23, 0x34, 0x20, 0xC4, 0x20, 0x04, 0x1F, 0xF8, 0x00, 0x00,
    0x00, 0x00, 0x1F, 0xF8, 0x20, 0x04, 0x2E, 0x04, 0x2A, 0x04, 0x2A, 0x04, 0x2A, 0x04, 0x2E, 0x04,
    0x24, 0xC4, 0x20, 0xC4, 0x23, 0x34, 0x23, 0x34, 0x20, 0xC4, 0x20, 0x04, 0x1F, 0xF8, 0x00, 0x00,
    0x00, 0x00, 0x1F, 0xF8, 0x20, 0x04, 0x2A, 0x04, 0x2A, 0x04, 0x2C, 0x04, 0x2A, 0x04, 0x2A, 0x04,
    0x20, 0xC4, 0x20, 0xC4, 0x23, 0x34, 0x23, 0x34, 0x20, 0xC4, 0x20, 0x04, 0x1F, 0xF8, 0x00, 0x00,
    0x00, 0x00, 0x00, 0x00, 0x00, 0x60, 0x00, 0xE0, 0x00, 0x80, 0x0E, 0x70, 0x1F, 0xF8, 0x1F, 0x98,
    0x1F, 0x98, 0x1F, 0xF8, 0x1F, 0xF8, 0x0F, 0xF0, 0x0F, 0xF0, 0x06, 0x60, 0x00, 0x00, 0x00, 0x00,
    0x00, 0x00, 0x00, 0x70, 0x01, 0x98, 0x03, 0xD8, 0x03, 0xC0, 0x07, 0xE0, 0x07, 0x20, 0x0F, 0x30,
    0x1F, 0xF8, 0x1F, 0xF8, 0x1F, 0xF8, 0x1F, 0xF8, 0x1F, 0xF8, 0x0F, 0xF0, 0x03, 0xC0, 0x00, 0x00,
    0x00, 0x00, 0x00, 0x00, 0x00, 0x00, 0x07, 0xE0, 0x0F, 0xF0, 0x0C, 0x30, 0x0C, 0x30, 0x0D, 0xB0,
    0x0D, 0xB0, 0x0C, 0x30, 0x0C, 0x30, 0x0C, 0x30, 0x0C, 0x30, 0x00, 0x00, 0x00, 0x00, 0x00, 0x00,
    0x00, 0x00, 0x00, 0x00, 0x00, 0x00, 0x0F, 0xE0, 0x0F, 0xF0, 0x0C, 0x30, 0x0C, 0x30, 0x0D, 0xE0,
    0x0D, 0xE0, 0x0C, 0x30, 0x0C, 0x30, 0x0F, 0xF0, 0x0F, 0xE0, 0x00, 0x00, 0x00, 0x00, 0x00, 0x00,
    0x00, 0x00, 0x00, 0x00, 0x00, 0x00, 0x07, 0xE0, 0x0F, 0xF0, 0x0C, 0x30, 0x0C, 0x00, 0x0C, 0x00,
    0x0C, 0x00, 0x0C, 0x00, 0x0C, 0x30, 0x0F, 0xF0, 0x07, 0xE0, 0x00, 0x00, 0x00, 0x00, 0x00, 0x00,
    0x00, 0x00, 0x00, 0x00, 0x00, 0x00, 0x0F, 0xE0, 0x0F, 0xF0, 0x0C, 0x30, 0x0C, 0x30, 0x0C, 0x30,
    0x0C, 0x30, 0x0C, 0x30, 0x0C, 0x30, 0x0F, 0xF0, 0x0F, 0xE0, 0x00, 0x00, 0x00, 0x00, 0x00, 0x00,
    0x00, 0x00, 0x00, 0x00, 0x00, 0x00, 0x0F, 0xF0, 0x0F, 0xF0, 0x0C, 0x00, 0x0C, 0x00, 0x0D, 0xF0,
    0x0D, 0xF0, 0x0C, 0x00, 0x0C, 0x00, 0x0F, 0xF0, 0x0F, 0xF0, 0x00, 0x00, 0x00, 0x00, 0x00, 0x00,
    0x00, 0x00, 0x00, 0x00, 0x00, 0x00, 0x0F, 0xF0, 0x0F, 0xF0, 0x0C, 0x00, 0x0C, 0x00, 0x0D, 0xF0,
    0x0D, 0xF0, 0x0C, 0x00, 0x0C, 0x00, 0x0C, 0x00, 0x0C, 0x00, 0x00, 0x00, 0x00, 0x00, 0x00, 0x00,
    0x00, 0x00, 0x00, 0x00, 0x00, 0x00, 0x07, 0xE0, 0x0F, 0xF0, 0x0C, 0x30, 0x0C, 0x00, 0x0C, 0xF0,
    0x0C, 0xF0, 0x0C, 0x30, 0x0C, 0x30, 0x0F, 0xF0, 0x07, 0xE0, 0x00, 0x00, 0x00, 0x00, 0x00, 0x00,
    0x00, 0x00, 0x00, 0x00, 0x00, 0x00, 0x0C, 0x30, 0x0C, 0x30, 0x0C, 0x30, 0x0C, 0x30, 0x0D, 0xB0,
    0x0D, 0xB0, 0x0C, 0x30, 0x0C, 0x30, 0x0C, 0x30, 0x0C, 0x30, 0x00, 0x00, 0x00, 0x00, 0x00, 0x00,
    0x00, 0x00, 0x00, 0x00, 0x00, 0x00, 0x03, 0xC0, 0x03, 0xC0, 0x01, 0x80, 0x01, 0x80, 0x01, 0x80,
    0x01, 0x80, 0x01, 0x80, 0x01, 0x80, 0x03, 0xC0, 0x03, 0xC0, 0x00, 0x00, 0x00, 0x00, 0x00, 0x00,
    0x00, 0x00, 0x00, 0x00, 0x00, 0x00, 0x00, 0xF0, 0x00, 0xF0, 0x00, 0x30, 0x00, 0x30, 0x00, 0x30,
    0x00, 0x30, 0x00, 0x30, 0x0C, 0x30, 0x0F, 0xF0, 0x07, 0xE0, 0x00, 0x00, 0x00, 0x00, 0x00, 0x00,
    0x00, 0x00, 0x00, 0x00, 0x00, 0x00, 0x0C, 0x30, 0x0C, 0x70, 0x0C, 0xE0, 0x0D, 0xC0, 0x0F, 0x80,
    0x0F, 0x80, 0x0D, 0xC0, 0x0C, 0xE0, 0x0C, 0x70, 0x0C, 0x30, 0x00, 0x00, 0x00, 0x00, 0x00, 0x00,
    0x00, 0x00, 0x00, 0x00, 0x00, 0x00, 0x0C, 0x00, 0x0C, 0x00, 0x0C, 0x00, 0x0C, 0x00, 0x0C, 0x00,
    0x0C, 0x00, 0x0C, 0x00, 0x0C, 0x00, 0x0F, 0xF0, 0x0F, 0xF0, 0x00, 0x00, 0x00, 0x00, 0x00, 0x00,
    0x00, 0x00, 0x00, 0x00, 0x00, 0x00, 0x18, 0x18, 0x1C, 0x38, 0x1E, 0x78, 0x1F, 0xF8, 0x1B, 0xD8,
    0x19, 0x98, 0x18, 0x18, 0x18, 0x18, 0x18, 0x18, 0x18, 0x18, 0x00, 0x00, 0x00, 0x00, 0x00, 0x00,
    0x7F, 0xFE, 0x80, 0x01, 0xBF, 0xFD, 0xA0, 0x05, 0xA0, 0x05, 0xA0, 0x05, 0xA0, 0x05, 0xA0, 0x05,
    0xA0, 0x05, 0xA0, 0x05, 0xA0, 0x05, 0xA0, 0x05, 0xA0, 0x05, 0xBF, 0xFD, 0x80, 0x01, 0x7F, 0xFE,
    0x00, 0x00, 0x01, 0x80, 0x02, 0xC0, 0x04, 0xE0, 0x08, 0xF0, 0x10, 0xF8, 0x20, 0xBC, 0x40, 0xD6,
    0x40, 0x7A, 0x41, 0xBE, 0x43, 0xDE, 0x47, 0xEE, 0x4E, 0x76, 0x3E, 0x7C, 0x3E, 0x7C, 0x00, 0x00,
    0x00, 0x00, 0x01, 0x80, 0x06, 0xE0, 0x18, 0xF8, 0x20, 0xDC, 0x40, 0xFE, 0x40, 0xF6, 0x41, 0xFE,
    0x46, 0x7E, 0x59, 0x9E, 0x67, 0xE6, 0x5F, 0xFA, 0x36, 0x6C, 0x36, 0x6C, 0x3E, 0x7C, 0x00, 0x00,
    0x00, 0x00, 0x11, 0x88, 0x1F, 0xF8, 0x08, 0x10, 0x11, 0x88, 0x1F, 0xF8, 0x11, 0x88, 0x0C, 0x30,
    0x0F, 0xF0, 0x0B, 0xD0, 0x0B, 0xD0, 0x1F, 0xF8, 0x0E, 0x70, 0x12, 0x48, 0x0E, 0x70, 0x00, 0x00,
    0x00, 0x00, 0x39, 0x9C, 0x3F, 0xFC, 0x20, 0x04, 0x2F, 0xF4, 0x20, 0x04, 0x39, 0x9C, 0x3F, 0xFC,
    0x00, 0x00, 0x1F, 0xF8, 0x0F, 0xF0, 0x1E, 0x78, 0x1E, 0x78, 0x0E, 0x70, 0x1E, 0x78, 0x00, 0x00,
    0x00, 0x00, 0x19, 0x98, 0x3F, 0xFC, 0x20, 0x04, 0x2F, 0xF4, 0x20, 0x04, 0x39, 0x9C, 0x1F, 0xF8,
    0x20, 0x04, 0x1F, 0xF8, 0x2E, 0x74, 0x1F, 0xF8, 0x2E, 0x74, 0x1E, 0x78, 0x2E, 0x74, 0x00, 0x00,
    0x00, 0x00, 0x10, 0x08, 0x38, 0x1C, 0x45, 0xA2, 0x39, 0x9C, 0x2B, 0xD4, 0x3B, 0xDC, 0x28, 0x14,
    0x10, 0x08, 0x38, 0x1C, 0x44, 0x22, 0x38, 0x1C, 0x2B, 0xD4, 0x3A, 0x5C, 0x3A, 0x5C, 0x00, 0x00,
    0x00, 0x00, 0x78, 0x1E, 0x4A, 0x52, 0x7B, 0xDE, 0x07, 0xE0, 0x37, 0xEC, 0x30, 0x0C, 0x00, 0x00,
    0x78, 0x1E, 0x48, 0x12, 0x7A, 0x5E, 0x07, 0xE0, 0x37, 0xEC, 0x36, 0x6C, 0x36, 0x6C, 0x00, 0x00,
    0x00, 0x00, 0x00, 0x00, 0x66, 0x66, 0x7F, 0xFE, 0x40, 0x02, 0x40, 0x02, 0x66, 0x66, 0x7F, 0xFE,
    0x00, 0x00, 0x5F, 0xFA, 0x3B, 0xDC, 0x5B, 0xDA, 0x3B, 0xDC, 0x5F, 0xFA, 0x00, 0x00, 0x00, 0x00,
    0x00, 0x00, 0x00, 0x00, 0x1F, 0xF8, 0x20, 0x04, 0x2F, 0xF4, 0x2F, 0xF4, 0x2F, 0xF4, 0x2F, 0xF4,
    0x1F, 0xF8, 0x20, 0x04, 0x3F, 0xFC, 0x32, 0x4C, 0x32, 0x4C, 0x1E, 0x78, 0x00, 0x00, 0x00, 0x00,
    0x00, 0x00, 0x03, 0xC0, 0x06, 0x60, 0x0C, 0x30, 0x08, 0x10, 0x1B, 0xD8, 0x10, 0x08, 0x10, 0x08,
    0x17, 0xE8, 0x17, 0xE8, 0x10, 0x08, 0x18, 0x18, 0x0F, 0xF0, 0x0D, 0xB0, 0x07, 0xE0, 0x00, 0x00,
    0x00, 0x00, 0x0F, 0xF0, 0x18, 0x18, 0x10, 0x08, 0x17, 0xE8, 0x17, 0xE8, 0x10, 0x08, 0x10, 0x08,
    0x1B, 0xD8, 0x18, 0x18, 0x0C, 0x30, 0x0E, 0x70, 0x07, 0xE0, 0x03, 0xC0, 0x01, 0x80, 0x00, 0x00,
    0x00, 0x00, 0x00, 0x00, 0x00, 0x00, 0x3F, 0xE0, 0x60, 0x38, 0x46, 0x0C, 0x46, 0x26, 0x46, 0x26,
    0x46, 0x0E, 0x60, 0x3C, 0x7F, 0xF8, 0x37, 0xB0, 0x1F, 0xE0, 0x00, 0x00, 0x00, 0x00, 0x00, 0x00,
    0x00, 0x00, 0x00, 0x00, 0x00, 0x00, 0x00, 0x00, 0x00, 0x00, 0x00, 0x00, 0x07, 0xBC, 0x7F, 0xFF,
    0x7F, 0xFF, 0x60, 0x00, 0x60, 0x00, 0x67, 0xBC, 0x78, 0x43, 0x7B, 0x5B, 0x03, 0x18, 0x00, 0x00,
    0x00, 0x00, 0x00, 0x00, 0x0E, 0x00, 0x0B, 0xE0, 0x0B, 0xF0, 0x0B, 0xEE, 0x0F, 0xEE, 0xFA, 0x2E,
    0xFA, 0xAE, 0x0A, 0xBE, 0x0A, 0x02, 0x0A, 0x3C, 0xFE, 0x42, 0xFF, 0xDA, 0x00, 0x18, 0x00, 0x00,
    0x00, 0x00, 0x00, 0x00, 0x00, 0x00, 0x07, 0xE0, 0x08, 0x10, 0x08, 0x50, 0x0A, 0x10, 0x38, 0x1C,
    0x77, 0xEE, 0x78, 0x1E, 0x3F, 0xFC, 0x4F, 0xF2, 0x30, 0x0C, 0x0F, 0xF0, 0x00, 0x00, 0x00, 0x00,
    0x00, 0x00, 0x00, 0x00, 0x00, 0x00, 0x78, 0x1E, 0x58, 0x1A, 0x6D, 0xB6, 0x5A, 0x5A, 0x6B, 0xD6,
    0x5B, 0xDA, 0x6B, 0xD6, 0x7C, 0x3E, 0x00, 0x00, 0x78, 0x1E, 0x00, 0x00, 0x00, 0x00, 0x00, 0x00,
    0x00, 0x00, 0x03, 0xFE, 0x0C, 0x00, 0x10, 0x00, 0x21, 0xFE, 0x27, 0xFE, 0x4F, 0xFE, 0x4E, 0x00,
    0x48, 0x00, 0x48, 0x00, 0x48, 0x00, 0x48, 0x00, 0x48, 0x00, 0x48, 0x00, 0x48, 0x00, 0x00, 0x00,
    0x00, 0x00, 0x7F, 0xFE, 0x00, 0x00, 0x00, 0x00, 0x7F, 0xFE, 0x7F, 0xFE, 0x7F, 0xFE, 0x00, 0x00,
    0x00, 0x00, 0x00, 0x00, 0x00, 0x00, 0x00, 0x00, 0x00, 0x00, 0x00, 0x00, 0x00, 0x00, 0x00, 0x00,
    0x00, 0x00, 0x7F, 0xC0, 0x00, 0x30, 0x00, 0x08, 0x7F, 0x84, 0x7F, 0xE4, 0x7F, 0xF2, 0x00, 0x72,
    0x00, 0x12, 0x00, 0x12, 0x00, 0x12, 0x00, 0x12, 0x00, 0x12, 0x00, 0x12, 0x00, 0x12, 0x00, 0x00,
    0x00, 0x00, 0x1F, 0xF8, 0x20, 0x04, 0x20, 0x04, 0x21, 0x84, 0x23, 0xC4, 0x27, 0xE4, 0x2F, 0xF4,
    0x2F, 0xF4, 0x2F, 0xF4, 0x26, 0x64, 0x21, 0x84, 0x20, 0x04, 0x20, 0x04, 0x1F, 0xF8, 0x00, 0x00,
    0x00, 0x00, 0x1F, 0xF8, 0x20, 0x04, 0x2E, 0x04, 0x2A, 0x04, 0x2E, 0x04, 0x2A, 0x04, 0x2A, 0x04,
    0x20, 0x44, 0x20, 0xE4, 0x21, 0xF4, 0x21, 0xF4, 0x20, 0x44, 0x20, 0x04, 0x1F, 0xF8, 0x00, 0x00,
    0x00, 0x00, 0x1F, 0xF8, 0x20, 0x04, 0x2E, 0x04, 0x22, 0x04, 0x2E, 0x04, 0x28, 0x04, 0x2E, 0x04,
    0x20, 0x44, 0x20, 0xE4, 0x21, 0xF4, 0x21, 0xF4, 0x20, 0x44, 0x20, 0x04, 0x1F, 0xF8, 0x00, 0x00,
    0x00, 0x00, 0x1F, 0xF8, 0x20, 0x04, 0x2E, 0x04, 0x22, 0x04, 0x2E, 0x04, 0x22, 0x04, 0x2E, 0x04,
    0x20, 0x44, 0x20, 0xE4, 0x21, 0xF4, 0x21, 0xF4, 0x20, 0x44, 0x20, 0x04, 0x1F, 0xF8, 0x00, 0x00,
    0x00, 0x00, 0x1F, 0xF8, 0x20, 0x04, 0x2A, 0x04, 0x2A, 0x04, 0x2E, 0x04, 0x22, 0x04, 0x22, 0x04,
    0x20, 0x44, 0x20, 0xE4, 0x21, 0xF4, 0x21, 0xF4, 0x20, 0x44, 0x20, 0x04, 0x1F, 0xF8, 0x00, 0x00,
    0x00, 0x00, 0x1F, 0xF8, 0x20, 0x04, 0x2E, 0x04, 0x28, 0x04, 0x2E, 0x04, 0x22, 0x04, 0x2E, 0x04,
    0x20, 0x44, 0x20, 0xE4, 0x21, 0xF4, 0x21, 0xF4, 0x20, 0x44, 0x20, 0x04, 0x1F, 0xF8, 0x00, 0x00,
    0x00, 0x00, 0x1F, 0xF8, 0x20, 0x04, 0x2E, 0x04, 0x28, 0x04, 0x2E, 0x04, 0x2A, 0x04, 0x2E, 0x04,
    0x20, 0x44, 0x20, 0xE4, 0x21, 0xF4, 0x21, 0xF4, 0x20, 0x44, 0x20, 0x04, 0x1F, 0xF8, 0x00, 0x00,
    0x00, 0x00, 0x1F, 0xF8, 0x20, 0x04, 0x2E, 0x04, 0x22, 0x04, 0x22, 0x04, 0x22, 0x04, 0x22, 0x04,
    0x20, 0x44, 0x20, 0xE4, 0x21, 0xF4, 0x21, 0xF4, 0x20, 0x44, 0x20, 0x04, 0x1F, 0xF8, 0x00, 0x00,
    0x00, 0x00, 0x1F, 0xF8, 0x20, 0x04, 0x2E, 0x04, 0x2A, 0x04, 0x2E, 0x04, 0x2A, 0x04, 0x2E, 0x04,
    0x20, 0x44, 0x20, 0xE4, 0x21, 0xF4, 0x21, 0xF4, 0x20, 0x44, 0x20, 0x04, 0x1F, 0xF8, 0x00, 0x00,
    0x00, 0x00, 0x1F, 0xF8, 0x20, 0x04, 0x2E, 0x04, 0x2A, 0x04, 0x2E, 0x04, 0x22, 0x04, 0x22, 0x04,
    0x20, 0x44, 0x20, 0xE4, 0x21, 0xF4, 0x21, 0xF4, 0x20, 0x44, 0x20, 0x04, 0x1F, 0xF8, 0x00, 0x00,
    0x00, 0x00, 0x1F, 0xF8, 0x20, 0x04, 0x2B, 0x84, 0x2A, 0x84, 0x2A, 0x84, 0x2B, 0x84, 0x20, 0x04,
    0x20, 0x44, 0x20, 0xE4, 0x21, 0xF4, 0x21, 0xF4, 0x20, 0x44, 0x20, 0x04, 0x1F, 0xF8, 0x00, 0x00,
    0x00, 0x00, 0x1F, 0xF8, 0x20, 0x04, 0x2E, 0x04, 0x22, 0x04, 0x22, 0x04, 0x22, 0x04, 0x2C, 0x04,
    0x20, 0x44, 0x20, 0xE4, 0x21, 0xF4, 0x21, 0xF4, 0x20, 0x44, 0x20, 0x04, 0x1F, 0xF8, 0x00, 0x00,
    0x00, 0x00, 0x1F, 0xF8, 0x20, 0x04, 0x2E, 0x04, 0x2A, 0x04, 0x2A, 0x04, 0x2A, 0x04, 0x2E, 0x04,
    0x24, 0x44, 0x20, 0xE4, 0x21, 0xF4, 0x21, 0xF4, 0x20, 0x44, 0x20, 0x04, 0x1F, 0xF8, 0x00, 0x00,
    0x00, 0x00, 0x1F, 0xF8, 0x20, 0x04, 0x2A, 0x04, 0x2A, 0x04, 0x2C, 0x04, 0x2A, 0x04, 0x2A, 0x04,
    0x20, 0x44, 0x20, 0xE4, 0x21, 0xF4, 0x21, 0xF4, 0x20, 0x44, 0x20, 0x04, 0x1F, 0xF8, 0x00, 0x00,
    0x00, 0x00, 0x01, 0x80, 0x02, 0x40, 0x03, 0xC0, 0x00, 0x00, 0x01, 0x80, 0x01, 0x80, 0x07, 0xE0,
    0x0F, 0xF0, 0x0F, 0xF0, 0x08, 0x10, 0x08, 0x10, 0x08, 0x10, 0x0F, 0xF0, 0x07, 0xE0, 0x00, 0x00,
    0x00, 0x00, 0x00, 0x00, 0x00, 0x7C, 0x1F, 0x82, 0x20, 0x7A, 0x5F, 0xCA, 0x5F, 0xCA, 0x5F, 0xFA,
    0x5F, 0xE6, 0x60, 0x1E, 0x7F, 0xFC, 0x3F, 0xF8, 0x1F, 0xE0, 0x00, 0x00, 0x00, 0x00, 0x00, 0x00,
    0x00, 0x00, 0x00, 0x00, 0x00, 0x00, 0x0F, 0xE0, 0x0F, 0xF0, 0x0C, 0x30, 0x0C, 0x30, 0x0C, 0x30,
    0x0C, 0x30, 0x0C, 0x30, 0x0C, 0x30, 0x0C, 0x30, 0x0C, 0x30, 0x00, 0x00, 0x00, 0x00, 0x00, 0x00,
    0x00, 0x00, 0x00, 0x00, 0x00, 0x00, 0x07, 0xE0, 0x0F, 0xF0, 0x0C, 0x30, 0x0C, 0x30, 0x0C, 0x30,
    0x0C, 0x30, 0x0C, 0x30, 0x0C, 0x30, 0x0F, 0xF0, 0x07, 0xE0, 0x00, 0x00, 0x00, 0x00, 0x00, 0x00,
    0x00, 0x00, 0x00, 0x00, 0x00, 0x00, 0x0F, 0xE0, 0x0F, 0xF0, 0x0C, 0x30, 0x0C, 0x30, 0x0D, 0xF0,
    0x0D, 0xE0, 0x0C, 0x00, 0x0C, 0x00, 0x0C, 0x00, 0x0C, 0x00, 0x00, 0x00, 0x00, 0x00, 0x00, 0x00,
    0x00, 0x00, 0x00, 0x00, 0x00, 0x00, 0x07, 0xE0, 0x0F, 0xF0, 0x0C, 0x30, 0x0C, 0x30, 0x0C, 0x30,
    0x0C, 0x30, 0x0C, 0xB0, 0x0C, 0x70, 0x0F, 0xF0, 0x07, 0xE0, 0x00, 0x00, 0x00, 0x00, 0x00, 0x00,
    0x00, 0x00, 0x00, 0x00, 0x00, 0x00, 0x0F, 0xE0, 0x0F, 0xF0, 0x0C, 0x30, 0x0C, 0x30, 0x0F, 0xF0,
    0x0F, 0xE0, 0x0D, 0xC0, 0x0C, 0xE0, 0x0C, 0x70, 0x0C, 0x30, 0x00, 0x00, 0x00, 0x00, 0x00, 0x00,
    0x00, 0x00, 0x00, 0x00, 0x00, 0x00, 0x07, 0xE0, 0x0F, 0xF0, 0x0C, 0x30, 0x0C, 0x00, 0x0F, 0xE0,
    0x07, 0xF0, 0x00, 0x30, 0x0C, 0x30, 0x0F, 0xF0, 0x07, 0xE0, 0x00, 0x00, 0x00, 0x00, 0x00, 0x00,
    0x00, 0x00, 0x00, 0x00, 0x00, 0x00, 0x0F, 0xF0, 0x0F, 0xF0, 0x00, 0x00, 0x01, 0x80, 0x01, 0x80,
    0x01, 0x80, 0x01, 0x80, 0x01, 0x80, 0x01, 0x80, 0x01, 0x80, 0x00, 0x00, 0x00, 0x00, 0x00, 0x00,
    0x00, 0x00, 0x00, 0x00, 0x00, 0x00, 0x0C, 0x30, 0x0C, 0x30, 0x0C, 0x30, 0x0C, 0x30, 0x0C, 0x30,
    0x0C, 0x30, 0x0C, 0x30, 0x0C, 0x30, 0x0F, 0xF0, 0x07, 0xE0, 0x00, 0x00, 0x00, 0x00, 0x00, 0x00,
    0x00, 0x00, 0x00, 0x00, 0x00, 0x00, 0x0C, 0x30, 0x0C, 0x30, 0x0C, 0x30, 0x0C, 0x30, 0x0C, 0x30,
    0x0C, 0x30, 0x0E, 0x70, 0x07, 0xE0, 0x03, 0xC0, 0x01, 0x80, 0x00, 0x00, 0x00, 0x00, 0x00, 0x00,
    0x00, 0x00, 0x00, 0x00, 0x00, 0x00, 0x18, 0x18, 0x18, 0x18, 0x18, 0x18, 0x18, 0x18, 0x19, 0x98,
    0x1B, 0xD8, 0x1F, 0xF8, 0x1E, 0x78, 0x1C, 0x38, 0x18, 0x18, 0x00, 0x00, 0x00, 0x00, 0x00, 0x00,
    0x00, 0x00, 0x00, 0x00, 0x00, 0x00, 0x0C, 0x30, 0x0C, 0x30, 0x0E, 0x70, 0x07, 0xE0, 0x03, 0xC0,
    0x03, 0xC0, 0x07, 0xE0, 0x0E, 0x70, 0x0C, 0x30, 0x0C, 0x30, 0x00, 0x00, 0x00, 0x00, 0x00, 0x00,
    0x00, 0x00, 0x00, 0x00, 0x00, 0x00, 0x0C, 0x30, 0x0C, 0x30, 0x0E, 0x70, 0x07, 0xE0, 0x03, 0xC0,
    0x01, 0x80, 0x01, 0x80, 0x01, 0x80, 0x01, 0x80, 0x01, 0x80, 0x00, 0x00, 0x00, 0x00, 0x00, 0x00,
    0x00, 0x00, 0x00, 0x00, 0x00, 0x00, 0x0F, 0xF0, 0x0F, 0xF0, 0x00, 0x70, 0x00, 0xE0, 0x01, 0xC0,
    0x03, 0x80, 0x07, 0x00, 0x0E, 0x00, 0x0F, 0xF0, 0x0F, 0xF0, 0x00, 0x00, 0x00, 0x00, 0x00, 0x00,
    0x7B, 0xDE, 0xA3, 0xC5, 0xE0, 0x07, 0x8F, 0xF1, 0x90, 0x09, 0x10, 0x08, 0xD0, 0x0B, 0xD0, 0x0B,
    0xD0, 0x0B, 0xD0, 0x0B, 0x10, 0x08, 0x90, 0x09, 0x8F, 0xF1, 0xE0, 0x07, 0xA3, 0xC5, 0x7B, 0xDE,
    0x00, 0x00, 0x07, 0xE0, 0x0D, 0x50, 0x12, 0xB8, 0x25, 0x5C, 0x42, 0xBE, 0x45, 0x5E, 0x42, 0xBE,
    0x4F, 0xFE, 0x50, 0x0E, 0x6F, 0xF6, 0x5F, 0xFA, 0x3E, 0x7C, 0x02, 0x40, 0x3E, 0x7C, 0x00, 0x00,
    0x00, 0x00, 0x01, 0x80, 0x02, 0xC0, 0x04, 0xE0, 0x08, 0xF0, 0x11, 0xD8, 0x22, 0x7C, 0x45, 0xB6,
    0x4B, 0xDA, 0x56, 0x6E, 0x6E, 0x76, 0x1F, 0xF8, 0x3E, 0x7C, 0x1E, 0x78, 0x3E, 0x7C, 0x00, 0x00,
    0x00, 0x00, 0x01, 0x80, 0x02, 0x40, 0x06, 0x60, 0x0C, 0x30, 0x1C, 0x38, 0x38, 0x1C, 0x78, 0x1E,
    0x70, 0x0E, 0x70, 0x0E, 0x60, 0x06, 0x63, 0xC6, 0x42, 0x42, 0x42, 0x42, 0x7E, 0x7E, 0x00, 0x00,
    0x00, 0x00, 0x01, 0x80, 0x02, 0xC0, 0x04, 0xE0, 0x15, 0xE8, 0x36, 0x6C, 0x75, 0xAE, 0x75, 0xAE,
    0x74, 0x2E, 0x64, 0x26, 0x44, 0x22, 0x55, 0xAA, 0x45, 0xA2, 0x75, 0xAE, 0x07, 0xE0, 0x00, 0x00,
    0x00, 0x00, 0x01, 0x80, 0x06, 0xE0, 0x18, 0xF8, 0x60, 0xF6, 0x40, 0xF6, 0x40, 0x7E, 0x41, 0x9E,
    0x46, 0x66, 0x59, 0x9A, 0x67, 0xE6, 0x0E, 0x70, 0x2E, 0x74, 0x2E, 0x74, 0x20, 0x04, 0x00, 0x00,
    0x00, 0x00, 0x01, 0x80, 0x07, 0xE0, 0x1F, 0xF8, 0x7F, 0xFE, 0x70, 0x0E, 0x77, 0xEE, 0x07, 0xE0,
    0x7F, 0xFE, 0x00, 0x00, 0x2F, 0xF4, 0x2A, 0x54, 0x2E, 0x74, 0x00, 0x00, 0x3F, 0xFC, 0x00, 0x00,
    0x00, 0x00, 0x01, 0x80, 0x02, 0xC0, 0x04, 0xE0, 0x08, 0xF0, 0x10, 0xF8, 0x20, 0xFC, 0x40, 0x7E,
    0x41, 0xBE, 0x42, 0x5E, 0x45, 0xAE, 0x4B, 0xD6, 0x56, 0x6A, 0x6E, 0x76, 0x5E, 0x7A, 0x00, 0x00,
    0x00, 0x00, 0x01, 0x80, 0x02, 0xC0, 0x02, 0xC0, 0x04, 0xE0, 0x08, 0xF0, 0x30, 0xFC, 0x40, 0xFE,
    0x40, 0x7E, 0x41, 0xBE, 0x42, 0x5E, 0x44, 0x2E, 0x4A, 0x56, 0x52, 0x4A, 0x62, 0x46, 0x00, 0x00,
    0x00, 0x00, 0x01, 0x80, 0x01, 0x80, 0x06, 0xE0, 0x58, 0xFA, 0x60, 0xFE, 0x40, 0xFE, 0x40, 0x7E,
    0x41, 0x9E, 0x46, 0x66, 0x59, 0x9A, 0x67, 0xE6, 0x1F, 0xF8, 0x32, 0x4C, 0x32, 0x4C, 0x00, 0x00,
    0x00, 0x00, 0x1F, 0xF8, 0x1E, 0x78, 0x2E, 0x74, 0x2E, 0x74, 0x28, 0x14, 0x2B, 0xD4, 0x2B, 0xD4,
    0x2B, 0xD4, 0x28, 0x14, 0x28, 0x14, 0x27, 0xE4, 0x10, 0x08, 0x1F, 0xF8, 0x0C, 0x30, 0x00, 0x00,
    0x00, 0x00, 0x1F, 0xF8, 0x18, 0x18, 0x2B, 0xD4, 0x2B, 0xD4, 0x2B, 0xD4, 0x28, 0x14, 0x28, 0x14,
    0x2E, 0x74, 0x2E, 0x74, 0x2E, 0x74, 0x23, 0xC4, 0x10, 0x08, 0x1F, 0xF8, 0x0C, 0x30, 0x00, 0x00,
    0x00, 0x00, 0x07, 0xE0, 0x04, 0x3E, 0x74, 0x3E, 0x57, 0xE0, 0x70, 0x0E, 0x50, 0x0E, 0x7F, 0xFE,
    0x40, 0x02, 0x3F, 0xFC, 0x40, 0x02, 0x59, 0x9A, 0x59, 0x9A, 0x40, 0x02, 0x3F, 0xFC, 0x00, 0x00,
    0x00, 0x00, 0x3F, 0xFF, 0x7F, 0xFF, 0x7F, 0xFF, 0x7F, 0xFF, 0x7F, 0xFF, 0x60, 0x00, 0x40, 0x00,
    0x40, 0x00, 0x40, 0x00, 0x40, 0x00, 0x47, 0xBC, 0x48, 0x42, 0x7B, 0x5B, 0x03, 0x18, 0x00, 0x00,
    0x00, 0x00, 0xFF, 0x00, 0xFF, 0x00, 0xFF, 0xE0, 0xFF, 0xF0, 0xFF, 0xEE, 0x03, 0xEE, 0x02, 0x2E,
    0x02, 0xAE, 0x02, 0xBE, 0x02, 0x02, 0x02, 0x3C, 0x02, 0x42, 0xFF, 0xDA, 0x38, 0x18, 0x00, 0x00,
    0x00, 0x00, 0x00, 0x00, 0x00, 0x00, 0x03, 0xC0, 0x04, 0x20, 0x08, 0x50, 0x08, 0x10, 0x3A, 0x1C,
    0x7C, 0x3E, 0x5F, 0xFA, 0x7B, 0xDE, 0x3F, 0xFC, 0x0F, 0xF0, 0x00, 0x00, 0x00, 0x00, 0x00, 0x00,
    0x00, 0x00, 0x01, 0x80, 0x01, 0x80, 0x03, 0xC0, 0x03, 0xC0, 0x07, 0xE0, 0x07, 0xE0, 0x0F, 0xF0,
    0x0F, 0xF0, 0x07, 0xE0, 0x08, 0x10, 0x07, 0xE0, 0x0B, 0xD0, 0x07, 0xE0, 0x0B, 0xD0, 0x00, 0x00,
    0x00, 0x00, 0x48, 0x00, 0x48, 0x00, 0x48, 0x00, 0x48, 0x00, 0x48, 0x00, 0x48, 0x00, 0x48, 0x00,
    0x48, 0x00, 0x48, 0x00, 0x48, 0x00, 0x48, 0x00, 0x48, 0x00, 0x48, 0x00, 0x48, 0x00, 0x00, 0x00,
    0x00, 0x00, 0x3F, 0xFC, 0x60, 0x06, 0x4F, 0xF2, 0x5F, 0xFA, 0x50, 0x0A, 0x50, 0x0A, 0x50, 0x0A,
    0x50, 0x0A, 0x50, 0x0A, 0x50, 0x0A, 0x4F, 0xF2, 0x60, 0x06, 0x7F, 0xFE, 0x3F, 0xFC, 0x00, 0x00,
    0x00, 0x00, 0x00, 0x12, 0x00, 0x12, 0x00, 0x12, 0x00, 0x12, 0x00, 0x12, 0x00, 0x12, 0x00, 0x12,
    0x00, 0x12, 0x00, 0x12, 0x00, 0x12, 0x00, 0x12, 0x00, 0x12, 0x00, 0x12, 0x00, 0x12, 0x00, 0x00,
    0x00, 0x00, 0x00, 0x00, 0x00, 0x00, 0x03, 0x00, 0x07, 0x80, 0x0F, 0xC0, 0x0F, 0xC0, 0x03, 0x00,
    0x03, 0x00, 0x03, 0x00, 0x03, 0x00, 0x03, 0xF0, 0x01, 0xF0, 0x00, 0x00, 0x00, 0x00, 0x00, 0x00,
    0x00, 0x00, 0x00, 0x00, 0x00, 0x00, 0x00, 0x00, 0x00, 0x60, 0x00, 0x70, 0x0F, 0xF8, 0x1F, 0xF8,
    0x18, 0x70, 0x18, 0x60, 0x18, 0x00, 0x18, 0x00, 0x00, 0x00, 0x00, 0x00, 0x00, 0x00, 0x00, 0x00,
    0x00, 0x00, 0x00, 0x00, 0x00, 0x00, 0x0F, 0x80, 0x0F, 0xC0, 0x00, 0xC0, 0x00, 0xC0, 0x00, 0xC0,
    0x00, 0xC0, 0x03, 0xF0, 0x03, 0xF0, 0x01, 0xE0, 0x00, 0xC0, 0x00, 0x00, 0x00, 0x00, 0x00, 0x00,
    0x00, 0x00, 0x00, 0x00, 0x00, 0x00, 0x00, 0x00, 0x00, 0x18, 0x00, 0x18, 0x06, 0x18, 0x0E, 0x18,
    0x1F, 0xF8, 0x1F, 0xF0, 0x0E, 0x00, 0x06, 0x00, 0x00, 0x00, 0x00, 0x00, 0x00, 0x00, 0x00, 0x00,
    0x00, 0x00, 0x00, 0x00, 0x00, 0x00, 0x00, 0x00, 0x01, 0x80, 0x03, 0xC0, 0x07, 0xE0, 0x0F, 0xF0,
    0x1F, 0xF8, 0x3E, 0x7C, 0x1C, 0x38, 0x08, 0x10, 0x00, 0x00, 0x00, 0x00, 0x00, 0x00, 0x00, 0x00,
    0x00, 0x00, 0x00, 0x00, 0x02, 0x00, 0x07, 0x00, 0x0F, 0x80, 0x07, 0xC0, 0x03, 0xE0, 0x01, 0xF0,
    0x01, 0xF0, 0x03, 0xE0, 0x07, 0xC0, 0x0F, 0x80, 0x07, 0x00, 0x02, 0x00, 0x00, 0x00, 0x00, 0x00,
    0x00, 0x00, 0x00, 0x00, 0x00, 0x00, 0x00, 0x00, 0x08, 0x10, 0x1C, 0x38, 0x3E, 0x7C, 0x1F, 0xF8,
    0x0F, 0xF0, 0x07, 0xE0, 0x03, 0xC0, 0x01, 0x80, 0x00, 0x00, 0x00, 0x00, 0x00, 0x00, 0x00, 0x00,
    0x00, 0x00, 0x00, 0x00, 0x00, 0x40, 0x00, 0xE0, 0x01, 0xF0, 0x03, 0xE0, 0x07, 0xC0, 0x0F, 0x80,
    0x0F, 0x80, 0x07, 0xC0, 0x03, 0xE0, 0x01, 0xF0, 0x00, 0xE0, 0x00, 0x40, 0x00, 0x00, 0x00, 0x00,
    0x00, 0x00, 0x00, 0x00, 0x00, 0x00, 0x00, 0x00, 0x00, 0x00, 0x03, 0xC0, 0x06, 0x60, 0x04, 0x20,
    0x04, 0x20, 0x06, 0x60, 0x03, 0xC0, 0x00, 0x00, 0x00, 0x00, 0x00, 0x00, 0x00, 0x00, 0x00, 0x00,
    0x00, 0x00, 0x00, 0x00, 0x01, 0x80, 0x02, 0x40, 0x04, 0x20, 0x08, 0x10, 0x10, 0x08, 0x10, 0x08,
    0x1C, 0x38, 0x04, 0x20, 0x04, 0x20, 0x04, 0x20, 0x04, 0x20, 0x07, 0xE0, 0x00, 0x00, 0x00, 0x00,
    0x00, 0x00, 0x00, 0x00, 0x00, 0x00, 0x01, 0xC0, 0x01, 0x20, 0x3F, 0x10, 0x20, 0x08, 0x20, 0x04,
    0x20, 0x04, 0x20, 0x08, 0x3F, 0x10, 0x01, 0x20, 0x01, 0xC0, 0x00, 0x00, 0x00, 0x00, 0x00, 0x00,
    0x00, 0x00, 0x00, 0x00, 0x07, 0xE0, 0x04, 0x20, 0x04, 0x20, 0x04, 0x20, 0x04, 0x20, 0x1C, 0x38,
    0x10, 0x08, 0x10, 0x08, 0x08, 0x10, 0x04, 0x20, 0x02, 0x40, 0x01, 0x80, 0x00, 0x00, 0x00, 0x00,
    0x00, 0x00, 0x00, 0x00, 0x00, 0x00, 0x03, 0x80, 0x04, 0x80, 0x08, 0xFC, 0x10, 0x04, 0x20, 0x04,
    0x20, 0x04, 0x10, 0x04, 0x08, 0xFC, 0x04, 0x80, 0x03, 0x80, 0x00, 0x00, 0x00, 0x00, 0x00, 0x00,
    0x00, 0x00, 0x00, 0x00, 0x07, 0x80, 0x0F, 0x80, 0x12, 0x40, 0x17, 0xE0, 0x23, 0xC0, 0x28, 0x10,
    0x2F, 0xF0, 0x0D, 0x50, 0x0A, 0xB0, 0x0D, 0x70, 0x07, 0xE0, 0x03, 0xC0, 0x00, 0x00, 0x00, 0x00,
    0x00, 0x00, 0x00, 0x00, 0x00, 0x0C, 0x00, 0x1C, 0x00, 0xB8, 0x00, 0x70, 0x00, 0xE8, 0x19, 0xC0,
    0x3B, 0xB0, 0x27, 0x38, 0x0E, 0x08, 0x1D, 0x00, 0x38, 0x00, 0x10, 0x00, 0x00, 0x00, 0x00, 0x00,
    0x00, 0x00, 0x00, 0x00, 0x00, 0x6C, 0x00, 0x6C, 0x00, 0x10, 0x01, 0xCC, 0x03, 0xEC, 0x03, 0xE0,
    0x07, 0xE0, 0x0F, 0xC0, 0x0F, 0x00, 0x1E, 0x00, 0x38, 0x00, 0x30, 0x00, 0x00, 0x00, 0x00, 0x00,
    0x00, 0x00, 0x00, 0x00, 0x00, 0x00, 0x06, 0x60, 0x06, 0x60, 0x1F, 0xF8, 0x1F, 0xF8, 0x06, 0x60,
    0x06, 0x60, 0x1F, 0xF8, 0x1F, 0xF8, 0x06, 0x60, 0x06, 0x60, 0x00, 0x00, 0x00, 0x00, 0x00, 0x00,
    0x00, 0x00, 0x00, 0x00, 0x00, 0x00, 0x01, 0x80, 0x01, 0x80, 0x01, 0x80, 0x01, 0x80, 0x1F, 0xF8,
    0x1F, 0xF8, 0x01, 0x80, 0x01, 0x80, 0x01, 0x80, 0x01, 0x80, 0x00, 0x00, 0x00, 0x00, 0x00, 0x00,
    0x00, 0x00, 0x00, 0x00, 0x00, 0x00, 0x00, 0x00, 0x00, 0x00, 0x00, 0x00, 0x00, 0x00, 0x1F, 0xF8,
    0x1F, 0xF8, 0x00, 0x00, 0x00, 0x00, 0x00, 0x00, 0x00, 0x00, 0x00, 0x00, 0x00, 0x00, 0x00, 0x00,
    0x00, 0x00, 0x00, 0x00, 0x00, 0x00, 0x18, 0x18, 0x1C, 0x38, 0x0E, 0x70, 0x07, 0xE0, 0x03, 0xC0,
    0x03, 0xC0, 0x07, 0xE0, 0x0E, 0x70, 0x1C, 0x38, 0x18, 0x18, 0x00, 0x00, 0x00, 0x00, 0x00, 0x00,
    0x00, 0x00, 0x00, 0x00, 0x00, 0x00, 0x01, 0x80, 0x01, 0x80, 0x00, 0x00, 0x00, 0x00, 0x1F, 0xF8,
    0x1F, 0xF8, 0x00, 0x00, 0x00, 0x00, 0x01, 0x80, 0x01, 0x80, 0x00, 0x00, 0x00, 0x00, 0x00, 0x00,
    0x00, 0x00, 0x00, 0x00, 0x00, 0x00, 0x00, 0x00, 0x00, 0x00, 0x1F, 0xF8, 0x1F, 0xF8, 0x00, 0x00,
    0x00, 0x00, 0x1F, 0xF8, 0x1F, 0xF8, 0x00, 0x00, 0x00, 0x00, 0x00, 0x00, 0x00, 0x00, 0x00, 0x00,
    0x00, 0x00, 0x00, 0x00, 0x00, 0x00, 0x0F, 0xF0, 0x1F, 0xF8, 0x18, 0x18, 0x19, 0xD8, 0x1A, 0x58,
    0x1A, 0x58, 0x19, 0xD8, 0x18, 0x58, 0x1F, 0xD8, 0x0F, 0xB0, 0x00, 0x00, 0x00, 0x00, 0x00, 0x00,
    0x00, 0x00, 0x00, 0x00, 0x00, 0x00, 0x00, 0x00, 0x01, 0x80, 0x03, 0xC0, 0x03, 0xC0, 0x01, 0x80,
    0x00, 0x00, 0x01, 0x80, 0x01, 0x80, 0x03, 0xC0, 0x00, 0x00, 0x0F, 0xF0, 0x00, 0x00, 0x00, 0x00,
    0x00, 0x00, 0x00, 0x00, 0x0D, 0xB0, 0x0D, 0xB0, 0x0F, 0xF0, 0x00, 0x00, 0x07, 0xE0, 0x07, 0xE0,
    0x06, 0x60, 0x06, 0x60, 0x07, 0xE0, 0x0F, 0xF0, 0x00, 0x00, 0x0F, 0xF0, 0x00, 0x00, 0x00, 0x00,
    0x00, 0x00, 0x00, 0x00, 0x00, 0x00, 0x01, 0x00, 0x03, 0x40, 0x03, 0x40, 0x01, 0x80, 0x03, 0xC0,
    0x00, 0x00, 0x01, 0x80, 0x01, 0x80, 0x03, 0xC0, 0x00, 0x00, 0x0F, 0xF0, 0x00, 0x00, 0x00, 0x00,
    0x00, 0x00, 0x00, 0x00, 0x01, 0x80, 0x01, 0x80, 0x00, 0x00, 0x03, 0xC0, 0x03, 0xC0, 0x00, 0x00,
    0x01, 0x80, 0x01, 0x80, 0x01, 0x80, 0x03, 0xC0, 0x00, 0x00, 0x0F, 0xF0, 0x00, 0x00, 0x00, 0x00,
    0x00, 0x00, 0x00, 0x00, 0x01, 0x80, 0x03, 0xC0, 0x01, 0x80, 0x01, 0x80, 0x00, 0x00, 0x03, 0xC0,
    0x03, 0xC0, 0x01, 0x80, 0x01, 0x80, 0x03, 0xC0, 0x00, 0x00, 0x0F, 0xF0, 0x00, 0x00, 0x00, 0x00,
    0x00, 0x00, 0x00, 0x00, 0x07, 0xC0, 0x04, 0x60, 0x07, 0x20, 0x0D, 0xA0, 0x0F, 0xA0, 0x0D, 0xE0,
    0x01, 0xE0, 0x03, 0xC0, 0x03, 0xC0, 0x07, 0xE0, 0x00, 0x00, 0x0F, 0xF0, 0x00, 0x00, 0x00, 0x00,
    0x6F, 0xF6, 0xEF, 0xF7, 0xC0, 0x03, 0x1F, 0xF8, 0xD0, 0x0B, 0xD0, 0x0B, 0xD0, 0x0B, 0xD0, 0x0B,
    0xD0, 0x0B, 0xD0, 0x0B, 0xD0, 0x0B, 0xD0, 0x0B, 0x1F, 0xF8, 0xC0, 0x03, 0xEF, 0xF7, 0x6F, 0xF6,
    0x00, 0x00, 0x0C, 0x00, 0x16, 0x00, 0x27, 0x00, 0x47, 0x80, 0x43, 0xA0, 0x4D, 0xB0, 0x52, 0xB8,
    0x61, 0xBC, 0x4C, 0x9E, 0x00, 0x0E, 0x4C, 0x86, 0x4C, 0xBA, 0x4C, 0xBA, 0x7F, 0xFE, 0x00, 0x00,
    0x00, 0x00, 0x01, 0x80, 0x02, 0xC0, 0x1C, 0xE0, 0x18, 0xF0, 0x18, 0xB8, 0x39, 0xDC, 0x52, 0x76,
    0x44, 0x3A, 0x48, 0x1E, 0x50, 0x0E, 0x66, 0xE6, 0x06, 0xE0, 0x26, 0x04, 0x3F, 0xFC, 0x00, 0x00,
    0x00, 0x00, 0x01, 0x80, 0x06, 0xE0, 0x18, 0xF8, 0x60, 0xFE, 0x40, 0x7E, 0x41, 0x9E, 0x46, 0x66,
    0x59, 0x9A, 0x61, 0x86, 0x19, 0x98, 0x59, 0x9A, 0x59, 0x9A, 0x40, 0x02, 0x7F, 0xFE, 0x00, 0x00,
    0x00, 0x00, 0x3F, 0xFC, 0x20, 0x04, 0x2F, 0xF4, 0x3F, 0xFC, 0x00, 0x00, 0x2D, 0xB4, 0x20, 0x04,
    0x2D, 0xB4, 0x20, 0x04, 0x2D, 0xB4, 0x20, 0x04, 0x2D, 0xB4, 0x21, 0x84, 0x3F, 0xFC, 0x00, 0x00,
    0x00, 0x00, 0x3F, 0xFC, 0x20, 0x04, 0x2F, 0xF4, 0x2F, 0xF4, 0x3F, 0xFC, 0x00, 0x00, 0x2F, 0xF4,
    0x2B, 0xD4, 0x2B, 0xD4, 0x2F, 0xF4, 0x2A, 0x54, 0x2A, 0x54, 0x2E, 0x74, 0x20, 0x04, 0x00, 0x00,
    0x00, 0x00, 0x3F, 0xFC, 0x20, 0x04, 0x2F, 0xF4, 0x29, 0xF4, 0x29, 0xF4, 0x2F, 0xF4, 0x29, 0xF4,
    0x29, 0xF4, 0x3F, 0xFC, 0x00, 0x00, 0x2F, 0xF4, 0x2A, 0x54, 0x2A, 0x54, 0x20, 0x04, 0x00, 0x00,
    0x00, 0x00, 0x3F, 0xFC, 0x20, 0x04, 0x2F, 0xF4, 0x2F, 0xF4, 0x2F, 0xF4, 0x2F, 0xF4, 0x3F, 0xFC,
    0x00, 0x00, 0x2D, 0xB4, 0x20, 0x04, 0x2D, 0xB4, 0x21, 0x84, 0x21, 0x84, 0x3F, 0xFC, 0x00, 0x00,
    0x00, 0x00, 0x3F, 0xFC, 0x20, 0x04, 0x2F, 0xF4, 0x29, 0xF4, 0x29, 0xF4, 0x2F, 0xF4, 0x2F, 0xF4,
    0x3F, 0xFC, 0x00, 0x00, 0x2D, 0xB4, 0x20, 0x04, 0x2D, 0xB4, 0x2C, 0x04, 0x3F, 0xFC, 0x00, 0x00,
    0x00, 0x00, 0x00, 0x00, 0x03, 0xC0, 0x04, 0x20, 0x0C, 0x30, 0x14, 0x28, 0x17, 0xE8, 0x38, 0x1C,
    0x3F, 0xFC, 0x3C, 0x3C, 0x39, 0x1C, 0x38, 0x9C, 0x19, 0x18, 0x00, 0x80, 0x01, 0x00, 0x00, 0x00,
    0x00, 0x00, 0x00, 0x00, 0x1F, 0xF8, 0x10, 0x08, 0x10, 0x08, 0x17, 0xE8, 0x17, 0xE8, 0x17, 0xE8,
    0x17, 0xE8, 0x1F, 0xF8, 0x18, 0x18, 0x07, 0xE0, 0x0B, 0xD0, 0x08, 0x10, 0x00, 0x00, 0x00, 0x00,
    0x00, 0x00, 0x00, 0x00, 0x00, 0x00, 0x00, 0x00, 0x3F, 0xFC, 0x20, 0x04, 0x2F, 0xF4, 0x2F, 0xF4,
    0x3F, 0xFC, 0x20, 0x04, 0x3F, 0xFC, 0x00, 0x00, 0x1F, 0xF8, 0x0C, 0x30, 0x00, 0x00, 0x00, 0x00,
    0x00, 0x00, 0x00, 0x00, 0x3F, 0xFC, 0x20, 0x04, 0x2F, 0xF4, 0x2F, 0xF4, 0x3F, 0xFC, 0x20, 0x04,
    0x3F, 0xFC, 0x00, 0x00, 0x1F, 0xF8, 0x11, 0x88, 0x0D, 0xB0, 0x0C, 0x30, 0x00, 0x00, 0x00, 0x00,
    0x00, 0x00, 0x09, 0x90, 0x0D, 0xB0, 0x09, 0x90, 0x69, 0x96, 0x69, 0x96, 0x68, 0x16, 0x6F, 0xF6,
    0x29, 0x94, 0x29, 0x94, 0x0F, 0xF0, 0x0F, 0xF0, 0x0F, 0xF0, 0x0F, 0xF0, 0x07, 0xE0, 0x00, 0x00,
    0x00, 0x00, 0x07, 0xE0, 0x0C, 0x30, 0x0F, 0xF0, 0x0F, 0xF0, 0x08, 0x10, 0x29, 0x94, 0x29, 0x94,
    0x69, 0x96, 0x68, 0x16, 0x6F, 0xF6, 0x6D, 0xB6, 0x0A, 0x50, 0x0D, 0xB0, 0x07, 0xE0, 0x00, 0x00,
    0x00, 0x00, 0x00, 0x00, 0x3F, 0xC0, 0x21, 0xA0, 0x60, 0x90, 0x7F, 0xDC, 0x3F, 0xBE, 0x20, 0x9E,
    0x20, 0x5E, 0x60, 0x3E, 0x6F, 0x8E, 0x2F, 0x0E, 0x2E, 0xFC, 0x0C, 0x00, 0x00, 0x00, 0x00, 0x00,
    0x00, 0x00, 0x0B, 0xD0, 0x07, 0xE0, 0x0B, 0xD0, 0x10, 0x08, 0x0F, 0xF0, 0x09, 0x20, 0x04, 0x90,
    0x02, 0x40, 0x2F, 0xF4, 0x20, 0x04, 0x27, 0xE4, 0x0B, 0xD0, 0x07, 0xE0, 0x0B, 0xD0, 0x00, 0x00,
    0x00, 0x00, 0x48, 0x00, 0x48, 0x00, 0x48, 0x00, 0x48, 0x00, 0x48, 0x00, 0x48, 0x00, 0x48, 0x00,
    0x66, 0x00, 0x61, 0xFE, 0x30, 0x00, 0x3C, 0x00, 0x1F, 0xFE, 0x0F, 0xFE, 0x03, 0xFE, 0x00, 0x00,
    0x00, 0x00, 0x00, 0x00, 0x00, 0x00, 0x00, 0x00, 0x00, 0x00, 0x00, 0x00, 0x00, 0x00, 0x00, 0x00,
    0x00, 0x00, 0x7F, 0xFE, 0x00, 0x00, 0x00, 0x00, 0x7F, 0xFE, 0x7F, 0xFE, 0x7F, 0xFE, 0x00, 0x00,
    0x00, 0x00, 0x00, 0x12, 0x00, 0x12, 0x00, 0x12, 0x00, 0x12, 0x00, 0x12, 0x00, 0x12, 0x00, 0x12,
    0x00, 0x66, 0x7F, 0x86, 0x00, 0x0C, 0x00, 0x3C, 0x7F, 0xF8, 0x7F, 0xF0, 0x7F, 0xC0, 0x00, 0x00,
    0x00, 0x00, 0x01, 0x80, 0x03, 0xC0, 0x07, 0xE0, 0x01, 0x80, 0x11, 0x88, 0x33, 0xCC, 0x7E, 0x7E,
    0x7E, 0x7E, 0x33, 0xCC, 0x11, 0x88, 0x01, 0x80, 0x07, 0xE0, 0x03, 0xC0, 0x01, 0x80, 0x00, 0x00,
    0x00, 0x00, 0x00, 0x00, 0x00, 0x00, 0x00, 0x00, 0x18, 0x18, 0x38, 0x1C, 0x7E, 0x7E, 0x7F, 0xFE,
    0x3B, 0xDC, 0x19, 0x98, 0x01, 0x80, 0x01, 0x80, 0x00, 0x00, 0x00, 0x00, 0x00, 0x00, 0x00, 0x00,
    0x00, 0x00, 0x01, 0x80, 0x03, 0xC0, 0x07, 0xE0, 0x07, 0xE0, 0x01, 0x80, 0x01, 0x80, 0x01, 0x80,
    0x01, 0x80, 0x01, 0x80, 0x01, 0x80, 0x07, 0xE0, 0x07, 0xE0, 0x03, 0xC0, 0x01, 0x80, 0x00, 0x00,
    0x00, 0x00, 0x00, 0x00, 0x00, 0x00, 0x00, 0x00, 0x00, 0x00, 0x18, 0x18, 0x38, 0x1C, 0x7F, 0xFE,
    0x7F, 0xFE, 0x38, 0x1C, 0x18, 0x18, 0x00, 0x00, 0x00, 0x00, 0x00, 0x00, 0x00, 0x00, 0x00, 0x00,
    0x00, 0x00, 0x00, 0x00, 0x00, 0x00, 0x01, 0x80, 0x02, 0x40, 0x05, 0xA0, 0x0B, 0xD0, 0x17, 0xE8,
    0x2E, 0x74, 0x2D, 0xB4, 0x32, 0x4C, 0x1C, 0x38, 0x00, 0x00, 0x00, 0x00, 0x00, 0x00, 0x00, 0x00,
    0x00, 0x00, 0x00, 0x00, 0x07, 0x00, 0x0C, 0x80, 0x0B, 0x40, 0x0B, 0xA0, 0x05, 0xD0, 0x02, 0xE8,
    0x02, 0xE8, 0x05, 0xD0, 0x0B, 0xA0, 0x0B, 0x40, 0x0C, 0x80, 0x07, 0x00, 0x00, 0x00, 0x00, 0x00,
    0x00, 0x00, 0x00, 0x00, 0x00, 0x00, 0x00, 0x00, 0x1C, 0x38, 0x32, 0x4C, 0x2D, 0xB4, 0x2E, 0x74,
    0x17, 0xE8, 0x0B, 0xD0, 0x05, 0xA0, 0x02, 0x40, 0x01, 0x80, 0x00, 0x00, 0x00, 0x00, 0x00, 0x00,
    0x00, 0x00, 0x00, 0x00, 0x00, 0xE0, 0x01, 0x30, 0x02, 0xD0, 0x05, 0xD0, 0x0B, 0xA0, 0x17, 0x40,
    0x17, 0x40, 0x0B, 0xA0, 0x05, 0xD0, 0x02, 0xD0, 0x01, 0x30, 0x00, 0xE0, 0x00, 0x00, 0x00, 0x00,
    0x00, 0x00, 0x00, 0x00, 0x00, 0x00, 0x00, 0x00, 0x07, 0xE0, 0x0C, 0x30, 0x09, 0x90, 0x0B, 0xD0,
    0x0B, 0xD0, 0x09, 0x90, 0x0C, 0x30, 0x07, 0xE0, 0x00, 0x00, 0x00, 0x00, 0x00, 0x00, 0x00, 0x00,
    0x00, 0x00, 0x01, 0x80, 0x02, 0x40, 0x05, 0xA0, 0x0B, 0xD0, 0x17, 0xE8, 0x2F, 0xF4, 0x2F, 0xF4,
    0x23, 0xC4, 0x3B, 0xDC, 0x0B, 0xD0, 0x0B, 0xD0, 0x0B, 0xD0, 0x08, 0x10, 0x0F, 0xF0, 0x00, 0x00,
    0x00, 0x00, 0x00, 0x00, 0x03, 0xC0, 0x02, 0x20, 0x7E, 0xD0, 0x40, 0xE8, 0x5F, 0xF4, 0x5F, 0xFA,
    0x5F, 0xFA, 0x5F, 0xF4, 0x40, 0xE8, 0x7E, 0xD0, 0x02, 0x20, 0x03, 0xC0, 0x00, 0x00, 0x00, 0x00,
    0x00, 0x00, 0x0F, 0xF0, 0x08, 0x10, 0x0B, 0xD0, 0x0B, 0xD0, 0x0B, 0xD0, 0x3B, 0xDC, 0x23, 0xC4,
    0x2F, 0xF4, 0x2F, 0xF4, 0x17, 0xE8, 0x0B, 0xD0, 0x05, 0xA0, 0x02, 0x40, 0x01, 0x80, 0x00, 0x00,
    0x00, 0x00, 0x00, 0x00, 0x03, 0xC0, 0x04, 0x40, 0x0B, 0x7E, 0x17, 0x02, 0x2F, 0xFA, 0x5F, 0xFA,
    0x5F, 0xFA, 0x2F, 0xFA, 0x17, 0x02, 0x0B, 0x7E, 0x04, 0x40, 0x03, 0xC0, 0x00, 0x00, 0x00, 0x00,
    0x00, 0x00, 0x00, 0x00, 0x00, 0x7C, 0x00, 0x3C, 0x00, 0x9C, 0x01, 0xAC, 0x01, 0xB4, 0x05, 0xB0,
    0x0D, 0xA0, 0x05, 0x80, 0x05, 0x80, 0x09, 0x00, 0x10, 0x00, 0x20, 0x00, 0x00, 0x00, 0x00, 0x00,
    0x00, 0x00, 0x00, 0x00, 0x00, 0x3C, 0x00, 0x7C, 0x00, 0xBC, 0x0D, 0xDC, 0x3B, 0xE8, 0x77, 0xF0,
    0x6F, 0xE0, 0x1D, 0xC0, 0x0B, 0xA0, 0x17, 0x60, 0x1A, 0xC0, 0x01, 0xC0, 0x01, 0x80, 0x00, 0x00,
    0x00, 0x00, 0x00, 0x00, 0x00, 0x1C, 0x00, 0x2C, 0x00, 0x74, 0x0E, 0xD8, 0x1D, 0xF0, 0x3B, 0xE0,
    0x07, 0xC0, 0x09, 0xA0, 0x15, 0x60, 0x0A, 0xE0, 0x14, 0xC0, 0x20, 0x80, 0x00, 0x00, 0x00, 0x00,
    0x00, 0x00, 0x01, 0x80, 0x02, 0x40, 0x02, 0x40, 0x05, 0xA0, 0x05, 0xA0, 0x0B, 0xD0, 0x0A, 0x50,
    0x16, 0x68, 0x16, 0x68, 0x2F, 0xF4, 0x2E, 0x74, 0x5F, 0xFA, 0x40, 0x02, 0x3F, 0xFC, 0x00, 0x00,
    0x00, 0x00, 0x3F, 0xFC, 0x40, 0x02, 0x5F, 0xFA, 0x5F, 0xFA, 0x5C, 0x3A, 0x58, 0x1A, 0x5A, 0x5A,
    0x58, 0x1A, 0x5E, 0x7A, 0x5E, 0x7A, 0x5F, 0xFA, 0x5F, 0xFA, 0x40, 0x02, 0x3F, 0xFC, 0x00, 0x00,
    0x00, 0x00, 0x07, 0xE0, 0x18, 0x18, 0x27, 0xE4, 0x2B, 0xF4, 0x51, 0xFA, 0x58, 0xFA, 0x5C, 0x7A,
    0x5E, 0x3A, 0x5F, 0x1A, 0x5F, 0x8A, 0x2F, 0xD4, 0x27, 0xE4, 0x18, 0x18, 0x07, 0xE0, 0x00, 0x00,
    0x00, 0x00, 0x01, 0x80, 0x02, 0x40, 0x02, 0x40, 0x05, 0xA0, 0x05, 0xA0, 0x0B, 0xD0, 0x0B, 0xD0,
    0x15, 0xA8, 0x16, 0x68, 0x2E, 0x74, 0x2D, 0xB4, 0x5F, 0xFA, 0x40, 0x02, 0x3F, 0xFC, 0x00, 0x00,
    0x00, 0x00, 0x3F, 0xFC, 0x40, 0x02, 0x5F, 0xFA, 0x5F, 0xFA, 0x5F, 0xFA, 0x5F, 0xFA, 0x58, 0x1A,
    0x58, 0x1A, 0x5F, 0xFA, 0x5F, 0xFA, 0x5F, 0xFA, 0x5F, 0xFA, 0x40, 0x02, 0x3F, 0xFC, 0x00, 0x00,
    0x00, 0x00, 0x07, 0xE0, 0x18, 0x18, 0x27, 0xE4, 0x2B, 0xD4, 0x51, 0x8A, 0x59, 0x9A, 0x5E, 0x7A,
    0x5E, 0x7A, 0x5F, 0xFA, 0x5E, 0x7A, 0x2C, 0x34, 0x27, 0xE4, 0x18, 0x18, 0x07, 0xE0, 0x00, 0x00,
    0x00, 0x00, 0x00, 0x00, 0x00, 0x00, 0x0F, 0xF0, 0x1F, 0xF8, 0x18, 0x18, 0x19, 0xD8, 0x1A, 0x18,
    0x1A, 0x18, 0x19, 0xD8, 0x18, 0x18, 0x1F, 0xF8, 0x0F, 0xF0, 0x00, 0x00, 0x00, 0x00, 0x00, 0x00,
    0x00, 0x00, 0x00, 0x00, 0x07, 0xE0, 0x0C, 0x30, 0x09, 0x90, 0x0B, 0xD0, 0x0B, 0xD0, 0x09, 0x90,
    0x0C, 0x30, 0x0D, 0xB0, 0x09, 0x90, 0x3B, 0xDC, 0x20, 0x04, 0x2F, 0xF4, 0x20, 0x04, 0x3F, 0xFC,
    0x3F, 0xFC, 0x20, 0x04, 0x2D, 0xB4, 0x2D, 0xB4, 0x2F, 0xF4, 0x20, 0x04, 0x37, 0xEC, 0x17, 0xE8,
    0x16, 0x68, 0x36, 0x6C, 0x27, 0xE4, 0x2F, 0xF4, 0x20, 0x04, 0x2F, 0xF4, 0x20, 0x04, 0x3F, 0xFC,
    0x00, 0x00, 0x07, 0xE0, 0x0C, 0x30, 0x09, 0x10, 0x0B, 0x50, 0x0B, 0x50, 0x09, 0x90, 0x0B, 0xD0,
    0x08, 0x10, 0x0D, 0xB0, 0x09, 0x90, 0x3B, 0xDC, 0x20, 0x04, 0x2F, 0xF4, 0x20, 0x04, 0x3F, 0xFC,
    0x07, 0xE0, 0x04, 0x20, 0x05, 0xA0, 0x0D, 0xB0, 0x08, 0x10, 0x0B, 0xD0, 0x0B, 0xD0, 0x08, 0x10,
    0x0D, 0xB0, 0x0D, 0xB0, 0x09, 0x90, 0x3B, 0xDC, 0x20, 0x04, 0x2F, 0xF4, 0x20, 0x04, 0x3F, 0xFC,
    0x07, 0xE0, 0x0C, 0x30, 0x09, 0x90, 0x0B, 0xD0, 0x09, 0x90, 0x0D, 0xB0, 0x08, 0x10, 0x0B, 0xD0,
    0x0B, 0xD0, 0x09, 0x90, 0x09, 0x90, 0x3B, 0xDC, 0x20, 0x04, 0x2F, 0xF4, 0x20, 0x04, 0x3F, 0xFC,
    0x1F, 0xF0, 0x10, 0x18, 0x17, 0xC8, 0x34, 0x68, 0x27, 0x28, 0x2D, 0xA8, 0x2F, 0xA8, 0x2D, 0xE8,
    0x21, 0xE8, 0x33, 0xC8, 0x13, 0xC8, 0x37, 0xEC, 0x20, 0x04, 0x2F, 0xF4, 0x20, 0x04, 0x3F, 0xFC,
    0xE0, 0x07, 0xB7, 0xED, 0xE0, 0x07, 0x5F, 0xFA, 0x10, 0x08, 0x50, 0x0A, 0x50, 0x0A, 0x50, 0x0A,
    0x50, 0x0A, 0x50, 0x0A, 0x50, 0x0A, 0x10, 0x08, 0x5F, 0xFA, 0xE0, 0x07, 0xB7, 0xED, 0xE0, 0x07
        };

        private const int SpriteSize = 16;
        private const int SpriteBytes = 32;

        public static void DrawSprite(
    Graphics g,
    int spriteIndex,
    int x,
    int y,
    Color color)
        {
            const int SpriteSize = 16;
            const int SpriteBytes = 32;

            int offset = spriteIndex * SpriteBytes;

            if (offset < 0 || offset + SpriteBytes > sprites.Length)
                return;

            using var brush = new SolidBrush(color);

            for (int row = 0; row < 16; row++)
            {
                byte left = sprites[offset + row * 2];
                byte right = sprites[offset + row * 2 + 1];

                for (int bit = 0; bit < 8; bit++)
                {
                    if ((left & (1 << (7 - bit))) != 0)
                        g.FillRectangle(
                            brush,
                            x + bit * 2,
                            y + row * 2,
                            2,
                            2);

                    if ((right & (1 << (7 - bit))) != 0)
                        g.FillRectangle(
                            brush,
                            x + (8 + bit) * 2,
                            y + row * 2,
                            2,
                            2);
                }
            }
        }
    }
}